Order_ID,Customer_ID,Product_ID,Order_Date,Shipping_Date,Sales,Quantity,Discount,Profit,Unit_Price
1,89,1566,29/03/2019,04/04/2019,79.4000,5,0.20,5.9550,15.6800
2,244,343,14/07/2019,23/07/2019,375.4575,3,0.45,-157.0095,124.7025
3,291,558,01/02/2019,18/02/2019,23.7600,3,0.20,2.0790,7.7200
4,613,1135,13/03/2019,23/03/2019,142.4000,5,0.00,52.6880,28.4800
5,390,641,15/10/2019,02/11/2019,94.8500,5,0.00,45.5280,18.9700
6,213,862,31/05/2019,29/06/2019,340.1820,3,0.40,-73.7061,112.9940
7,550,24,02/09/2019,01/10/2019,203.9200,5,0.20,22.9410,40.5840
8,12,489,17/07/2019,04/08/2019,51.7500,5,0.00,24.8400,10.3500
9,768,589,21/07/2019,08/08/2019,15.2800,2,0.00,7.4872,7.6400
10,678,833,19/11/2019,13/12/2019,154.7640,3,0.40,-46.4292,51.1880
11,105,392,18/02/2019,09/03/2019,73.3200,6,0.00,21.9960,12.2200
12,224,1530,02/01/2019,13/01/2019,45.3600,7,0.00,21.7728,6.4800
13,728,257,24/11/2019,29/11/2019,8.3200,5,0.20,2.8080,1.4640
14,547,526,17/06/2019,23/06/2019,9.7280,2,0.20,3.2832,4.6640
15,310,734,04/07/2019,02/08/2019,1297.3680,9,0.20,97.3026,143.9520
16,789,368,12/03/2019,07/04/2019,72.5880,2,0.70,-128.2388,35.5940
17,649,1050,05/08/2019,26/08/2019,254.3520,3,0.20,0.0000,84.5840
18,495,617,14/11/2019,01/12/2019,557.7280,4,0.20,6.9716,139.2320
19,610,187,21/09/2019,16/10/2019,2.9460,3,0.80,-4.8609,0.1820
20,308,118,12/12/2019,29/12/2019,226.5600,6,0.00,63.4368,37.7600
21,485,1259,31/05/2019,28/06/2019,2.8160,2,0.20,0.9856,1.2080
22,157,1572,07/10/2019,20/10/2019,335.9440,7,0.20,41.9930,47.7920
23,584,912,31/10/2019,16/11/2019,15.1200,3,0.20,4.9140,4.8400
24,451,857,03/06/2019,28/06/2019,22.3800,2,0.00,10.7424,11.1900
25,437,899,28/10/2019,13/11/2019,1575.1400,7,0.00,204.7682,225.0200
26,230,699,07/12/2019,11/12/2019,10.4760,3,0.60,-6.8094,2.8920
27,292,1191,27/08/2019,16/09/2019,55.6000,4,0.00,16.1240,13.9000
28,326,1496,02/08/2019,08/08/2019,15.9360,4,0.20,5.1792,3.7840
29,671,325,09/02/2019,12/02/2019,11.1200,4,0.00,2.8912,2.7800
30,520,1557,03/10/2019,07/10/2019,21.3600,8,0.00,8.1168,2.6700
31,683,1732,22/05/2019,30/05/2019,10.7100,3,0.00,2.7846,3.5700
32,589,859,02/03/2019,17/03/2019,15.6600,5,0.70,-12.5280,2.4320
33,628,578,02/12/2019,18/12/2019,831.2000,5,0.00,124.6800,166.2400
34,301,699,09/10/2019,06/11/2019,34.9200,4,0.00,11.8728,8.7300
35,273,491,10/10/2019,29/10/2019,25.9200,4,0.00,12.4416,6.4800
36,89,986,08/01/2019,05/02/2019,149.9500,5,0.00,44.9850,29.9900
37,648,92,20/06/2019,23/06/2019,13.1840,1,0.20,4.7792,12.9840
38,108,7,02/06/2019,06/06/2019,4.3680,3,0.20,0.3822,1.2560
39,258,332,02/12/2019,01/01/2020,159.9900,1,0.00,54.3966,159.9900
40,149,1427,21/06/2019,18/07/2019,146.8200,3,0.00,73.4100,48.9400
41,575,1125,07/03/2019,17/03/2019,23.9760,4,0.40,-15.5844,5.5940
42,597,695,13/11/2019,12/12/2019,38.4320,1,0.20,13.4512,38.2320
43,547,248,14/03/2019,06/04/2019,89.9700,3,0.00,39.5868,29.9900
44,72,1728,09/09/2019,06/10/2019,1649.9500,5,0.00,659.9800,329.9900
45,170,1752,19/02/2019,26/02/2019,220.7040,6,0.20,-8.2764,36.5840
46,179,866,23/03/2019,25/03/2019,80.9800,1,0.00,1.6196,80.9800
47,639,891,06/09/2019,06/10/2019,16.2300,3,0.00,7.9527,5.4100
48,502,3,13/05/2019,26/05/2019,17.5440,3,0.20,5.9211,5.6480
49,428,399,06/02/2019,14/02/2019,47.6160,3,0.20,3.5712,15.6720
50,20,1730,25/06/2019,24/07/2019,355.3600,4,0.00,92.3936,88.8400
51,7,1403,03/11/2019,25/11/2019,288.2400,6,0.00,138.3552,48.0400
52,387,684,10/03/2019,30/03/2019,37.5200,5,0.20,3.7520,7.3040
53,352,165,20/07/2019,08/08/2019,182.2200,3,0.00,45.5550,60.7400
54,255,206,19/07/2019,13/08/2019,4.7300,1,0.00,2.3177,4.7300
55,276,1098,28/09/2019,07/10/2019,3.5520,2,0.20,0.4440,1.5760
56,682,248,03/02/2019,04/02/2019,95.9680,4,0.20,28.7904,23.7920
57,793,223,02/11/2019,05/11/2019,19.1040,3,0.20,5.7312,6.1680
58,717,261,20/10/2019,03/11/2019,19.4400,3,0.00,9.3312,6.4800
59,121,819,07/09/2019,22/09/2019,34.0800,2,0.00,15.6768,17.0400
60,534,817,13/03/2019,02/04/2019,11.5600,2,0.00,5.6644,5.7800
61,17,921,07/08/2019,14/08/2019,61.9600,4,0.50,-53.2856,14.9900
62,2,700,21/11/2019,26/11/2019,3.4860,2,0.70,-2.7888,1.0430
63,203,432,19/07/2019,22/07/2019,279.9600,5,0.20,17.4975,55.7920
64,623,199,02/03/2019,30/03/2019,41.6000,4,0.20,13.0000,10.2000
65,724,727,06/09/2019,03/10/2019,15.2400,3,0.00,7.1628,5.0800
66,742,93,12/01/2019,29/01/2019,37.8800,2,0.00,18.9400,18.9400
67,288,579,01/11/2019,08/11/2019,10.6880,2,0.20,3.7408,5.1440
68,595,1119,24/07/2019,11/08/2019,139.9500,5,0.00,26.5905,27.9900
69,705,1293,20/01/2019,23/01/2019,15.5520,3,0.20,5.4432,4.9840
70,784,1138,15/11/2019,02/12/2019,575.9680,4,0.20,43.1976,143.7920
71,787,1123,14/09/2019,10/10/2019,53.9520,3,0.20,17.5344,17.7840
72,494,360,10/06/2019,19/06/2019,19.5360,3,0.20,4.8840,6.3120
73,154,1032,24/07/2019,26/07/2019,10.0800,4,0.20,3.5280,2.3200
74,563,1023,12/04/2019,24/04/2019,21.4880,2,0.20,1.6116,10.5440
75,532,34,01/02/2019,06/02/2019,56.7840,7,0.20,20.5842,7.9120
76,688,82,20/01/2019,28/01/2019,200.9840,7,0.20,62.8075,28.5120
77,296,786,24/11/2019,20/12/2019,10.2720,3,0.20,1.1556,3.2240
78,395,1789,22/04/2019,10/05/2019,31.1040,6,0.20,10.8864,4.9840
79,193,692,27/04/2019,30/04/2019,44.9100,6,0.70,-35.9280,6.7850
80,283,494,02/01/2019,13/01/2019,21.8800,5,0.20,6.2905,4.1760
81,517,476,27/09/2019,08/10/2019,354.9000,5,0.00,88.7250,70.9800
82,154,1281,31/08/2019,19/09/2019,376.5090,3,0.30,-43.0296,125.2030
83,788,94,08/09/2019,15/09/2019,124.1100,9,0.00,52.1262,13.7900
84,580,1026,04/03/2019,10/03/2019,2.3340,3,0.80,-6.3018,-0.0220
85,793,61,12/01/2019,05/02/2019,27.9600,5,0.20,8.3880,5.3920
86,572,829,15/05/2019,24/05/2019,119.8330,1,0.15,-12.6882,119.6830
87,358,227,27/06/2019,28/06/2019,66.6880,1,0.20,4.1680,66.4880
88,375,1032,11/09/2019,08/10/2019,18.9000,6,0.00,9.0720,3.1500
89,548,768,16/02/2019,20/02/2019,67.3440,6,0.20,7.5762,11.0240
90,613,279,28/08/2019,11/09/2019,26.8000,2,0.00,12.8640,13.4000
91,578,1086,10/10/2019,11/10/2019,12.5300,1,0.00,5.8891,12.5300
92,765,380,12/01/2019,01/02/2019,42.6000,3,0.00,16.6140,14.2000
93,199,1525,13/04/2019,14/04/2019,32.8960,4,0.20,11.1024,8.0240
94,66,1681,07/05/2019,21/05/2019,97.9800,2,0.00,27.4344,48.9900
95,307,569,11/03/2019,31/03/2019,343.8500,5,0.00,137.5400,68.7700
96,335,1186,04/10/2019,28/10/2019,666.4000,7,0.20,-33.3200,95.0000
97,258,685,10/09/2019,11/09/2019,18.4800,2,0.20,6.0060,9.0400
98,225,555,25/11/2019,01/12/2019,11.0600,10,0.80,-18.8020,0.3060
99,435,418,09/02/2019,06/03/2019,110.9600,2,0.00,53.2608,55.4800
100,766,34,19/05/2019,23/05/2019,14.9400,3,0.00,7.0218,4.9800
101,768,1792,31/08/2019,23/09/2019,127.9360,8,0.20,4.7976,15.7920
102,65,154,29/11/2019,06/12/2019,31.1200,4,0.00,14.6264,7.7800
103,44,989,29/05/2019,26/06/2019,2.0250,1,0.70,-1.3500,1.3250
104,548,456,02/11/2019,29/11/2019,21.1680,9,0.20,2.3814,2.1520
105,762,618,14/05/2019,21/05/2019,9.9120,3,0.20,3.2214,3.1040
106,242,784,23/05/2019,14/06/2019,129.9300,3,0.00,12.9930,43.3100
107,659,53,05/03/2019,13/03/2019,8.7200,4,0.00,3.5752,2.1800
108,393,1317,11/03/2019,22/03/2019,11.9600,2,0.00,5.8604,5.9800
109,204,887,19/12/2019,09/01/2020,19.7600,2,0.20,5.9280,9.6800
110,518,805,14/09/2019,25/09/2019,6.4800,4,0.70,-4.7520,0.9200
111,153,1601,25/01/2019,12/02/2019,5.2480,2,0.20,0.5904,2.4240
112,628,908,03/01/2019,24/01/2019,107.9400,3,0.00,26.9850,35.9800
113,72,9,27/01/2019,30/01/2019,30.8400,4,0.00,13.8780,7.7100
114,96,264,02/09/2019,15/09/2019,17.0500,5,0.00,8.1840,3.4100
115,641,526,03/07/2019,04/07/2019,1.8240,1,0.70,-1.3984,1.1240
116,581,1753,23/05/2019,12/06/2019,57.5680,4,0.20,5.7568,14.1920
117,141,155,18/10/2019,01/11/2019,55.3600,4,0.20,19.3760,13.6400
118,183,1239,15/02/2019,08/03/2019,26.2000,4,0.00,12.0520,6.5500
119,406,77,18/10/2019,01/11/2019,19.3000,2,0.00,5.7900,9.6500
120,613,1379,01/01/2019,11/01/2019,4.9280,2,0.20,0.7392,2.2640
121,684,247,15/07/2019,12/08/2019,1633.1400,9,0.00,473.6106,181.4600
122,348,479,18/11/2019,05/12/2019,254.2400,7,0.00,76.2720,36.3200
123,327,27,29/09/2019,04/10/2019,2396.2656,4,0.32,-317.1528,598.7464
124,476,647,02/08/2019,08/08/2019,71.9600,5,0.20,7.1960,14.1920
125,456,370,10/12/2019,05/01/2020,19.9800,1,0.00,9.3906,19.9800
126,194,1031,28/11/2019,03/12/2019,31.7440,2,0.20,3.9680,15.6720
127,703,851,28/08/2019,16/09/2019,362.9400,3,0.00,90.7350,120.9800
128,630,555,17/02/2019,20/02/2019,11.0600,10,0.80,-18.8020,0.3060
129,289,70,06/08/2019,20/08/2019,5.0800,1,0.20,1.6510,4.8800
130,265,412,21/12/2019,26/12/2019,1272.6300,6,0.50,-814.4832,211.6050
131,623,519,17/07/2019,27/07/2019,1606.2300,9,0.00,481.8690,178.4700
132,630,1008,17/03/2019,23/03/2019,179.9400,6,0.00,75.5748,29.9900
133,364,713,01/06/2019,13/06/2019,257.4990,3,0.15,24.2352,85.6830
134,399,90,03/11/2019,07/11/2019,15.5520,3,0.20,5.4432,4.9840
135,391,427,22/08/2019,19/09/2019,338.0400,3,0.20,-33.8040,112.4800
136,387,571,18/05/2019,31/05/2019,14.3520,3,0.20,4.6644,4.5840
137,162,871,26/05/2019,14/06/2019,599.9000,10,0.00,191.9680,59.9900
138,292,796,27/08/2019,01/09/2019,162.6000,3,0.00,34.1460,54.2000
139,609,992,14/08/2019,06/09/2019,121.6000,5,0.20,39.5200,24.1200
140,290,986,11/12/2019,28/12/2019,59.9800,2,0.00,17.9940,29.9900
141,511,1228,07/10/2019,30/10/2019,1856.1900,7,0.00,334.1142,265.1700
142,564,813,01/02/2019,25/02/2019,3.1500,1,0.00,1.5120,3.1500
143,774,585,10/04/2019,02/05/2019,863.1280,8,0.30,-160.2952,107.5910
144,50,918,29/03/2019,17/04/2019,12.3900,3,0.00,5.8233,4.1300
145,333,76,22/05/2019,31/05/2019,90.8000,8,0.00,25.4240,11.3500
146,797,1363,28/02/2019,19/03/2019,25.1280,3,0.60,-6.9102,7.7760
147,471,1034,07/04/2019,24/04/2019,50.1200,7,0.20,-0.6265,6.9600
148,787,693,15/08/2019,25/08/2019,456.5880,2,0.70,-304.3920,227.5940
149,187,698,16/10/2019,29/10/2019,68.4720,3,0.20,23.1093,22.6240
150,155,1544,25/07/2019,16/08/2019,12.6240,2,0.20,-2.5248,6.1120
151,295,1334,01/02/2019,09/02/2019,14.2720,8,0.20,4.2816,1.5840
152,154,1804,22/08/2019,27/08/2019,5.9800,1,0.00,2.9302,5.9800
153,327,1366,21/12/2019,05/01/2020,133.3800,6,0.00,58.6872,22.2300
154,200,1574,22/04/2019,29/04/2019,166.5000,2,0.40,-66.6000,82.8500
155,142,136,08/08/2019,20/08/2019,16.4640,7,0.20,1.4406,2.1520
156,604,443,27/12/2019,30/12/2019,30.8000,4,0.00,10.1640,7.7000
157,360,931,05/01/2019,09/01/2019,87.3600,6,0.00,23.5872,14.5600
158,156,198,19/02/2019,04/03/2019,91.9900,1,0.00,3.6796,91.9900
159,241,976,07/04/2019,29/04/2019,80.8800,3,0.00,39.6312,26.9600
160,782,1826,06/09/2019,15/09/2019,7.8800,4,0.00,2.5216,1.9700
161,168,85,16/02/2019,17/03/2019,47.9760,3,0.20,8.3958,15.7920
162,565,979,03/01/2019,29/01/2019,29.8000,5,0.20,9.3125,5.7600
163,306,1613,12/12/2019,22/12/2019,12.6000,2,0.00,5.7960,6.3000
164,44,1063,18/06/2019,11/07/2019,843.9000,2,0.00,371.3160,421.9500
165,3,1197,22/07/2019,01/08/2019,359.9700,5,0.40,-71.9940,71.5940
166,58,481,12/04/2019,22/04/2019,132.2240,4,0.20,-18.1808,32.8560
167,28,155,08/02/2019,25/02/2019,13.8400,4,0.80,-22.1440,2.6600
168,682,1425,03/08/2019,15/08/2019,10.5600,2,0.00,4.7520,5.2800
169,498,109,05/05/2019,06/05/2019,121.5360,4,0.20,15.1920,30.1840
170,666,670,25/01/2019,06/02/2019,102.3680,2,0.20,37.1084,50.9840
171,631,1312,07/09/2019,21/09/2019,176.0400,4,0.00,45.7704,44.0100
172,700,162,02/01/2019,09/01/2019,179.9700,3,0.00,44.9925,59.9900
173,556,222,30/12/2019,26/01/2020,419.6800,5,0.60,-356.7280,83.3360
174,184,444,13/10/2019,31/10/2019,45.2400,4,0.70,-30.1600,10.6100
175,514,1031,27/03/2019,09/04/2019,79.3600,4,0.00,23.8080,19.8400
176,547,562,08/01/2019,22/01/2019,609.9800,4,0.30,-113.2820,152.1950
177,715,613,05/01/2019,23/01/2019,30.9600,2,0.20,10.0620,15.2800
178,749,42,22/06/2019,03/07/2019,124.6080,4,0.20,-23.3640,30.9520
179,587,992,30/05/2019,24/06/2019,18.2400,3,0.80,-31.0080,5.2800
180,418,21,20/10/2019,31/10/2019,17.0400,3,0.20,5.5380,5.4800
181,318,1647,10/07/2019,02/08/2019,35.4000,5,0.00,13.4520,7.0800
182,618,485,20/02/2019,12/03/2019,43.1300,1,0.00,14.6642,43.1300
183,170,816,06/03/2019,09/03/2019,136.9900,1,0.00,36.9873,136.9900
184,170,760,07/10/2019,05/11/2019,494.3760,3,0.20,49.4376,164.5920
185,176,610,10/11/2019,03/12/2019,13.8720,3,0.20,5.0286,4.4240
186,187,1019,21/09/2019,28/09/2019,11.6480,2,0.20,3.3488,5.6240
187,206,89,10/12/2019,09/01/2020,6.4800,1,0.00,3.1104,6.4800
188,111,753,10/02/2019,15/02/2019,1049.9700,5,0.40,-209.9940,209.5940
189,718,26,20/02/2019,22/02/2019,90.5700,3,0.00,11.7741,30.1900
190,636,29,07/11/2019,05/12/2019,289.8000,7,0.20,36.2250,41.2000
191,208,931,22/10/2019,29/10/2019,72.8000,5,0.00,19.6560,14.5600
192,324,531,26/02/2019,16/03/2019,34.7600,5,0.20,11.2970,6.7520
193,503,656,27/01/2019,02/02/2019,221.0560,8,0.20,77.3696,27.4320
194,648,754,24/05/2019,07/06/2019,17.4800,2,0.00,8.2156,8.7400
195,136,1236,12/05/2019,15/05/2019,129.8880,6,0.20,12.9888,21.4480
196,725,1012,10/03/2019,19/03/2019,67.0400,4,0.20,6.7040,16.5600
197,670,810,19/09/2019,15/10/2019,172.1860,2,0.30,-46.7362,85.7930
198,340,1228,31/07/2019,14/08/2019,795.5100,3,0.00,143.1918,265.1700
199,567,935,10/01/2019,16/01/2019,59.7000,3,0.00,26.8650,19.9000
200,48,818,27/10/2019,23/11/2019,559.6200,9,0.00,151.0974,62.1800
201,231,459,06/11/2019,11/11/2019,14.3520,3,0.20,4.4850,4.5840
202,449,1314,11/02/2019,24/02/2019,479.9840,2,0.20,59.9980,239.7920
203,146,794,18/05/2019,02/06/2019,196.4500,5,0.00,70.7220,39.2900
204,499,1026,09/09/2019,11/09/2019,1.5560,2,0.80,-4.2012,-0.0220
205,553,223,09/06/2019,12/06/2019,23.8800,3,0.00,10.5072,7.9600
206,717,1236,02/02/2019,21/02/2019,64.9440,3,0.20,6.4944,21.4480
207,780,92,04/02/2019,02/03/2019,32.9600,2,0.00,16.1504,16.4800
208,304,363,16/06/2019,29/06/2019,43.4400,8,0.00,21.2856,5.4300
209,99,700,13/05/2019,18/05/2019,8.1340,7,0.80,-13.8278,0.3620
210,455,751,11/12/2019,17/12/2019,27.2160,3,0.20,9.8658,8.8720
211,176,1550,23/07/2019,09/08/2019,47.3000,2,0.00,12.2980,23.6500
212,565,1496,22/06/2019,04/07/2019,24.9000,5,0.00,11.4540,4.9800
213,686,1724,30/06/2019,13/07/2019,123.0880,7,0.20,40.0036,17.3840
214,161,1145,22/08/2019,13/09/2019,34.7600,1,0.00,9.7328,34.7600
215,234,666,29/10/2019,03/11/2019,65.9900,1,0.00,17.1574,65.9900
216,430,908,17/04/2019,25/04/2019,107.9400,3,0.00,26.9850,35.9800
217,786,1277,12/07/2019,05/08/2019,10.3680,2,0.20,3.6288,4.9840
218,488,154,19/03/2019,23/03/2019,61.9600,2,0.00,30.3604,30.9800
219,533,284,30/11/2019,23/12/2019,11.3520,3,0.20,2.6961,3.5840
220,227,727,11/04/2019,26/04/2019,12.1920,3,0.20,4.1148,3.8640
221,555,402,21/12/2019,19/01/2020,30.4800,3,0.00,7.9248,10.1600
222,535,441,21/06/2019,27/06/2019,89.7120,6,0.20,30.2778,14.7520
223,655,575,22/12/2019,20/01/2020,917.9235,9,0.15,75.5937,101.8415
224,22,1836,11/06/2019,20/06/2019,6.3600,2,0.00,0.0636,3.1800
225,606,1022,05/10/2019,21/10/2019,123.9200,4,0.00,55.7640,30.9800
226,173,1317,30/08/2019,08/09/2019,29.9000,5,0.00,14.6510,5.9800
227,28,918,06/02/2019,18/02/2019,8.2600,2,0.00,3.8822,4.1300
228,799,790,13/09/2019,05/10/2019,58.4640,9,0.80,-146.1600,5.6960
229,183,34,23/04/2019,12/05/2019,9.9600,2,0.00,4.6812,4.9800
230,58,1466,25/06/2019,20/07/2019,41.9600,2,0.00,2.9372,20.9800
231,525,1283,21/09/2019,07/10/2019,14.0160,4,0.80,-31.5360,2.7040
232,497,1226,07/01/2019,24/01/2019,95.9700,5,0.70,-73.5770,18.4940
233,391,918,25/01/2019,21/02/2019,3.3040,1,0.20,1.1151,3.1040
234,9,1536,22/11/2019,07/12/2019,8.5950,5,0.70,-6.3030,1.0190
235,632,574,11/05/2019,03/06/2019,14.6200,2,0.00,6.8714,7.3100
236,701,1526,03/05/2019,02/06/2019,51.5600,2,0.60,-61.8720,25.1800
237,136,883,01/12/2019,15/12/2019,95.9520,3,0.20,29.9850,31.7840
238,514,1714,03/12/2019,31/12/2019,41.0400,6,0.00,11.0808,6.8400
239,493,1228,05/03/2019,11/03/2019,1325.8500,5,0.00,238.6530,265.1700
240,403,1191,05/05/2019,12/05/2019,97.3000,7,0.00,28.2170,13.9000
241,469,347,01/09/2019,05/09/2019,13.1200,5,0.20,2.1320,2.4240
242,583,1340,01/06/2019,17/06/2019,35.1680,4,0.20,11.4296,8.5920
243,638,1192,06/07/2019,24/07/2019,5.1040,1,0.20,1.6588,4.9040
244,202,116,04/03/2019,06/03/2019,210.3920,2,0.80,-336.6272,104.3960
245,42,1642,18/10/2019,16/11/2019,7.9200,1,0.20,2.7720,7.7200
246,521,799,04/11/2019,17/11/2019,16.3920,2,0.80,-26.2272,7.3960
247,121,698,18/10/2019,29/10/2019,77.0310,9,0.70,-59.0571,7.8590
248,453,1711,28/09/2019,18/10/2019,19.4400,3,0.00,9.3312,6.4800
249,470,484,21/02/2019,12/03/2019,2453.4300,5,0.30,-350.4900,490.3860
250,51,574,11/10/2019,20/10/2019,58.4800,8,0.00,27.4856,7.3100
251,403,769,01/10/2019,18/10/2019,717.1200,9,0.20,152.3880,79.4800
252,411,295,28/08/2019,01/09/2019,17.9000,5,0.00,8.9500,3.5800
253,334,364,18/08/2019,16/09/2019,251.0060,2,0.30,-68.1302,125.2030
254,653,70,08/04/2019,01/05/2019,30.4800,6,0.20,9.9060,4.8800
255,128,1373,28/07/2019,31/07/2019,24.6720,3,0.20,0.0000,8.0240
256,166,219,13/09/2019,15/09/2019,205.9920,1,0.20,-2.5749,205.7920
257,711,1839,18/02/2019,20/02/2019,8.0400,6,0.00,2.7336,1.3400
258,129,423,08/12/2019,18/12/2019,71.6000,8,0.00,32.9360,8.9500
259,105,116,02/08/2019,26/08/2019,157.7940,1,0.70,-115.7156,157.0940
260,7,900,03/04/2019,08/04/2019,575.9200,2,0.20,71.9900,287.7600
261,712,1610,24/06/2019,17/07/2019,43.1300,1,0.00,18.1146,43.1300
262,489,562,18/01/2019,02/02/2019,457.4850,3,0.30,-84.9615,152.1950
263,353,873,13/11/2019,18/11/2019,593.5680,2,0.20,0.0000,296.5840
264,353,1126,20/04/2019,19/05/2019,11.5400,2,0.00,3.4620,5.7700
265,509,1004,07/02/2019,17/02/2019,33.8700,3,0.00,8.8062,11.2900
266,783,1730,19/04/2019,21/04/2019,213.2160,3,0.20,15.9912,70.8720
267,544,286,05/06/2019,22/06/2019,38.0800,5,0.60,-29.5120,7.0160
268,78,1027,22/12/2019,29/12/2019,16.9100,1,0.00,4.5657,16.9100
269,376,1794,19/05/2019,11/06/2019,41.9100,3,0.00,10.8966,13.9700
270,654,55,23/06/2019,13/07/2019,173.8000,5,0.00,43.4500,34.7600
271,326,159,15/01/2019,01/02/2019,966.7000,5,0.30,-13.8100,193.0400
272,681,1546,18/03/2019,19/03/2019,13.4800,1,0.00,1.8872,13.4800
273,543,322,29/11/2019,14/12/2019,647.8400,8,0.00,168.4384,80.9800
274,589,47,09/08/2019,01/09/2019,30.0000,2,0.00,3.3000,15.0000
275,713,788,28/02/2019,08/03/2019,613.9992,3,0.32,-18.0588,204.3464
276,193,13,11/07/2019,04/08/2019,32.4000,5,0.00,15.5520,6.4800
277,783,645,17/06/2019,10/07/2019,12.9600,2,0.00,6.2208,6.4800
278,527,1404,06/04/2019,17/04/2019,227.3600,7,0.00,81.8496,32.4800
279,54,1041,08/04/2019,04/05/2019,34.1760,3,0.80,-87.1488,10.5920
280,18,1728,21/12/2019,23/12/2019,989.9700,3,0.00,395.9880,329.9900
281,781,1298,04/05/2019,08/05/2019,477.5100,11,0.00,219.6546,43.4100
282,666,174,29/11/2019,03/12/2019,302.3760,3,0.20,22.6782,100.5920
283,24,914,15/10/2019,25/10/2019,209.7000,2,0.00,100.6560,104.8500
284,566,1052,07/06/2019,21/06/2019,51.9800,2,0.00,15.0742,25.9900
285,794,1040,06/03/2019,13/03/2019,27.8880,7,0.20,10.1094,3.7840
286,726,892,17/11/2019,08/12/2019,1115.1700,7,0.00,334.5510,159.3100
287,129,871,17/01/2019,16/02/2019,431.9280,9,0.20,64.7892,47.7920
288,378,596,04/12/2019,13/12/2019,296.3700,3,0.00,80.0199,98.7900
289,558,1704,13/04/2019,01/05/2019,222.3200,7,0.20,25.0110,31.5600
290,578,611,20/09/2019,01/10/2019,34.4800,2,0.00,9.9992,17.2400
291,3,38,19/08/2019,26/08/2019,1043.9200,4,0.00,271.4192,260.9800
292,486,946,08/11/2019,23/11/2019,17.9400,3,0.00,8.6112,5.9800
293,233,962,21/06/2019,30/06/2019,124.0320,4,0.20,44.9616,30.8080
294,322,1288,02/05/2019,31/05/2019,113.9700,3,0.00,27.3528,37.9900
295,483,1199,31/05/2019,27/06/2019,351.2160,3,0.20,4.3902,116.8720
296,433,349,04/10/2019,01/11/2019,862.3440,7,0.20,97.0137,122.9920
297,737,11,25/08/2019,23/09/2019,355.4550,3,0.50,-184.8366,117.9850
298,403,308,14/09/2019,26/09/2019,2.6940,2,0.70,-2.2450,0.6470
299,749,1408,25/12/2019,13/01/2020,403.1680,4,0.20,25.1980,100.5920
300,22,184,06/03/2019,09/03/2019,7.4080,2,0.20,1.2038,3.5040
301,357,1241,07/05/2019,26/05/2019,14.7600,5,0.60,-11.4390,2.3520
302,285,663,21/04/2019,13/05/2019,603.9200,4,0.00,181.1760,150.9800
303,9,713,10/05/2019,19/05/2019,205.9992,3,0.32,-27.2646,68.3464
304,173,303,17/09/2019,06/10/2019,124.2000,3,0.40,-31.0500,41.0000
305,425,311,22/06/2019,25/06/2019,1.2400,1,0.00,0.5828,1.2400
306,488,471,28/04/2019,01/05/2019,783.9600,5,0.20,78.3960,156.5920
307,336,1814,09/07/2019,21/07/2019,40.7400,3,0.00,12.2220,13.5800
308,560,790,28/11/2019,02/12/2019,12.9920,2,0.80,-32.4800,5.6960
309,297,631,27/01/2019,01/02/2019,6.8480,2,0.20,2.1400,3.2240
310,226,875,18/05/2019,25/05/2019,3.2040,2,0.70,-2.4564,0.9020
311,540,774,07/03/2019,01/04/2019,887.2710,3,0.30,-63.3765,295.4570
312,697,361,28/02/2019,07/03/2019,10.9800,1,0.00,2.9646,10.9800
313,387,243,17/06/2019,13/07/2019,14.0160,3,0.20,4.7304,4.4720
314,259,1577,03/12/2019,24/12/2019,261.9600,2,0.00,23.5764,130.9800
315,664,1742,13/03/2019,21/03/2019,150.4080,9,0.20,-33.8418,16.5120
316,248,1517,03/12/2019,31/12/2019,120.9600,2,0.40,-28.2240,60.0800
317,699,36,13/04/2019,19/04/2019,572.7600,6,0.00,166.1004,95.4600
318,504,374,02/10/2019,08/10/2019,4.6600,2,0.00,1.3514,2.3300
319,214,545,30/07/2019,04/08/2019,15.4240,4,0.20,5.0128,3.6560
320,82,1672,05/12/2019,31/12/2019,7.9000,2,0.00,2.0540,3.9500
321,457,1399,24/01/2019,13/02/2019,22638.4800,6,0.50,-1811.0784,3772.5800
322,585,1379,07/10/2019,24/10/2019,21.5600,7,0.00,6.8992,3.0800
323,626,366,27/03/2019,31/03/2019,6.3000,2,0.00,3.0240,3.1500
324,39,1795,24/12/2019,05/01/2020,125.9440,7,0.20,15.7430,17.7920
325,571,658,31/07/2019,02/08/2019,239.9700,3,0.00,71.9910,79.9900
326,77,326,03/07/2019,19/07/2019,23.5600,5,0.20,7.0680,4.5120
327,222,597,24/10/2019,15/11/2019,64.9600,2,0.00,21.4368,32.4800
328,355,877,14/05/2019,15/05/2019,53.2000,5,0.00,14.8960,10.6400
329,696,1661,24/02/2019,15/03/2019,421.1000,2,0.00,105.2750,210.5500
330,666,1078,05/06/2019,02/07/2019,18.5280,6,0.80,-27.7920,2.2880
331,230,1825,20/04/2019,02/05/2019,122.9400,3,0.00,30.7350,40.9800
332,606,1720,29/12/2019,11/01/2020,24.1400,2,0.00,7.9662,12.0700
333,540,441,09/11/2019,24/11/2019,119.6160,8,0.20,40.3704,14.7520
334,460,285,16/08/2019,01/09/2019,2888.1270,11,0.10,609.7157,262.4570
335,637,407,19/10/2019,08/11/2019,56.6860,1,0.30,-20.2450,56.3860
336,664,39,11/01/2019,02/02/2019,212.0580,3,0.30,-15.1470,70.3860
337,97,1053,29/01/2019,30/01/2019,10.1920,7,0.20,1.0192,1.2560
338,89,3,01/10/2019,13/10/2019,58.4800,8,0.00,27.4856,7.3100
339,793,1525,12/08/2019,14/08/2019,32.8960,4,0.20,11.1024,8.0240
340,15,1440,11/03/2019,04/04/2019,5.9520,1,0.20,0.3720,5.7520
341,733,1617,10/01/2019,15/01/2019,45.2800,4,0.00,15.3952,11.3200
342,116,1189,28/07/2019,11/08/2019,18.2800,5,0.20,6.3980,3.4560
343,560,107,08/10/2019,25/10/2019,339.9600,5,0.20,67.9920,67.7920
344,176,135,11/06/2019,04/07/2019,32.9400,3,0.00,9.2232,10.9800
345,261,373,20/02/2019,21/03/2019,34.6800,6,0.00,16.9932,5.7800
346,683,583,23/01/2019,28/01/2019,49.5680,2,0.20,17.3488,24.5840
347,198,900,25/02/2019,27/02/2019,1799.7500,5,0.00,539.9250,359.9500
348,54,1163,09/04/2019,20/04/2019,1345.4850,5,0.70,-1031.5385,268.3970
349,6,1089,17/10/2019,21/10/2019,21.5600,7,0.00,10.3488,3.0800
350,789,1759,01/02/2019,19/02/2019,62.4960,2,0.20,21.8736,31.0480
351,200,986,20/09/2019,21/09/2019,47.9840,2,0.20,5.9980,23.7920
352,109,1218,14/07/2019,08/08/2019,1421.6640,6,0.20,-195.4788,236.7440
353,426,356,28/10/2019,04/11/2019,14.9800,1,0.00,4.1944,14.9800
354,59,1195,28/04/2019,24/05/2019,218.3520,3,0.20,-19.1058,72.5840
355,743,879,09/08/2019,28/08/2019,159.9600,5,0.20,17.9955,31.7920
356,552,1198,18/09/2019,15/10/2019,17.2200,3,0.00,7.9212,5.7400
357,44,711,04/02/2019,16/02/2019,10.6880,2,0.20,3.7408,5.1440
358,289,433,21/02/2019,25/02/2019,569.9900,1,0.00,170.9970,569.9900
359,375,75,10/06/2019,15/06/2019,58.2480,9,0.20,11.6496,6.2720
360,27,9,06/09/2019,07/09/2019,24.6720,4,0.20,7.7100,5.9680
361,55,57,27/10/2019,06/11/2019,127.7640,2,0.10,2.8392,63.7820
362,635,515,27/12/2019,04/01/2020,204.8500,5,0.00,57.3580,40.9700
363,124,1027,07/09/2019,20/09/2019,33.8200,2,0.00,9.1314,16.9100
364,490,534,10/06/2019,11/06/2019,261.7400,2,0.00,65.4350,130.8700
365,585,1713,19/01/2019,02/02/2019,706.8600,7,0.00,197.9208,100.9800
366,43,1850,21/11/2019,29/11/2019,36.7440,3,0.20,3.6744,12.0480
367,43,486,12/05/2019,19/05/2019,14.4320,4,0.20,3.4276,3.4080
368,480,1243,29/01/2019,19/02/2019,385.6860,1,0.30,-60.6078,385.3860
369,353,78,29/05/2019,16/06/2019,208.1600,1,0.00,56.2032,208.1600
370,327,822,12/06/2019,16/06/2019,58.5800,2,0.00,19.3314,29.2900
371,128,286,28/03/2019,22/04/2019,15.2320,1,0.20,1.7136,15.0320
372,547,1251,24/06/2019,25/06/2019,32.4320,2,0.20,3.2432,16.0160
373,651,1499,27/01/2019,12/02/2019,28.8000,3,0.00,0.8640,9.6000
374,673,1460,10/12/2019,18/12/2019,13.4680,13,0.80,-22.8956,0.2360
375,402,1124,10/10/2019,03/11/2019,279.9440,7,0.20,80.4839,39.7920
376,273,617,27/05/2019,31/05/2019,366.0090,3,0.30,-47.0583,121.7030
377,664,723,15/03/2019,07/04/2019,406.6000,5,0.00,113.8480,81.3200
378,342,331,31/05/2019,03/06/2019,53.4240,3,0.20,4.6746,17.6080
379,582,429,07/09/2019,06/10/2019,127.9840,2,0.20,25.5968,63.7920
380,248,778,23/10/2019,25/10/2019,25.9200,4,0.00,12.4416,6.4800
381,559,205,23/08/2019,07/09/2019,16.7520,6,0.20,5.4444,2.5920
382,333,1366,23/12/2019,25/12/2019,111.1500,5,0.00,48.9060,22.2300
383,33,114,10/11/2019,03/12/2019,130.4640,6,0.20,44.0316,21.5440
384,565,568,24/07/2019,08/08/2019,46.3600,4,0.00,15.2988,11.5900
385,253,1009,25/02/2019,19/03/2019,9.4080,2,0.20,3.4104,4.5040
386,655,444,17/04/2019,20/04/2019,33.9300,3,0.70,-22.6200,10.6100
387,7,161,06/08/2019,31/08/2019,355.9600,2,0.00,103.2284,177.9800
388,184,323,16/10/2019,13/11/2019,93.1500,9,0.00,44.7120,10.3500
389,758,1338,01/12/2019,24/12/2019,25.0600,2,0.00,11.7782,12.5300
390,276,575,09/12/2019,13/12/2019,359.9700,3,0.00,79.1934,119.9900
391,531,925,02/07/2019,13/07/2019,302.9400,3,0.00,48.4704,100.9800
392,430,698,26/02/2019,12/03/2019,68.4720,3,0.20,23.1093,22.6240
393,420,323,10/04/2019,09/05/2019,33.1200,4,0.20,11.5920,8.0800
394,103,1660,14/03/2019,20/03/2019,21.4000,5,0.00,10.0580,4.2800
395,528,715,01/12/2019,17/12/2019,39.5820,9,0.80,-59.3730,3.5980
396,699,1196,12/01/2019,22/01/2019,5.2480,2,0.20,0.5904,2.4240
397,694,1126,17/04/2019,16/05/2019,17.3100,3,0.00,5.1930,5.7700
398,679,412,12/12/2019,21/12/2019,890.8410,3,0.30,-152.7156,296.6470
399,185,1071,02/03/2019,15/03/2019,94.1920,7,0.80,-164.8360,12.6560
400,587,1627,21/10/2019,25/10/2019,136.9600,4,0.20,51.3600,34.0400
401,406,314,01/08/2019,17/08/2019,25.9200,4,0.00,8.2944,6.4800
402,570,464,29/01/2019,09/02/2019,132.5200,5,0.20,34.7865,26.3040
403,183,154,30/05/2019,02/06/2019,9.3440,1,0.20,3.5040,9.1440
404,396,1550,04/01/2019,15/01/2019,70.9500,3,0.00,18.4470,23.6500
405,414,1545,27/02/2019,24/03/2019,3.9000,2,0.00,1.5210,1.9500
406,93,709,17/04/2019,24/04/2019,10.4400,5,0.20,3.3930,1.8880
407,84,1521,05/10/2019,17/10/2019,34.2400,8,0.00,15.4080,4.2800
408,457,140,17/09/2019,21/09/2019,117.3600,4,0.00,36.3816,29.3400
409,431,207,28/08/2019,29/08/2019,54.5280,3,0.20,14.3136,17.9760
410,738,738,17/02/2019,20/02/2019,286.8500,1,0.00,63.1070,286.8500
411,16,34,22/10/2019,29/10/2019,19.9200,4,0.00,9.3624,4.9800
412,612,1554,17/11/2019,12/12/2019,15.5200,4,0.00,4.5008,3.8800
413,159,341,30/12/2019,01/01/2020,49.5360,3,0.20,17.3376,16.3120
414,590,129,28/07/2019,08/08/2019,7.1040,2,0.20,2.3976,3.3520
415,367,688,17/12/2019,30/12/2019,29.5920,1,0.20,2.5893,29.3920
416,403,1547,10/08/2019,02/09/2019,15.9840,2,0.20,1.3986,7.7920
417,211,268,24/07/2019,01/08/2019,300.4160,8,0.20,78.8592,37.3520
418,254,1656,22/12/2019,05/01/2020,177.6480,2,0.20,-28.8678,88.6240
419,176,401,27/06/2019,06/07/2019,70.3680,2,0.20,6.1572,34.9840
420,242,1429,14/05/2019,17/05/2019,25.9200,4,0.00,12.4416,6.4800
421,19,196,12/11/2019,09/12/2019,369.5440,7,0.20,32.3351,52.5920
422,169,500,28/12/2019,10/01/2020,751.9200,4,0.00,150.3840,187.9800
423,32,28,25/11/2019,18/12/2019,64.1200,4,0.00,30.7776,16.0300
424,90,626,27/12/2019,07/01/2020,7.7640,4,0.70,-5.1760,1.2410
425,64,496,08/05/2019,27/05/2019,280.7820,3,0.40,-46.7970,93.1940
426,530,1075,28/09/2019,12/10/2019,7.1040,6,0.20,2.4864,0.9840
427,181,470,12/07/2019,23/07/2019,31.9600,2,0.00,1.5980,15.9800
428,253,165,15/08/2019,07/09/2019,97.1840,2,0.20,6.0740,48.3920
429,345,1168,29/03/2019,21/04/2019,19.6800,5,0.20,6.8880,3.7360
430,140,1355,12/01/2019,17/01/2019,821.8800,6,0.00,213.6888,136.9800
431,406,435,09/08/2019,24/08/2019,63.9840,2,0.20,10.3974,31.7920
432,671,237,02/03/2019,09/03/2019,295.4000,5,0.20,-62.7725,58.8800
433,609,228,17/05/2019,27/05/2019,7.9800,1,0.00,3.9900,7.9800
434,94,553,24/02/2019,04/03/2019,103.1200,8,0.00,10.3120,12.8900
435,103,799,25/05/2019,11/06/2019,40.9800,5,0.80,-65.5680,7.3960
436,295,176,15/11/2019,06/12/2019,43.5000,3,0.00,10.8750,14.5000
437,614,206,22/05/2019,01/06/2019,11.3520,3,0.20,4.1151,3.5840
438,521,1284,15/12/2019,17/12/2019,24.4720,7,0.20,1.8354,3.2960
439,163,343,02/03/2019,11/03/2019,1592.8500,7,0.00,350.4270,227.5500
440,718,1314,21/02/2019,23/02/2019,1499.9500,5,0.00,449.9850,299.9900
441,251,1332,11/11/2019,26/11/2019,51.0160,7,0.20,15.9425,7.0880
442,485,350,09/11/2019,28/11/2019,1199.9800,2,0.00,467.9922,599.9900
443,81,1814,08/11/2019,14/11/2019,54.3200,4,0.00,16.2960,13.5800
444,376,477,25/06/2019,22/07/2019,390.7500,5,0.00,171.9300,78.1500
445,231,990,08/07/2019,17/07/2019,18.3360,2,0.70,-12.2240,8.4680
446,59,43,20/02/2019,28/02/2019,478.0800,8,0.00,133.8624,59.7600
447,420,1216,23/10/2019,27/10/2019,19.2960,3,0.20,6.0300,6.2320
448,416,189,17/01/2019,16/02/2019,27.1800,3,0.00,12.2310,9.0600
449,572,1103,20/08/2019,23/08/2019,155.3400,6,0.00,55.9224,25.8900
450,21,1816,24/01/2019,21/02/2019,59.9760,3,0.20,11.9952,19.7920
451,435,112,23/08/2019,01/09/2019,11.8000,4,0.00,5.6640,2.9500
452,336,1360,01/07/2019,10/07/2019,15.0200,1,0.00,2.7036,15.0200
453,253,9,03/05/2019,31/05/2019,37.0080,6,0.20,11.5650,5.9680
454,176,1429,19/07/2019,30/07/2019,10.3680,2,0.20,3.6288,4.9840
455,38,511,17/03/2019,24/03/2019,19.4400,3,0.00,9.3312,6.4800
456,117,1728,13/10/2019,10/11/2019,1649.9500,5,0.00,659.9800,329.9900
457,391,1294,04/08/2019,19/08/2019,60.6720,6,0.20,12.8928,9.9120
458,645,1702,12/11/2019,21/11/2019,25.3440,6,0.20,8.8704,4.0240
459,714,1217,19/03/2019,16/04/2019,39.9920,1,0.20,7.4985,39.7920
460,195,442,22/07/2019,24/07/2019,191.8200,3,0.00,61.3824,63.9400
461,289,954,06/07/2019,12/07/2019,26.1760,2,0.20,-3.2720,12.8880
462,736,40,06/07/2019,17/07/2019,1113.5040,12,0.20,125.2692,92.5920
463,349,657,28/01/2019,09/02/2019,335.5200,4,0.20,117.4320,83.6800
464,222,87,12/03/2019,20/03/2019,56.5600,2,0.00,15.2712,28.2800
465,779,658,27/08/2019,15/09/2019,559.9300,7,0.00,167.9790,79.9900
466,513,79,19/01/2019,29/01/2019,8.9280,2,0.20,3.1248,4.2640
467,435,69,25/10/2019,05/11/2019,5.1930,3,0.70,-3.4620,1.0310
468,186,497,06/04/2019,21/04/2019,91.8400,8,0.00,45.0016,11.4800
469,658,1559,08/01/2019,12/01/2019,5.5520,2,0.20,-1.0410,2.5760
470,195,1240,19/07/2019,12/08/2019,118.6500,5,0.40,19.7750,23.3300
471,605,1296,09/01/2019,02/02/2019,192.7200,11,0.00,92.5056,17.5200
472,15,1646,09/08/2019,12/08/2019,687.4000,5,0.00,48.1180,137.4800
473,210,1388,26/06/2019,10/07/2019,323.9820,3,0.40,-80.9955,107.5940
474,336,1345,13/12/2019,08/01/2020,47.0100,3,0.00,22.0947,15.6700
475,300,83,24/02/2019,15/03/2019,153.5840,2,0.20,-32.6366,76.5920
476,362,1019,06/01/2019,20/01/2019,52.4160,9,0.20,15.0696,5.6240
477,169,938,04/08/2019,28/08/2019,677.5800,5,0.40,-158.1020,135.1160
478,38,760,01/06/2019,15/06/2019,247.1880,2,0.40,-49.4376,123.1940
479,334,742,21/11/2019,16/12/2019,102.3000,1,0.00,26.5980,102.3000
480,552,29,15/10/2019,03/11/2019,155.2500,3,0.00,46.5750,51.7500
481,226,1754,11/05/2019,25/05/2019,66.9600,5,0.20,-13.3920,13.1920
482,362,603,07/06/2019,25/06/2019,11.2100,1,0.00,3.3630,11.2100
483,176,196,29/03/2019,18/04/2019,105.5840,2,0.20,9.2386,52.5920
484,317,1203,06/01/2019,13/01/2019,176.7720,3,0.80,-459.6072,58.1240
485,503,217,02/09/2019,02/10/2019,1579.7460,7,0.40,-447.5947,225.2780
486,180,59,28/04/2019,04/05/2019,18.1800,4,0.70,-13.9380,3.8450
487,460,461,25/12/2019,12/01/2020,404.9000,5,0.00,16.1960,80.9800
488,471,569,07/11/2019,27/11/2019,137.5400,2,0.00,55.0160,68.7700
489,568,993,27/01/2019,09/02/2019,377.4500,5,0.50,-264.2150,74.9900
490,688,401,17/07/2019,18/07/2019,263.8800,6,0.00,71.2476,43.9800
491,53,241,16/08/2019,06/09/2019,61.5420,1,0.40,-13.3341,61.1420
492,271,1507,11/03/2019,30/03/2019,144.9600,4,0.00,60.8832,36.2400
493,387,870,01/05/2019,26/05/2019,14.7300,3,0.00,4.8609,4.9100
494,163,451,01/04/2019,17/04/2019,31.1600,2,0.00,7.7900,15.5800
495,302,1345,08/12/2019,14/12/2019,78.3500,5,0.00,36.8245,15.6700
496,471,1329,26/06/2019,21/07/2019,26.8800,6,0.00,12.9024,4.4800
497,681,680,08/08/2019,29/08/2019,6.1920,3,0.20,0.4644,1.8640
498,266,473,09/08/2019,01/09/2019,27.3960,3,0.70,-20.0904,8.4320
499,638,1168,27/06/2019,17/07/2019,11.8080,8,0.70,-8.6592,0.7760
500,695,1546,07/03/2019,26/03/2019,13.4800,1,0.00,1.8872,13.4800
501,127,142,09/09/2019,02/10/2019,149.9700,3,0.00,5.9988,49.9900
502,387,1118,22/06/2019,13/07/2019,86.9700,3,0.00,25.2213,28.9900
503,388,1244,30/05/2019,27/06/2019,50.9700,3,0.00,13.2522,16.9900
504,502,99,26/04/2019,22/05/2019,7.1520,3,0.20,2.3244,2.1840
505,547,51,27/07/2019,02/08/2019,9.2400,3,0.00,4.4352,3.0800
506,245,954,30/11/2019,27/12/2019,98.1600,6,0.00,9.8160,16.3600
507,206,990,10/02/2019,15/02/2019,146.6880,6,0.20,55.0080,24.2480
508,686,179,30/04/2019,13/05/2019,77.5500,5,0.00,21.7140,15.5100
509,47,867,20/08/2019,30/08/2019,555.9600,5,0.20,41.6970,110.9920
510,305,1135,13/07/2019,12/08/2019,85.4400,3,0.00,31.6128,28.4800
511,678,981,14/05/2019,13/06/2019,20.3400,3,0.00,9.3564,6.7800
512,674,35,12/09/2019,02/10/2019,1097.5440,7,0.20,123.4737,156.5920
513,695,12,30/12/2019,03/01/2020,569.6400,2,0.00,148.1064,284.8200
514,360,698,15/03/2019,28/03/2019,159.7680,7,0.20,53.9217,22.6240
515,472,1299,20/10/2019,04/11/2019,116.8320,4,0.20,33.5892,29.0080
516,257,769,14/05/2019,10/06/2019,99.6000,1,0.00,36.8520,99.6000
517,477,45,17/10/2019,09/11/2019,5.2380,2,0.70,-4.0158,1.9190
518,603,1246,22/09/2019,29/09/2019,34.5800,1,0.00,10.0282,34.5800
519,197,285,10/01/2019,28/01/2019,408.4220,2,0.30,-5.8346,203.9110
520,482,203,24/07/2019,28/07/2019,223.9600,4,0.00,53.7504,55.9900
521,424,1322,13/03/2019,14/03/2019,899.9100,9,0.00,395.9604,99.9900
522,279,206,12/09/2019,23/09/2019,4.7300,1,0.00,2.3177,4.7300
523,781,1614,08/09/2019,26/09/2019,135.9500,1,0.00,39.4255,135.9500
524,634,511,22/10/2019,26/10/2019,12.9600,2,0.00,6.2208,6.4800
525,349,231,24/12/2019,25/12/2019,7.6100,1,0.00,3.5767,7.6100
526,471,1645,09/07/2019,15/07/2019,151.6200,7,0.00,50.0346,21.6600
527,44,193,24/04/2019,11/05/2019,35.1680,7,0.20,9.6712,4.8240
528,558,129,14/05/2019,04/06/2019,58.3680,12,0.20,21.8880,4.6640
529,647,1092,15/08/2019,06/09/2019,14.9000,5,0.00,7.1520,2.9800
530,47,312,29/04/2019,18/05/2019,17.8560,4,0.20,1.1160,4.2640
531,161,119,19/01/2019,01/02/2019,38.3400,3,0.00,17.2530,12.7800
532,628,1533,21/06/2019,27/06/2019,212.9400,3,0.00,53.2350,70.9800
533,271,728,07/03/2019,24/03/2019,45.0560,8,0.20,15.2064,5.4320
534,563,1401,03/05/2019,13/05/2019,93.0240,3,0.20,33.7212,30.8080
535,468,1296,24/09/2019,13/10/2019,192.7200,11,0.00,92.5056,17.5200
536,384,734,11/12/2019,21/12/2019,720.7600,4,0.00,187.3976,180.1900
537,564,486,05/06/2019,16/06/2019,14.4320,4,0.20,3.4276,3.4080
538,625,803,04/08/2019,22/08/2019,2.8960,2,0.20,0.4706,1.2480
539,499,886,24/11/2019,11/12/2019,119.9400,3,0.00,23.9880,39.9800
540,130,1796,16/07/2019,09/08/2019,842.7200,8,0.00,202.2528,105.3400
541,367,948,05/12/2019,17/12/2019,158.2800,6,0.00,72.8088,26.3800
542,774,76,01/01/2019,21/01/2019,79.4500,7,0.00,22.2460,11.3500
543,122,543,02/08/2019,29/08/2019,117.4880,7,0.20,41.1208,16.5840
544,301,1609,02/08/2019,09/08/2019,40.7760,3,0.20,0.5097,13.3920
545,712,1778,07/10/2019,01/11/2019,122.3820,3,0.40,-24.4764,40.3940
546,611,1782,18/11/2019,22/11/2019,319.9200,8,0.00,118.3704,39.9900
547,56,1705,15/03/2019,08/04/2019,140.3760,3,0.20,8.7735,46.5920
548,6,156,28/07/2019,10/08/2019,12.4200,3,0.00,5.2164,4.1400
549,293,529,20/11/2019,05/12/2019,29.8400,2,0.00,13.4280,14.9200
550,307,6,03/03/2019,19/03/2019,27.9200,4,0.00,8.0968,6.9800
551,239,899,31/05/2019,13/06/2019,720.0640,4,0.20,-63.0056,179.8160
552,335,1326,21/04/2019,06/05/2019,291.1000,5,0.00,75.6860,58.2200
553,799,1455,25/03/2019,02/04/2019,19.9200,4,0.00,6.5736,4.9800
554,271,1360,09/03/2019,22/03/2019,15.0200,1,0.00,2.7036,15.0200
555,678,1177,08/08/2019,19/08/2019,863.6400,9,0.20,107.9550,95.7600
556,414,49,17/04/2019,14/05/2019,30.5760,6,0.20,10.3194,4.8960
557,644,84,11/07/2019,08/08/2019,528.4300,5,0.30,-143.4310,105.3860
558,38,888,06/05/2019,02/06/2019,286.7900,7,0.00,74.5654,40.9700
559,267,1681,19/11/2019,06/12/2019,97.9800,2,0.00,27.4344,48.9900
560,231,38,24/09/2019,08/10/2019,532.3992,3,0.32,-46.9764,177.1464
561,245,1792,27/08/2019,05/09/2019,31.9840,2,0.20,1.1994,15.7920
562,610,1742,25/01/2019,31/01/2019,50.1360,3,0.20,-11.2806,16.5120
563,113,314,02/06/2019,21/06/2019,12.9600,2,0.00,4.1472,6.4800
564,217,332,20/02/2019,23/02/2019,1023.9360,8,0.20,179.1888,127.7920
565,53,1265,30/11/2019,22/12/2019,3.0400,1,0.00,1.0336,3.0400
566,532,413,03/01/2019,12/01/2019,28.4850,5,0.70,-20.8890,4.9970
567,351,177,18/12/2019,17/01/2020,5.7280,8,0.80,-9.1648,-0.0840
568,24,461,20/02/2019,08/03/2019,728.8200,9,0.00,29.1528,80.9800
569,683,860,29/07/2019,01/08/2019,5.7800,2,0.00,2.7166,2.8900
570,448,619,24/02/2019,28/02/2019,50.9400,3,0.00,25.4700,16.9800
571,798,389,24/11/2019,24/12/2019,1007.9790,3,0.30,43.1991,335.6930
572,209,2,26/08/2019,11/09/2019,975.9200,5,0.20,121.9900,194.9840
573,705,880,04/11/2019,26/11/2019,182.9400,3,0.00,3.6588,60.9800
574,396,1141,22/03/2019,08/04/2019,62.9200,1,0.20,10.2245,62.7200
575,145,653,09/07/2019,10/07/2019,26.7200,4,0.00,12.8256,6.6800
576,671,1409,21/02/2019,21/03/2019,190.8960,2,0.20,-42.9516,95.2480
577,645,772,13/06/2019,14/06/2019,601.6500,5,0.00,156.4290,120.3300
578,370,924,27/03/2019,11/04/2019,43.5600,5,0.20,3.2670,8.5120
579,714,949,30/04/2019,10/05/2019,573.1740,7,0.10,63.6860,81.7820
580,638,1177,17/11/2019,09/12/2019,863.6400,9,0.20,107.9550,95.7600
581,766,823,29/10/2019,22/11/2019,2.3040,1,0.20,0.2592,2.1040
582,335,174,25/04/2019,07/05/2019,629.9500,5,0.00,163.7870,125.9900
583,730,169,05/02/2019,12/02/2019,113.3720,2,0.30,-3.2392,56.3860
584,106,1135,10/03/2019,27/03/2019,85.4400,3,0.00,31.6128,28.4800
585,118,31,15/06/2019,12/07/2019,53.9400,3,0.00,15.6426,17.9800
586,62,1239,30/03/2019,14/04/2019,19.6500,3,0.00,9.0390,6.5500
587,588,1401,30/01/2019,26/02/2019,77.5200,2,0.00,37.9848,38.7600
588,364,89,29/07/2019,12/08/2019,25.9200,5,0.20,9.0720,4.9840
589,450,589,04/05/2019,11/05/2019,12.2240,2,0.20,4.4312,5.9120
590,729,495,16/01/2019,18/01/2019,5.9400,3,0.00,0.0000,1.9800
591,554,1720,24/03/2019,31/03/2019,12.0700,1,0.00,3.9831,12.0700
592,687,894,06/07/2019,11/07/2019,197.3720,2,0.30,-25.3764,98.3860
593,285,354,13/11/2019,14/11/2019,12.9600,2,0.00,6.2208,6.4800
594,751,811,02/08/2019,29/08/2019,2799.9600,4,0.00,1371.9803,699.9900
595,236,61,12/05/2019,27/05/2019,55.9200,10,0.20,16.7760,5.3920
596,108,1727,27/09/2019,19/10/2019,8.4480,2,0.20,2.6400,4.0240
597,283,1462,20/09/2019,21/09/2019,72.9000,5,0.00,26.9730,14.5800
598,677,630,20/01/2019,23/01/2019,544.0080,3,0.20,40.8006,181.1360
599,246,214,02/01/2019,30/01/2019,383.6070,9,0.30,-5.4801,42.3230
600,627,617,09/09/2019,27/09/2019,697.1600,5,0.20,8.7145,139.2320
601,224,323,19/10/2019,01/11/2019,51.7500,5,0.00,24.8400,10.3500
602,332,682,08/11/2019,18/11/2019,39.9600,2,0.00,18.7812,19.9800
603,240,72,05/06/2019,22/06/2019,181.9500,3,0.00,38.2095,60.6500
604,74,660,14/04/2019,26/04/2019,35.0000,7,0.00,16.8000,5.0000
605,133,1137,05/02/2019,24/02/2019,779.7960,2,0.40,-168.9558,389.4980
606,103,1410,20/02/2019,16/03/2019,72.7440,7,0.20,-12.7302,10.1920
607,249,245,24/04/2019,20/05/2019,74.4160,2,0.20,-14.8832,37.0080
608,33,682,18/09/2019,15/10/2019,39.9600,2,0.00,18.7812,19.9800
609,328,393,17/02/2019,10/03/2019,51.9840,1,0.20,-5.1984,51.7840
610,17,567,14/07/2019,19/07/2019,17.9200,5,0.20,1.1200,3.3840
611,366,690,17/01/2019,29/01/2019,207.7600,4,0.00,85.1816,51.9400
612,627,533,17/06/2019,11/07/2019,555.2100,5,0.10,178.9010,110.9420
613,752,201,08/01/2019,24/01/2019,452.4500,5,0.50,-244.3230,89.9900
614,103,1284,18/10/2019,11/11/2019,24.4720,7,0.20,1.8354,3.2960
615,765,479,09/02/2019,11/02/2019,435.8400,12,0.00,130.7520,36.3200
616,142,1135,16/10/2019,15/11/2019,85.4400,3,0.00,31.6128,28.4800
617,704,773,24/03/2019,08/04/2019,28.7280,3,0.20,1.7955,9.3760
618,147,1466,21/04/2019,11/05/2019,83.9200,4,0.00,5.8744,20.9800
619,384,34,01/05/2019,27/05/2019,17.1200,4,0.00,7.7040,4.2800
620,379,956,22/01/2019,10/02/2019,91.2750,1,0.50,-67.5435,90.7750
621,613,1536,23/06/2019,22/07/2019,3.4380,2,0.70,-2.5212,1.0190
622,294,1557,02/01/2019,01/02/2019,16.0200,6,0.00,6.0876,2.6700
623,160,304,19/10/2019,28/10/2019,55.2640,2,0.20,20.7240,27.4320
624,262,818,27/12/2019,13/01/2020,373.0800,6,0.00,100.7316,62.1800
625,704,1554,19/05/2019,16/06/2019,11.6400,3,0.00,3.3756,3.8800
626,469,42,02/04/2019,22/04/2019,124.6080,4,0.20,-23.3640,30.9520
627,526,689,27/05/2019,12/06/2019,8.6700,3,0.00,4.0749,2.8900
628,639,1082,16/10/2019,07/11/2019,11.1200,2,0.20,3.4750,5.3600
629,646,261,17/05/2019,07/06/2019,20.7360,4,0.20,7.2576,4.9840
630,417,1133,03/08/2019,18/08/2019,62.9580,3,0.30,-2.6982,20.6860
631,216,305,25/05/2019,16/06/2019,8.1600,5,0.70,-5.7120,0.9320
632,384,72,09/06/2019,05/07/2019,181.9500,3,0.00,38.2095,60.6500
633,24,214,28/07/2019,20/08/2019,85.2460,2,0.30,-1.2178,42.3230
634,145,1765,06/02/2019,09/02/2019,33.4880,7,0.20,10.4650,4.5840
635,200,37,25/06/2019,30/06/2019,113.3280,9,0.20,35.4150,12.3920
636,86,225,16/02/2019,02/03/2019,177.2250,5,0.50,-120.5130,34.9450
637,232,597,15/03/2019,31/03/2019,64.9600,5,0.60,-43.8480,12.3920
638,698,868,25/03/2019,28/03/2019,2676.6720,9,0.20,267.6672,297.2080
639,502,939,14/07/2019,27/07/2019,28.1400,3,0.00,13.5072,9.3800
640,776,263,13/07/2019,03/08/2019,480.7400,2,0.00,14.4222,240.3700
641,726,34,25/12/2019,20/01/2020,105.5200,4,0.00,48.5392,26.3800
642,423,842,29/08/2019,26/09/2019,2504.7400,7,0.00,626.1850,357.8200
643,114,702,06/02/2019,20/02/2019,149.9500,5,0.00,14.9950,29.9900
644,169,271,15/04/2019,04/05/2019,62.8800,4,0.70,-50.3040,15.0200
645,601,225,01/05/2019,07/05/2019,283.5600,4,0.00,45.3696,70.8900
646,643,955,13/11/2019,27/11/2019,3.2040,2,0.70,-2.5632,0.9020
647,375,1359,27/08/2019,18/09/2019,683.3320,4,0.15,-40.1960,170.6830
648,318,499,19/02/2019,14/03/2019,19.4400,3,0.00,9.3312,6.4800
649,641,1350,06/01/2019,31/01/2019,2.8800,1,0.00,1.4112,2.8800
650,601,779,24/04/2019,25/04/2019,105.5200,4,0.00,48.5392,26.3800
651,50,988,27/07/2019,03/08/2019,44.3760,2,0.40,-7.3960,21.7880
652,491,1835,22/03/2019,24/03/2019,1439.9680,4,0.20,143.9968,359.7920
653,717,370,29/09/2019,05/10/2019,39.9600,2,0.00,18.7812,19.9800
654,741,364,04/11/2019,03/12/2019,215.1480,2,0.40,-103.9882,107.1740
655,448,1292,27/02/2019,12/03/2019,121.9400,2,0.00,35.3626,60.9700
656,722,1077,28/02/2019,14/03/2019,200.9700,3,0.00,50.2425,66.9900
657,700,1478,03/05/2019,07/05/2019,14.6200,2,0.00,6.7252,7.3100
658,757,575,06/02/2019,19/02/2019,305.9745,3,0.15,25.1979,101.8415
659,333,351,02/10/2019,16/10/2019,62.3100,3,0.00,29.2857,20.7700
660,443,1415,30/04/2019,12/05/2019,6.8880,2,0.70,-5.0512,2.7440
661,147,463,26/12/2019,31/12/2019,36.7840,2,0.20,-8.2764,18.1920
662,224,648,19/07/2019,23/07/2019,2479.9600,4,0.00,743.9880,619.9900
663,676,535,28/02/2019,10/03/2019,6.0960,3,0.60,-3.9624,1.4320
664,409,819,21/07/2019,17/08/2019,153.3600,9,0.00,70.5456,17.0400
665,363,1030,01/04/2019,21/04/2019,3.5200,2,0.00,1.0208,1.7600
666,593,422,19/06/2019,24/06/2019,46.2600,3,0.00,12.4902,15.4200
667,753,148,02/10/2019,29/10/2019,21.5680,2,0.20,1.6176,10.5840
668,608,1452,19/08/2019,09/09/2019,25.9200,4,0.00,12.4416,6.4800
669,264,1035,06/11/2019,11/11/2019,54.9000,5,0.00,26.9010,10.9800
670,502,61,12/10/2019,29/10/2019,27.9600,5,0.20,8.3880,5.3920
671,71,980,10/05/2019,25/05/2019,152.7600,6,0.00,74.8524,25.4600
672,361,248,23/02/2019,19/03/2019,59.9800,2,0.00,26.3912,29.9900
673,223,681,02/10/2019,30/10/2019,6.4800,1,0.00,3.1104,6.4800
674,232,640,08/03/2019,03/04/2019,7.9680,2,0.20,2.5896,3.7840
675,222,901,17/02/2019,18/03/2019,8.8080,3,0.80,-14.9736,2.1360
676,756,861,09/11/2019,18/11/2019,241.5000,4,0.30,0.0000,60.0750
677,115,1762,27/11/2019,10/12/2019,343.2000,1,0.20,38.6100,343.0000
678,202,1034,08/12/2019,12/12/2019,7.1600,1,0.20,-0.0895,6.9600
679,706,267,30/11/2019,22/12/2019,115.9600,2,0.00,25.5112,57.9800
680,732,911,02/02/2019,13/02/2019,519.6800,7,0.20,58.4640,74.0400
681,96,669,02/07/2019,28/07/2019,265.4750,1,0.50,-111.4995,264.9750
682,54,1666,22/06/2019,27/06/2019,36.4000,5,0.00,13.8320,7.2800
683,228,721,16/01/2019,10/02/2019,113.5200,4,0.00,46.5432,28.3800
684,327,754,17/09/2019,20/09/2019,43.7000,5,0.00,20.5390,8.7400
685,472,1510,26/08/2019,04/09/2019,81.9800,2,0.00,40.1702,40.9900
686,49,1222,18/03/2019,30/03/2019,5.9040,2,0.20,1.9926,2.7520
687,675,1163,02/10/2019,29/10/2019,538.1940,2,0.70,-412.6154,268.3970
688,685,476,13/10/2019,26/10/2019,283.9200,5,0.20,17.7450,56.5840
689,120,684,08/08/2019,16/08/2019,21.3600,2,0.00,5.7672,10.6800
690,563,680,26/02/2019,28/03/2019,5.1600,2,0.00,1.3416,2.5800
691,403,326,01/03/2019,21/03/2019,70.6800,12,0.00,31.0992,5.8900
692,738,34,20/11/2019,15/12/2019,49.1200,4,0.00,23.0864,12.2800
693,524,300,26/12/2019,13/01/2020,899.1360,4,0.20,-146.1096,224.5840
694,435,83,02/05/2019,26/05/2019,76.7920,1,0.20,-16.3183,76.5920
695,691,1458,13/04/2019,02/05/2019,207.4800,1,0.00,62.2440,207.4800
696,577,1478,11/07/2019,07/08/2019,65.7900,9,0.00,30.2634,7.3100
697,540,937,26/07/2019,14/08/2019,14.8900,1,0.00,4.0203,14.8900
698,382,573,04/12/2019,20/12/2019,7999.9800,4,0.50,-3839.9905,1999.4950
699,649,1594,30/06/2019,25/07/2019,493.4300,5,0.30,-70.4900,98.3860
700,253,1183,13/12/2019,19/12/2019,299.5200,9,0.00,149.7600,33.2800
701,390,54,02/12/2019,22/12/2019,1029.9500,5,0.00,298.6855,205.9900
702,370,180,28/08/2019,08/09/2019,1194.1650,5,0.15,210.7350,238.6830
703,100,508,12/04/2019,14/04/2019,2.9070,3,0.70,-2.0349,0.2690
704,206,317,19/12/2019,28/12/2019,5443.9600,4,0.00,2504.2217,1360.9900
705,92,772,17/12/2019,24/12/2019,577.5840,6,0.20,43.3188,96.0640
706,243,808,22/03/2019,29/03/2019,40.8800,7,0.00,10.6288,5.8400
707,485,196,03/08/2019,10/08/2019,131.9800,2,0.00,35.6346,65.9900
708,411,1531,05/08/2019,25/08/2019,36.0000,2,0.00,6.4800,18.0000
709,49,1414,10/03/2019,09/04/2019,0.9900,1,0.00,0.4356,0.9900
710,450,1478,16/12/2019,25/12/2019,65.7900,9,0.00,30.2634,7.3100
711,739,1335,24/02/2019,08/03/2019,359.4990,3,0.15,-29.6058,119.6830
712,627,1106,09/04/2019,01/05/2019,12.8400,3,0.00,5.7780,4.2800
713,785,1803,20/11/2019,18/12/2019,2.2020,2,0.70,-1.5414,0.4010
714,509,715,12/12/2019,16/12/2019,140.7360,8,0.20,52.7760,17.3920
715,402,236,03/10/2019,28/10/2019,21.7280,4,0.20,3.8024,5.2320
716,694,587,22/01/2019,31/01/2019,83.4200,2,0.00,24.1918,41.7100
717,208,386,01/02/2019,10/02/2019,342.8640,3,0.20,38.5722,114.0880
718,10,249,14/01/2019,30/01/2019,8.8000,5,0.00,3.8720,1.7600
719,738,944,07/05/2019,31/05/2019,9.8400,3,0.00,2.8536,3.2800
720,333,441,04/01/2019,21/01/2019,11.2140,2,0.70,-8.5974,4.9070
721,639,1211,17/03/2019,05/04/2019,31.6800,6,0.00,9.8208,5.2800
722,351,1030,25/02/2019,04/03/2019,3.5200,2,0.00,1.0208,1.7600
723,639,834,13/09/2019,11/10/2019,368.9100,9,0.00,180.7659,40.9900
724,278,886,30/12/2019,23/01/2020,63.9680,2,0.20,0.0000,31.7840
725,725,1830,26/11/2019,06/12/2019,91.3600,5,0.20,29.6920,18.0720
726,709,936,10/07/2019,29/07/2019,552.5600,4,0.00,0.0000,138.1400
727,46,230,06/02/2019,04/03/2019,321.5680,2,0.20,28.1372,160.5840
728,727,1766,12/12/2019,02/01/2020,167.2800,12,0.00,23.4192,13.9400
729,307,599,10/05/2019,13/05/2019,54.9000,5,0.00,26.9010,10.9800
730,785,692,01/02/2019,12/02/2019,39.9200,2,0.20,12.9740,19.7600
731,575,1654,08/12/2019,09/12/2019,14.3520,3,0.20,5.2026,4.5840
732,622,481,22/08/2019,26/08/2019,66.1120,4,0.60,-84.2928,15.9280
733,39,700,08/04/2019,10/04/2019,3.4860,2,0.70,-2.7888,1.0430
734,357,849,02/08/2019,24/08/2019,2244.4800,7,0.00,493.7856,320.6400
735,798,1784,20/01/2019,14/02/2019,50.9700,3,0.00,9.1746,16.9900
736,581,247,07/09/2019,01/10/2019,435.5040,3,0.20,48.9942,144.9680
737,187,640,01/10/2019,16/10/2019,11.9520,3,0.20,3.8844,3.7840
738,681,527,23/04/2019,01/05/2019,40.4800,2,0.00,15.7872,20.2400
739,462,745,20/06/2019,24/06/2019,4.9100,1,0.00,2.4059,4.9100
740,50,1103,24/11/2019,13/12/2019,155.3400,6,0.00,55.9224,25.8900
741,271,1225,15/02/2019,13/03/2019,6.5600,2,0.00,1.9024,3.2800
742,1,1326,18/04/2019,29/04/2019,186.3040,4,0.20,13.9728,46.3760
743,593,321,01/04/2019,10/04/2019,13.7600,2,0.00,6.3296,6.8800
744,48,1496,21/08/2019,10/09/2019,14.9400,3,0.00,6.8724,4.9800
745,634,1260,31/03/2019,16/04/2019,54.8160,3,0.20,17.8152,18.0720
746,530,1426,03/03/2019,27/03/2019,67.7100,3,0.00,32.5008,22.5700
747,769,1533,24/06/2019,06/07/2019,681.4080,12,0.20,42.5880,56.5840
748,173,702,23/07/2019,11/08/2019,29.9900,1,0.00,2.9990,29.9900
749,467,1501,11/02/2019,26/02/2019,35.1200,2,0.20,13.1700,17.3600
750,438,1438,09/04/2019,02/05/2019,38.5200,9,0.00,17.3340,4.2800
751,88,238,01/06/2019,26/06/2019,43.8000,10,0.00,21.0240,4.3800
752,481,308,09/11/2019,13/11/2019,3.5920,1,0.20,1.1225,3.3920
753,219,773,25/12/2019,29/12/2019,38.8200,6,0.00,17.4690,6.4700
754,351,302,10/01/2019,20/01/2019,117.4880,7,0.20,41.1208,16.5840
755,337,50,03/05/2019,19/05/2019,25.0600,2,0.00,11.7782,12.5300
756,542,664,19/07/2019,04/08/2019,180.6600,3,0.00,50.5848,60.2200
757,137,585,27/04/2019,29/04/2019,863.1280,7,0.20,-32.3673,123.1040
758,417,421,08/05/2019,04/06/2019,659.9700,3,0.00,197.9910,219.9900
759,400,835,03/11/2019,26/11/2019,5.0400,2,0.20,1.7640,2.3200
760,367,1095,30/11/2019,10/12/2019,159.9800,2,0.00,57.5928,79.9900
761,412,896,17/04/2019,17/05/2019,494.9820,3,0.40,-115.4958,164.5940
762,793,467,16/10/2019,03/11/2019,666.2480,1,0.20,-149.9058,666.0480
763,614,357,18/08/2019,21/08/2019,131.1360,4,0.20,-32.7840,32.5840
764,563,1023,30/10/2019,13/11/2019,53.7200,4,0.00,13.9672,13.4300
765,301,222,13/08/2019,25/08/2019,1007.2320,6,0.20,75.5424,167.6720
766,702,981,14/02/2019,08/03/2019,27.1200,4,0.00,12.4752,6.7800
767,58,1082,27/10/2019,19/11/2019,5.5600,1,0.20,1.7375,5.3600
768,316,205,19/11/2019,02/12/2019,5.5840,2,0.20,1.8148,2.5920
769,141,1116,15/07/2019,14/08/2019,163.9600,4,0.00,80.3404,40.9900
770,594,773,16/07/2019,15/08/2019,7.1200,5,0.20,0.7120,1.2240
771,48,1170,16/01/2019,04/02/2019,22.7520,3,0.20,7.1100,7.3840
772,199,1549,28/01/2019,03/02/2019,102.2400,4,0.20,-16.6140,25.3600
773,607,523,01/07/2019,31/07/2019,14.7300,3,0.00,7.2177,4.9100
774,307,129,24/11/2019,03/12/2019,11.3400,3,0.00,5.2164,3.7800
775,234,420,24/02/2019,03/03/2019,222.6660,2,0.15,10.4784,111.1830
776,620,491,02/08/2019,06/08/2019,25.9200,4,0.00,12.4416,6.4800
777,230,1826,05/09/2019,26/09/2019,3.1520,2,0.20,0.4728,1.3760
778,704,1350,12/03/2019,17/03/2019,9.2160,4,0.20,3.3408,2.1040
779,256,1432,21/06/2019,06/07/2019,377.9700,3,0.00,98.2722,125.9900
780,50,1299,17/12/2019,29/12/2019,36.5100,1,0.00,15.6993,36.5100
781,595,85,13/04/2019,28/04/2019,59.9700,3,0.00,20.3898,19.9900
782,15,9,18/02/2019,24/02/2019,30.8400,4,0.00,13.8780,7.7100
783,304,337,27/02/2019,07/03/2019,8.6520,3,0.80,-20.3322,2.0840
784,560,9,19/03/2019,04/04/2019,2.3130,1,0.70,-1.9275,1.6130
785,767,846,27/05/2019,24/06/2019,3.4800,2,0.00,1.1136,1.7400
786,261,1077,21/02/2019,03/03/2019,200.9700,3,0.00,50.2425,66.9900
787,342,523,20/03/2019,08/04/2019,15.7120,4,0.20,5.6956,3.7280
788,773,1233,25/02/2019,03/03/2019,3406.6640,8,0.15,160.3136,425.6830
789,676,943,20/01/2019,06/02/2019,16.1760,3,0.20,6.0660,5.1920
790,187,783,07/01/2019,26/01/2019,6.5400,1,0.00,3.0084,6.5400
791,283,31,12/03/2019,14/03/2019,53.9400,3,0.00,15.6426,17.9800
792,7,1036,09/06/2019,05/07/2019,17.1200,5,0.20,1.9260,3.2240
793,250,924,28/11/2019,20/12/2019,43.5600,5,0.20,3.2670,8.5120
794,23,706,13/03/2019,07/04/2019,46.6720,2,0.20,16.3352,23.1360
795,222,102,31/07/2019,04/08/2019,102.3600,3,0.20,-3.8385,33.9200
796,89,1386,24/09/2019,25/09/2019,2154.9000,5,0.00,129.2940,430.9800
797,421,754,08/03/2019,13/03/2019,48.9440,7,0.20,16.5186,6.7920
798,354,583,15/03/2019,03/04/2019,43.3720,7,0.80,-69.3952,5.3960
799,72,691,01/12/2019,06/12/2019,14.9400,3,0.00,6.8724,4.9800
800,88,1017,24/04/2019,14/05/2019,14.9400,3,0.00,7.0218,4.9800
801,24,797,24/06/2019,23/07/2019,11.3600,4,0.00,5.5664,2.8400
802,407,595,31/08/2019,09/09/2019,4297.6440,13,0.40,-1862.3124,330.1880
803,548,958,22/10/2019,20/11/2019,167.9400,3,0.00,82.2906,55.9800
804,265,748,17/04/2019,29/04/2019,669.0800,5,0.20,-167.2700,133.6160
805,100,744,04/03/2019,29/03/2019,5.7600,2,0.00,2.8224,2.8800
806,202,188,06/05/2019,27/05/2019,16.0560,3,0.20,5.8203,5.1520
807,794,1577,11/12/2019,22/12/2019,523.9200,5,0.20,-72.0390,104.5840
808,379,853,12/09/2019,19/09/2019,25.3200,5,0.20,9.1785,4.8640
809,403,143,11/02/2019,07/03/2019,164.6880,6,0.20,55.5822,27.2480
810,421,1680,27/03/2019,04/04/2019,20.7000,3,0.00,1.6560,6.9000
811,552,431,12/04/2019,27/04/2019,241.9600,2,0.00,24.1960,120.9800
812,455,1483,15/05/2019,09/06/2019,13.2800,2,0.00,6.3744,6.6400
813,596,802,11/12/2019,17/12/2019,263.9600,5,0.20,19.7970,52.5920
814,569,1291,06/06/2019,05/07/2019,33.3600,4,0.00,16.6800,8.3400
815,321,1405,29/09/2019,17/10/2019,151.1880,2,0.40,-25.1980,75.1940
816,460,865,12/07/2019,03/08/2019,5.1840,3,0.20,1.8144,1.5280
817,25,1623,08/09/2019,15/09/2019,163.8800,4,0.50,-81.9400,40.4700
818,314,1028,28/12/2019,10/01/2020,7.7700,1,0.00,2.0979,7.7700
819,401,250,24/03/2019,06/04/2019,7.2800,2,0.20,2.7300,3.4400
820,280,561,14/04/2019,02/05/2019,111.8880,7,0.20,22.3776,15.7840
821,265,178,22/01/2019,25/01/2019,176.8000,8,0.00,22.9840,22.1000
822,507,224,17/11/2019,03/12/2019,79.9600,5,0.20,27.9860,15.7920
823,611,686,01/09/2019,06/09/2019,159.5600,4,0.00,59.0372,39.8900
824,654,809,12/06/2019,17/06/2019,143.9520,3,0.20,14.3952,47.7840
825,531,324,30/11/2019,16/12/2019,760.1160,6,0.30,-43.4352,126.3860
826,587,969,06/03/2019,08/03/2019,6.4800,1,0.00,3.1104,6.4800
827,693,1235,24/01/2019,26/01/2019,62.9580,7,0.40,9.4437,8.5940
828,531,1028,28/12/2019,02/01/2020,43.5120,7,0.20,3.8073,6.0160
829,603,712,08/01/2019,17/01/2019,25.9200,5,0.20,9.0720,4.9840
830,500,172,02/07/2019,12/07/2019,31.0200,2,0.00,8.0652,15.5100
831,49,1060,30/10/2019,09/11/2019,6.6900,1,0.00,3.0774,6.6900
832,24,523,16/04/2019,15/05/2019,14.7300,3,0.00,7.2177,4.9100
833,442,791,04/08/2019,27/08/2019,83.1360,4,0.20,5.1960,20.5840
834,418,1381,18/01/2019,05/02/2019,42.7600,2,0.00,11.1176,21.3800
835,138,1021,26/12/2019,17/01/2020,10.9500,3,0.00,5.1465,3.6500
836,276,980,28/03/2019,30/03/2019,38.1900,5,0.70,-26.7330,6.9380
837,325,665,25/09/2019,09/10/2019,1075.0880,14,0.20,94.0702,76.5920
838,533,1354,19/08/2019,20/08/2019,405.8600,7,0.00,32.4688,57.9800
839,307,711,29/12/2019,27/01/2020,20.0400,3,0.00,9.6192,6.6800
840,444,67,24/06/2019,01/07/2019,377.9280,9,0.20,141.7230,41.7920
841,415,34,12/04/2019,04/05/2019,56.7040,2,0.20,19.1376,28.1520
842,544,315,17/11/2019,21/11/2019,24.5600,2,0.00,11.5432,12.2800
843,321,677,30/07/2019,28/08/2019,17.5440,3,0.20,5.9211,5.6480
844,798,660,24/03/2019,31/03/2019,35.0000,7,0.00,16.8000,5.0000
845,683,706,23/08/2019,01/09/2019,70.0080,3,0.20,24.5028,23.1360
846,458,751,10/09/2019,11/09/2019,27.2160,3,0.20,9.8658,8.8720
847,527,1417,16/09/2019,09/10/2019,214.9000,5,0.00,62.3210,42.9800
848,403,1272,30/03/2019,22/04/2019,583.8000,5,0.20,72.9750,116.5600
849,22,659,12/11/2019,11/12/2019,16.9500,1,0.00,1.0170,16.9500
850,390,574,31/01/2019,27/02/2019,14.6200,2,0.00,6.8714,7.3100
851,43,1367,28/07/2019,12/08/2019,14.1360,2,0.60,-7.7748,6.4680
852,780,1036,10/09/2019,09/10/2019,21.4000,5,0.00,6.2060,4.2800
853,480,448,16/11/2019,29/11/2019,163.9600,5,0.20,59.4355,32.5920
854,402,307,13/07/2019,29/07/2019,1799.9700,5,0.40,239.9960,359.5940
855,571,1809,18/06/2019,12/07/2019,78.8000,1,0.00,1.5760,78.8000
856,601,1521,09/05/2019,25/05/2019,29.9600,7,0.00,13.4820,4.2800
857,247,1105,14/12/2019,11/01/2020,517.4050,5,0.30,-81.3065,103.1810
858,656,1115,01/04/2019,08/04/2019,18.6900,7,0.00,5.2332,2.6700
859,698,1031,17/09/2019,19/09/2019,119.0400,6,0.00,35.7120,19.8400
860,408,1455,23/01/2019,10/02/2019,9.9600,2,0.00,3.2868,4.9800
861,6,814,18/06/2019,23/06/2019,71.9840,2,0.20,25.1944,35.7920
862,456,761,12/09/2019,12/10/2019,42.6800,4,0.00,19.6328,10.6700
863,8,812,31/03/2019,22/04/2019,36.2880,7,0.20,12.7008,4.9840
864,248,372,10/01/2019,20/01/2019,230.2800,3,0.20,23.0280,76.5600
865,707,241,19/02/2019,07/03/2019,328.2240,4,0.20,28.7196,81.8560
866,717,1832,20/02/2019,28/02/2019,5.8800,1,0.20,1.9845,5.6800
867,662,1492,15/12/2019,27/12/2019,26.1600,4,0.00,12.8184,6.5400
868,442,223,09/12/2019,04/01/2020,25.4720,4,0.20,7.6416,6.1680
869,768,1771,14/10/2019,04/11/2019,63.8240,2,0.20,9.5736,31.7120
870,459,1020,24/06/2019,12/07/2019,26.1800,7,0.00,0.5236,3.7400
871,15,1455,01/06/2019,20/06/2019,3.9840,2,0.60,-2.6892,1.3920
872,686,537,21/04/2019,07/05/2019,11.4300,3,0.00,5.3721,3.8100
873,221,114,05/12/2019,14/12/2019,27.1800,1,0.00,12.7746,27.1800
874,677,154,13/10/2019,01/11/2019,57.9600,7,0.00,27.2412,8.2800
875,137,1340,05/07/2019,02/08/2019,35.1680,4,0.20,11.4296,8.5920
876,142,1354,07/04/2019,30/04/2019,405.8600,7,0.00,32.4688,57.9800
877,730,852,03/12/2019,04/12/2019,39.9600,5,0.20,12.9870,7.7920
878,418,924,03/12/2019,12/12/2019,4.3560,2,0.80,-11.7612,1.3780
879,571,445,08/08/2019,01/09/2019,74.7600,3,0.00,34.3896,24.9200
880,339,158,04/05/2019,10/05/2019,344.9100,3,0.00,10.3473,114.9700
881,565,924,28/04/2019,28/05/2019,26.1360,3,0.20,1.9602,8.5120
882,752,381,01/07/2019,28/07/2019,57.5840,2,0.20,20.1544,28.5920
883,519,1464,29/06/2019,18/07/2019,256.7840,1,0.20,32.0980,256.5840
884,559,540,10/01/2019,31/01/2019,469.9500,5,0.00,131.5860,93.9900
885,383,29,13/03/2019,18/03/2019,289.8000,7,0.20,36.2250,41.2000
886,122,159,01/07/2019,12/07/2019,662.8800,3,0.20,74.5740,220.7600
887,140,178,01/09/2019,16/09/2019,70.7200,4,0.20,-6.1880,17.4800
888,133,272,22/09/2019,14/10/2019,22.9600,2,0.00,10.7912,11.4800
889,518,544,04/10/2019,15/10/2019,203.8800,5,0.20,20.3880,40.5760
890,318,350,25/04/2019,08/05/2019,1199.9800,2,0.00,467.9922,599.9900
891,51,360,02/11/2019,11/11/2019,16.2800,2,0.00,6.5120,8.1400
892,41,211,29/01/2019,22/02/2019,1618.3700,13,0.00,356.0414,124.4900
893,641,290,19/01/2019,07/02/2019,20.7360,4,0.20,7.2576,4.9840
894,775,1794,18/12/2019,03/01/2020,33.5280,3,0.20,2.5146,10.9760
895,44,858,06/06/2019,16/06/2019,33.0400,8,0.00,15.5288,4.1300
896,607,124,15/01/2019,14/02/2019,243.9920,7,0.20,30.4990,34.6560
897,355,330,26/03/2019,07/04/2019,38.8800,6,0.00,19.0512,6.4800
898,506,659,09/03/2019,24/03/2019,40.6800,3,0.20,-7.1190,13.3600
899,484,312,05/04/2019,28/04/2019,35.7120,8,0.20,2.2320,4.2640
900,125,163,13/01/2019,31/01/2019,62.8200,9,0.00,29.5254,6.9800
901,187,45,23/08/2019,09/09/2019,6.9840,1,0.20,2.3571,6.7840
902,12,930,18/09/2019,26/09/2019,14.2000,1,0.20,3.3725,14.0000
903,369,424,31/10/2019,05/11/2019,37.9400,2,0.00,18.2112,18.9700
904,99,1556,06/08/2019,13/08/2019,9.0960,1,0.20,1.7055,8.8960
905,760,1464,04/01/2019,28/01/2019,1604.9000,5,0.00,481.4700,320.9800
906,679,269,30/06/2019,27/07/2019,307.1360,4,0.20,26.8744,76.5840
907,505,54,03/05/2019,27/05/2019,329.5840,2,0.20,37.0782,164.5920
908,305,365,22/08/2019,05/09/2019,29.0400,3,0.00,13.9392,9.6800
909,451,1669,16/03/2019,23/03/2019,25.6320,3,0.20,3.8448,8.3440
910,67,1454,25/06/2019,09/07/2019,51.9000,3,0.00,24.3930,17.3000
911,549,931,17/09/2019,07/10/2019,58.2400,4,0.00,15.7248,14.5600
912,541,1368,08/08/2019,18/08/2019,1202.9400,3,0.00,300.7350,400.9800
913,435,937,25/06/2019,20/07/2019,89.3400,6,0.00,24.1218,14.8900
914,255,1155,08/01/2019,10/01/2019,119.0400,6,0.00,30.9504,19.8400
915,52,399,21/11/2019,11/12/2019,63.4880,4,0.20,4.7616,15.6720
916,502,136,31/10/2019,27/11/2019,14.7000,5,0.00,3.9690,2.9400
917,318,469,24/10/2019,27/10/2019,381.4400,2,0.20,23.8400,190.5200
918,167,219,22/12/2019,09/01/2020,205.9920,1,0.20,-2.5749,205.7920
919,170,1195,15/12/2019,27/12/2019,218.3520,3,0.20,-19.1058,72.5840
920,373,1442,02/01/2019,21/01/2019,191.0790,3,0.30,-38.2158,63.3930
921,167,1138,09/12/2019,27/12/2019,1007.9440,7,0.20,75.5958,143.7920
922,270,111,23/05/2019,15/06/2019,40.0960,14,0.20,14.5348,2.6640
923,244,38,11/05/2019,14/05/2019,521.9600,4,0.50,-250.5408,129.9900
924,561,54,25/12/2019,28/12/2019,329.5840,2,0.20,37.0782,164.5920
925,749,991,20/07/2019,27/07/2019,3040.0000,8,0.00,1459.2000,380.0000
926,556,383,14/01/2019,24/01/2019,6.6720,6,0.20,0.5004,0.9120
927,575,1183,31/03/2019,07/04/2019,133.1200,5,0.20,49.9200,26.4240
928,690,433,11/08/2019,21/08/2019,2735.9520,6,0.20,341.9940,455.7920
929,170,305,12/09/2019,26/09/2019,8.1600,5,0.70,-5.7120,0.9320
930,664,88,19/11/2019,04/12/2019,10.7200,2,0.20,1.7420,5.1600
931,753,109,27/11/2019,22/12/2019,121.5360,4,0.20,15.1920,30.1840
932,589,219,08/05/2019,11/05/2019,617.9760,3,0.20,-7.7247,205.7920
933,512,399,23/01/2019,19/02/2019,39.6800,2,0.00,10.3168,19.8400
934,173,723,09/04/2019,12/04/2019,130.1120,2,0.20,13.0112,64.8560
935,169,101,24/11/2019,22/12/2019,447.9300,9,0.00,49.2723,49.7700
936,771,614,23/11/2019,07/12/2019,45.8880,4,0.20,9.1776,11.2720
937,394,1490,14/04/2019,10/05/2019,299.9800,2,0.00,83.9944,149.9900
938,646,905,26/12/2019,13/01/2020,11.2120,2,0.80,-16.8180,4.8060
939,379,1379,18/07/2019,03/08/2019,4.9280,2,0.20,0.7392,2.2640
940,51,1746,22/03/2019,17/04/2019,353.8800,6,0.00,17.6940,58.9800
941,31,351,01/02/2019,14/02/2019,62.3100,3,0.00,29.2857,20.7700
942,109,1792,24/07/2019,26/07/2019,99.9500,5,0.00,22.9885,19.9900
943,185,694,29/08/2019,21/09/2019,34.4400,3,0.00,17.2200,11.4800
944,210,1612,10/05/2019,27/05/2019,95.8400,4,0.20,34.7420,23.7600
945,231,754,09/01/2019,01/02/2019,17.4800,2,0.00,8.2156,8.7400
946,568,509,30/07/2019,15/08/2019,235.9440,3,0.20,85.5297,78.4480
947,618,42,05/05/2019,02/06/2019,194.7000,5,0.00,9.7350,38.9400
948,9,348,28/03/2019,24/04/2019,43.8000,6,0.00,20.5860,7.3000
949,108,1696,09/08/2019,11/08/2019,10.5000,5,0.00,2.9400,2.1000
950,622,272,11/06/2019,03/07/2019,55.1040,6,0.20,18.5976,8.9840
951,274,604,05/09/2019,18/09/2019,179.9700,3,0.00,86.3856,59.9900
952,748,1752,22/01/2019,11/02/2019,45.9800,1,0.00,7.8166,45.9800
953,355,1175,21/07/2019,11/08/2019,67.1940,1,0.70,-51.5154,66.4940
954,598,1442,26/12/2019,19/01/2020,327.5640,4,0.10,21.8376,81.7910
955,414,636,02/04/2019,12/04/2019,872.3200,4,0.00,244.2496,218.0800
956,62,1840,19/02/2019,21/03/2019,207.1840,1,0.20,25.8980,206.9840
957,139,281,26/12/2019,27/12/2019,18.1920,4,0.70,-14.5536,3.8480
958,516,82,05/10/2019,10/10/2019,114.8480,4,0.20,35.8900,28.5120
959,373,589,17/10/2019,02/11/2019,15.2800,2,0.00,7.4872,7.6400
960,754,1262,22/05/2019,27/05/2019,26.4900,1,0.00,7.4172,26.4900
961,456,1397,15/10/2019,16/10/2019,226.2000,5,0.00,58.8120,45.2400
962,69,1387,31/01/2019,05/02/2019,22.3860,7,0.80,-35.8176,2.3980
963,276,490,05/01/2019,04/02/2019,1669.6000,4,0.00,116.8720,417.4000
964,745,1071,15/05/2019,10/06/2019,94.1920,7,0.80,-164.8360,12.6560
965,686,1183,05/07/2019,19/07/2019,19.9680,2,0.70,-13.3120,9.2840
966,340,496,07/02/2019,24/02/2019,124.7920,1,0.20,15.5990,124.5920
967,251,327,02/10/2019,31/10/2019,23.2000,4,0.00,10.4400,5.8000
968,767,439,14/03/2019,02/04/2019,189.8820,3,0.40,-94.9410,62.8940
969,718,901,29/10/2019,07/11/2019,8.8080,3,0.80,-14.9736,2.1360
970,541,177,07/06/2019,22/06/2019,2.8640,4,0.80,-4.5824,-0.0840
971,46,1637,18/05/2019,10/06/2019,7.3800,2,0.00,3.4686,3.6900
972,473,1025,05/10/2019,18/10/2019,54.3200,4,0.00,0.5432,13.5800
973,438,1006,20/09/2019,23/09/2019,236.0000,4,0.00,40.1200,59.0000
974,9,810,30/08/2019,04/09/2019,393.5680,4,0.20,-44.2764,98.1920
975,549,908,06/08/2019,31/08/2019,107.9400,3,0.00,26.9850,35.9800
976,217,1335,13/08/2019,09/09/2019,704.9000,5,0.00,56.3920,140.9800
977,260,1233,13/07/2019,19/07/2019,4007.8400,10,0.20,-50.0980,400.5840
978,536,1782,17/07/2019,24/07/2019,319.9200,8,0.00,118.3704,39.9900
979,295,250,25/07/2019,30/07/2019,7.2800,2,0.20,2.7300,3.4400
980,182,1578,18/09/2019,02/10/2019,25.0600,2,0.00,11.7782,12.5300
981,466,72,08/12/2019,02/01/2020,303.2500,5,0.00,63.6825,60.6500
982,686,304,11/07/2019,21/07/2019,34.5400,1,0.00,17.2700,34.5400
983,700,471,31/03/2019,11/04/2019,783.9600,5,0.20,78.3960,156.5920
984,779,1695,25/05/2019,26/05/2019,1.8240,2,0.20,0.6156,0.7120
985,9,1119,27/02/2019,28/02/2019,111.9600,5,0.20,-1.3995,22.1920
986,753,154,03/03/2019,10/03/2019,9.3440,1,0.20,3.5040,9.1440
987,239,1259,06/05/2019,18/05/2019,2.8160,2,0.20,0.9856,1.2080
988,766,1322,13/04/2019,29/04/2019,199.9800,2,0.00,87.9912,99.9900
989,285,764,15/01/2019,11/02/2019,1649.7500,5,0.00,544.4175,329.9500
990,67,1206,13/08/2019,12/09/2019,15.6960,3,0.20,5.1012,5.0320
991,617,1210,14/10/2019,13/11/2019,243.9200,5,0.20,-15.2450,48.5840
992,177,948,22/12/2019,26/12/2019,126.6240,6,0.20,41.1528,20.9040
993,4,239,25/08/2019,23/09/2019,1.6240,2,0.80,-4.4660,0.0120
994,515,89,24/06/2019,01/07/2019,15.5520,3,0.20,5.4432,4.9840
995,770,147,22/02/2019,11/03/2019,26.3800,1,0.00,12.1348,26.3800
996,193,1394,13/06/2019,26/06/2019,15.9200,5,0.20,5.3730,2.9840
997,454,1529,06/06/2019,14/06/2019,51.5500,5,0.00,24.2285,10.3100
998,609,1561,06/08/2019,02/09/2019,65.1200,4,0.00,16.9312,16.2800
999,591,833,04/08/2019,17/08/2019,171.9600,2,0.00,44.7096,85.9800
1000,196,463,24/10/2019,26/10/2019,73.5680,4,0.20,-16.5528,18.1920
1001,601,185,19/11/2019,21/11/2019,7.5600,3,0.00,3.0996,2.5200
1002,260,1594,19/09/2019,21/09/2019,239.6660,2,0.15,14.0980,119.6830
1003,672,1577,02/02/2019,20/02/2019,523.9200,5,0.20,-72.0390,104.5840
1004,118,1477,23/09/2019,24/09/2019,25.6800,6,0.00,11.5560,4.2800
1005,415,589,03/10/2019,16/10/2019,12.2240,2,0.20,4.4312,5.9120
1006,776,643,09/07/2019,19/07/2019,35.5680,2,0.20,5.7798,17.5840
1007,115,613,12/09/2019,19/09/2019,92.8800,6,0.20,30.1860,15.2800
1008,170,1317,05/02/2019,07/03/2019,41.8600,7,0.00,20.5114,5.9800
1009,491,724,24/05/2019,09/06/2019,10.3680,2,0.20,3.6288,4.9840
1010,699,320,02/05/2019,25/05/2019,4.2600,1,0.00,1.7466,4.2600
1011,493,1316,11/12/2019,13/12/2019,6.4800,1,0.00,3.1104,6.4800
1012,555,1119,20/03/2019,17/04/2019,89.5680,4,0.20,-1.1196,22.1920
1013,300,947,23/09/2019,23/10/2019,94.2000,6,0.00,23.5500,15.7000
1014,71,154,12/02/2019,16/02/2019,16.5600,2,0.00,7.7832,8.2800
1015,788,1213,31/05/2019,28/06/2019,16.0600,1,0.00,4.1756,16.0600
1016,704,913,04/03/2019,12/03/2019,232.4000,5,0.20,78.4350,46.2800
1017,174,568,05/07/2019,20/07/2019,27.8160,3,0.20,4.5201,9.0720
1018,453,1565,04/12/2019,11/12/2019,9.6800,2,0.00,3.7752,4.8400
1019,564,686,04/12/2019,18/12/2019,95.7360,3,0.20,20.3439,31.7120
1020,144,410,18/09/2019,19/09/2019,79.9920,1,0.20,21.9978,79.7920
1021,289,666,22/07/2019,06/08/2019,369.5440,7,0.20,27.7158,52.5920
1022,543,627,08/04/2019,27/04/2019,181.3500,9,0.00,48.9645,20.1500
1023,463,1286,22/12/2019,30/12/2019,34.3600,1,0.20,-7.3015,34.1600
1024,396,1555,22/04/2019,04/05/2019,87.4000,5,0.00,34.9600,17.4800
1025,147,700,24/06/2019,17/07/2019,13.9440,3,0.20,4.5318,4.4480
1026,49,1187,20/05/2019,27/05/2019,90.6400,8,0.00,38.9752,11.3300
1027,368,793,27/03/2019,29/03/2019,8.4000,2,0.00,4.1160,4.2000
1028,492,162,27/08/2019,25/09/2019,179.9700,3,0.00,44.9925,59.9900
1029,370,1565,15/01/2019,14/02/2019,15.4880,4,0.20,3.6784,3.6720
1030,156,1187,21/12/2019,09/01/2020,90.6400,8,0.00,38.9752,11.3300
1031,371,1765,03/04/2019,10/04/2019,33.4880,7,0.20,10.4650,4.5840
1032,431,138,03/11/2019,25/11/2019,143.7000,3,0.00,68.9760,47.9000
1033,487,1413,26/11/2019,22/12/2019,423.2800,11,0.00,110.0528,38.4800
1034,280,1355,30/09/2019,25/10/2019,273.9600,2,0.00,71.2296,136.9800
1035,338,1138,12/10/2019,22/10/2019,719.9600,5,0.20,53.9970,143.7920
1036,754,773,05/11/2019,16/11/2019,104.8000,10,0.00,26.2000,10.4800
1037,62,96,30/05/2019,23/06/2019,12.9800,1,0.00,3.7642,12.9800
1038,233,154,06/09/2019,10/09/2019,56.0640,6,0.20,21.0240,9.1440
1039,195,1193,05/07/2019,24/07/2019,23.3440,2,0.20,-1.4590,11.4720
1040,388,393,28/11/2019,03/12/2019,584.8200,9,0.00,70.1784,64.9800
1041,379,1259,23/05/2019,28/05/2019,3.5200,2,0.00,1.6896,1.7600
1042,335,754,14/05/2019,10/06/2019,48.9440,7,0.20,16.5186,6.7920
1043,13,454,06/11/2019,12/11/2019,38.0400,2,0.00,12.1728,19.0200
1044,768,308,21/06/2019,04/07/2019,10.7760,3,0.20,3.5022,3.3920
1045,550,990,22/07/2019,20/08/2019,152.8000,5,0.00,76.4000,30.5600
1046,612,324,10/01/2019,09/02/2019,144.7840,1,0.20,10.8588,144.5840
1047,615,79,04/07/2019,17/07/2019,13.3920,8,0.70,-9.8208,0.9740
1048,608,1531,19/10/2019,15/11/2019,18.0000,1,0.00,3.2400,18.0000
1049,678,1502,30/10/2019,13/11/2019,164.8500,3,0.00,47.8065,54.9500
1050,759,709,07/06/2019,20/06/2019,7.8300,3,0.00,3.6018,2.6100
1051,112,1430,19/06/2019,10/07/2019,15.0080,4,0.60,-12.0064,3.1520
1052,710,718,06/06/2019,27/06/2019,704.7600,5,0.20,26.4285,140.7520
1053,474,998,09/02/2019,18/02/2019,30.8160,9,0.20,2.6964,3.2240
1054,396,1538,19/09/2019,18/10/2019,91.6000,5,0.00,26.5640,18.3200
1055,184,1012,31/10/2019,11/11/2019,33.5200,2,0.20,3.3520,16.5600
1056,45,1011,08/07/2019,25/07/2019,154.9000,5,0.00,69.7050,30.9800
1057,420,419,05/12/2019,24/12/2019,363.6480,4,0.20,-86.3664,90.7120
1058,668,1838,10/08/2019,26/08/2019,99.9000,5,0.00,46.9530,19.9800
1059,36,1318,08/04/2019,17/04/2019,431.9760,3,0.20,-75.5958,143.7920
1060,560,611,10/02/2019,17/02/2019,41.3760,3,0.20,4.6548,13.5920
1061,105,1257,06/11/2019,21/11/2019,123.9200,5,0.20,9.2940,24.5840
1062,307,1592,25/03/2019,29/03/2019,62.5920,8,0.20,13.3008,7.6240
1063,460,1406,03/08/2019,30/08/2019,259.9600,4,0.00,124.7808,64.9900
1064,340,786,19/07/2019,05/08/2019,17.1200,4,0.00,4.9648,4.2800
1065,72,1564,27/10/2019,08/11/2019,549.9900,1,0.00,274.9950,549.9900
1066,516,884,02/10/2019,04/10/2019,559.9920,1,0.20,174.9975,559.7920
1067,395,563,08/09/2019,10/09/2019,22.7200,4,0.00,10.2240,5.6800
1068,279,1688,19/06/2019,16/07/2019,12.3000,5,0.00,6.1500,2.4600
1069,125,287,16/01/2019,24/01/2019,6.2640,3,0.20,2.0358,1.8880
1070,476,1135,12/12/2019,14/12/2019,113.9200,4,0.00,42.1504,28.4800
1071,470,1162,15/01/2019,25/01/2019,34.6500,3,0.00,10.3950,11.5500
1072,711,1053,03/04/2019,25/04/2019,10.1920,7,0.20,1.0192,1.2560
1073,537,1071,05/01/2019,02/02/2019,107.6480,2,0.20,33.6400,53.6240
1074,672,1104,28/07/2019,11/08/2019,6.4800,1,0.00,3.1104,6.4800
1075,514,15,08/07/2019,30/07/2019,206.4300,3,0.00,90.8292,68.8100
1076,538,981,31/07/2019,07/08/2019,27.1200,4,0.00,12.4752,6.7800
1077,536,1574,08/04/2019,03/05/2019,69.3750,1,0.50,-47.1750,68.8750
1078,184,750,14/02/2019,24/02/2019,1.8000,5,0.80,-2.8800,-0.4400
1079,438,494,29/01/2019,06/02/2019,8.7520,4,0.60,-3.7196,1.5880
1080,92,52,27/08/2019,09/09/2019,71.9920,1,0.20,-0.8999,71.7920
1081,652,1163,16/06/2019,11/07/2019,896.9900,1,0.00,421.5853,896.9900
1082,577,258,11/08/2019,27/08/2019,477.6000,3,0.20,161.1900,159.0000
1083,23,1722,28/04/2019,02/05/2019,141.7600,4,0.00,66.6272,35.4400
1084,217,329,02/04/2019,13/04/2019,104.7900,7,0.00,29.3412,14.9700
1085,55,463,08/09/2019,08/10/2019,160.9300,7,0.00,3.2186,22.9900
1086,262,483,01/03/2019,30/03/2019,20.0400,3,0.00,9.6192,6.6800
1087,80,119,20/07/2019,09/08/2019,30.6720,3,0.20,9.5850,10.0240
1088,703,1458,06/05/2019,20/05/2019,186.7320,1,0.10,41.4960,186.6320
1089,485,143,28/12/2019,09/01/2020,102.9300,3,0.00,48.3771,34.3100
1090,469,292,28/10/2019,01/11/2019,241.5680,2,0.20,18.1176,120.5840
1091,793,1414,28/04/2019,06/05/2019,0.9900,1,0.00,0.4356,0.9900
1092,37,1449,30/11/2019,30/12/2019,9.4800,1,0.00,3.7920,9.4800
1093,592,972,21/10/2019,03/11/2019,264.1800,7,0.00,68.6868,37.7400
1094,705,245,05/04/2019,17/04/2019,74.4160,2,0.20,-14.8832,37.0080
1095,380,540,08/07/2019,26/07/2019,150.3840,2,0.20,15.0384,74.9920
1096,270,295,29/05/2019,14/06/2019,17.9000,5,0.00,8.9500,3.5800
1097,184,298,20/09/2019,23/09/2019,1454.4900,9,0.00,378.1674,161.6100
1098,456,876,06/08/2019,21/08/2019,25.3000,5,0.00,11.8910,5.0600
1099,94,549,10/09/2019,26/09/2019,5.1840,1,0.20,1.8792,4.9840
1100,499,634,28/08/2019,12/09/2019,311.1500,5,0.00,146.2405,62.2300
1101,638,1586,06/03/2019,21/03/2019,79.9900,1,0.00,28.7964,79.9900
1102,210,1158,01/12/2019,08/12/2019,12.0000,4,0.20,4.2000,2.8000
1103,664,1034,22/01/2019,04/02/2019,7.1600,1,0.20,-0.0895,6.9600
1104,254,1295,09/08/2019,07/09/2019,54.4800,1,0.00,15.2544,54.4800
1105,62,926,27/01/2019,08/02/2019,3.6900,1,0.00,1.7343,3.6900
1106,754,129,05/11/2019,04/12/2019,31.5600,5,0.20,9.8625,6.1120
1107,658,309,21/02/2019,02/03/2019,1.9280,2,0.80,-2.9884,0.1640
1108,194,810,04/12/2019,27/12/2019,221.3820,2,0.10,2.4598,110.5910
1109,784,744,29/05/2019,08/06/2019,4.6080,2,0.20,1.6704,2.1040
1110,624,899,26/05/2019,22/06/2019,675.0600,3,0.00,87.7578,225.0200
1111,785,355,07/09/2019,07/10/2019,28.0480,2,0.20,3.5060,13.8240
1112,692,792,01/02/2019,21/02/2019,210.5800,2,0.00,12.6348,105.2900
1113,546,586,25/10/2019,19/11/2019,19.4400,3,0.00,9.3312,6.4800
1114,330,892,03/07/2019,30/07/2019,764.6880,6,0.20,95.5860,127.2480
1115,230,223,22/01/2019,06/02/2019,23.3760,3,0.20,7.0128,7.5920
1116,116,1179,05/06/2019,11/06/2019,25.9200,4,0.00,12.4416,6.4800
1117,110,97,22/05/2019,16/06/2019,11.5400,1,0.00,5.5392,11.5400
1118,786,91,12/06/2019,02/07/2019,14.2240,2,0.60,-10.3124,6.5120
1119,585,411,22/05/2019,21/06/2019,51.3120,3,0.20,18.6006,16.9040
1120,754,1233,25/04/2019,04/05/2019,801.5680,2,0.20,-10.0196,400.5840
1121,76,905,14/07/2019,02/08/2019,22.4240,1,0.20,8.4090,22.2240
1122,186,249,16/01/2019,04/02/2019,7.0400,4,0.00,3.0976,1.7600
1123,149,1446,28/12/2019,23/01/2020,113.8880,2,0.20,9.9652,56.7440
1124,62,466,13/12/2019,20/12/2019,24.2240,2,0.20,-4.8448,11.9120
1125,110,217,28/06/2019,17/07/2019,1579.7460,7,0.40,-447.5947,225.2780
1126,527,1531,23/10/2019,18/11/2019,18.0000,1,0.00,3.2400,18.0000
1127,440,495,11/11/2019,02/12/2019,13.8600,7,0.00,0.0000,1.9800
1128,517,686,16/07/2019,31/07/2019,159.5600,4,0.00,59.0372,39.8900
1129,85,427,12/04/2019,22/04/2019,563.4000,4,0.00,67.6080,140.8500
1130,607,1053,20/10/2019,03/11/2019,3.6400,2,0.00,1.0192,1.8200
1131,697,1411,14/03/2019,20/03/2019,27.1680,4,0.20,-1.3584,6.5920
1132,351,1336,14/12/2019,22/12/2019,217.5840,2,0.20,-29.9178,108.5920
1133,594,1690,01/06/2019,14/06/2019,85.0560,3,0.20,28.7064,28.1520
1134,352,1254,09/01/2019,12/01/2019,20.1040,2,0.60,-16.5858,9.4520
1135,585,61,09/12/2019,02/01/2020,27.9600,5,0.20,8.3880,5.3920
1136,292,136,26/01/2019,27/01/2019,5.8800,2,0.00,1.5876,2.9400
1137,14,1798,05/06/2019,03/07/2019,1091.9300,7,0.00,272.9825,155.9900
1138,296,842,29/07/2019,28/08/2019,715.6400,2,0.00,178.9100,357.8200
1139,334,281,01/03/2019,11/03/2019,12.1280,4,0.80,-20.6176,2.2320
1140,356,117,19/10/2019,11/11/2019,62.7200,4,0.00,24.4608,15.6800
1141,280,272,19/01/2019,20/01/2019,45.9200,5,0.20,15.4980,8.9840
1142,300,753,25/06/2019,27/06/2019,699.9800,2,0.00,195.9944,349.9900
1143,543,536,18/07/2019,09/08/2019,194.3200,4,0.00,56.3528,48.5800
1144,558,1388,05/12/2019,04/01/2020,539.9700,3,0.00,134.9925,179.9900
1145,165,521,24/11/2019,08/12/2019,3.2820,2,0.70,-2.6256,0.9410
1146,700,473,24/02/2019,20/03/2019,27.3960,3,0.70,-20.0904,8.4320
1147,407,721,17/06/2019,01/07/2019,68.1120,3,0.20,17.8794,22.5040
1148,146,1785,14/09/2019,29/09/2019,83.9000,2,0.00,22.6530,41.9500
1149,573,548,12/07/2019,13/07/2019,18.7500,5,0.00,9.0000,3.7500
1150,441,368,02/06/2019,16/06/2019,387.1360,4,0.20,-14.5176,96.5840
1151,195,1529,15/05/2019,18/05/2019,16.4960,2,0.20,5.5674,8.0480
1152,4,1254,04/02/2019,10/02/2019,20.1040,1,0.20,1.7591,19.9040
1153,738,347,30/07/2019,02/08/2019,13.1200,4,0.00,4.3296,3.2800
1154,490,292,30/11/2019,02/12/2019,317.0580,3,0.30,-18.1176,105.3860
1155,296,563,06/04/2019,21/04/2019,17.0400,3,0.00,7.6680,5.6800
1156,690,1695,03/01/2019,07/01/2019,5.4720,6,0.20,1.8468,0.7120
1157,518,1418,25/09/2019,11/10/2019,160.9600,2,0.00,48.2880,80.4800
1158,49,995,26/02/2019,22/03/2019,69.2800,2,0.00,33.2544,34.6400
1159,730,995,18/10/2019,17/11/2019,242.4800,7,0.00,116.3904,34.6400
1160,386,1326,30/09/2019,09/10/2019,366.7860,7,0.10,65.2064,52.2980
1161,78,665,12/03/2019,07/04/2019,287.9700,3,0.00,77.7519,95.9900
1162,449,1002,07/03/2019,24/03/2019,19.4400,3,0.00,9.3312,6.4800
1163,786,739,25/05/2019,19/06/2019,10.3680,2,0.20,3.6288,4.9840
1164,797,1402,05/07/2019,19/07/2019,25.9200,4,0.00,12.4416,6.4800
1165,286,213,16/05/2019,18/05/2019,70.6860,1,0.30,-24.2352,70.3860
1166,121,1353,01/04/2019,26/04/2019,155.3700,1,0.40,-36.2530,154.9700
1167,790,815,25/05/2019,30/05/2019,26.7000,2,0.00,7.4760,13.3500
1168,645,1472,10/01/2019,09/02/2019,207.3500,5,0.00,24.8820,41.4700
1169,749,652,27/07/2019,02/08/2019,319.9840,2,0.20,91.9954,159.7920
1170,731,626,21/09/2019,16/10/2019,3.8820,3,0.80,-5.8230,0.4940
1171,586,1191,06/11/2019,17/11/2019,97.3000,7,0.00,28.2170,13.9000
1172,80,1112,08/08/2019,05/09/2019,39.2800,8,0.00,19.2472,4.9100
1173,507,1717,09/10/2019,05/11/2019,12.6000,2,0.00,5.7960,6.3000
1174,503,6,26/02/2019,14/03/2019,48.8600,7,0.00,14.1694,6.9800
1175,160,932,06/06/2019,24/06/2019,16.9000,5,0.00,7.7740,3.3800
1176,665,1043,10/05/2019,19/05/2019,24.8500,7,0.00,11.6795,3.5500
1177,377,1097,28/06/2019,28/07/2019,904.9000,5,0.00,253.3720,180.9800
1178,725,925,13/05/2019,14/05/2019,302.9400,3,0.00,48.4704,100.9800
1179,790,1118,17/11/2019,08/12/2019,46.3840,2,0.20,5.2182,22.9920
1180,782,1211,25/10/2019,20/11/2019,25.3440,6,0.20,3.4848,4.0240
1181,396,1179,19/03/2019,13/04/2019,6.4800,1,0.00,3.1104,6.4800
1182,234,564,05/06/2019,07/06/2019,29.3400,6,0.00,7.9218,4.8900
1183,644,751,20/04/2019,24/04/2019,45.3600,4,0.00,22.2264,11.3400
1184,279,466,14/11/2019,24/11/2019,15.1400,1,0.00,0.6056,15.1400
1185,430,1492,08/05/2019,06/06/2019,20.9280,4,0.20,7.5864,5.0320
1186,276,228,24/09/2019,19/10/2019,7.9800,1,0.00,3.9900,7.9800
1187,517,129,05/04/2019,09/04/2019,39.3120,13,0.20,12.7764,2.8240
1188,634,1732,14/10/2019,31/10/2019,10.7100,3,0.00,2.7846,3.5700
1189,257,299,22/09/2019,02/10/2019,305.0100,9,0.00,76.2525,33.8900
1190,402,257,02/06/2019,14/06/2019,2.0800,5,0.80,-3.4320,-0.3840
1191,30,1135,28/10/2019,18/11/2019,22.7840,1,0.20,4.8416,22.5840
1192,332,287,16/03/2019,01/04/2019,2.6100,1,0.00,1.2006,2.6100
1193,477,720,02/02/2019,08/02/2019,64.9600,4,0.00,9.7440,16.2400
1194,88,1192,02/03/2019,09/03/2019,5.1040,1,0.20,1.6588,4.9040
1195,424,863,30/09/2019,02/10/2019,3.7600,2,0.00,1.0904,1.8800
1196,124,983,11/05/2019,28/05/2019,439.8000,4,0.00,145.1340,109.9500
1197,436,1226,27/04/2019,01/05/2019,57.5820,3,0.70,-44.1462,18.4940
1198,361,1121,05/05/2019,04/06/2019,46.6400,4,0.00,12.5928,11.6600
1199,76,1712,24/08/2019,10/09/2019,64.8480,7,0.20,24.3180,9.0640
1200,351,1115,11/02/2019,17/02/2019,18.6900,7,0.00,5.2332,2.6700
1201,134,1732,14/02/2019,24/02/2019,10.7100,3,0.00,2.7846,3.5700
1202,323,995,22/11/2019,18/12/2019,41.5680,6,0.80,-66.5088,6.1280
1203,196,1441,02/02/2019,04/02/2019,282.8400,4,0.00,19.7988,70.7100
1204,518,1217,20/07/2019,07/08/2019,149.9700,3,0.00,52.4895,49.9900
1205,723,204,30/10/2019,18/11/2019,201.5840,2,0.20,15.1188,100.5920
1206,709,1050,01/10/2019,04/10/2019,339.1360,4,0.20,0.0000,84.5840
1207,581,347,02/11/2019,03/11/2019,13.1200,5,0.20,2.1320,2.4240
1208,505,731,03/01/2019,11/01/2019,134.4800,4,0.00,34.9648,33.6200
1209,720,1266,21/11/2019,01/12/2019,17.7600,2,0.00,4.9728,8.8800
1210,646,1610,07/09/2019,03/10/2019,129.3900,3,0.00,54.3438,43.1300
1211,779,487,10/01/2019,17/01/2019,1295.7800,2,0.00,310.9872,647.8900
1212,148,1277,04/01/2019,11/01/2019,15.5520,3,0.20,5.4432,4.9840
1213,141,1286,17/08/2019,20/08/2019,34.3600,1,0.20,-7.3015,34.1600
1214,47,439,08/02/2019,16/02/2019,189.8820,3,0.40,-94.9410,62.8940
1215,687,365,03/08/2019,04/08/2019,48.4000,5,0.00,23.2320,9.6800
1216,135,325,07/07/2019,19/07/2019,11.1200,4,0.00,2.8912,2.7800
1217,425,482,11/03/2019,28/03/2019,41.2800,6,0.20,13.9320,6.6800
1218,28,1804,03/07/2019,31/07/2019,5.9800,1,0.00,2.9302,5.9800
1219,38,1283,10/11/2019,15/11/2019,14.0160,4,0.80,-31.5360,2.7040
1220,607,656,10/12/2019,09/01/2020,31.0860,3,0.70,-22.7964,9.6620
1221,425,290,22/05/2019,05/06/2019,10.3680,2,0.20,3.6288,4.9840
1222,285,998,19/02/2019,04/03/2019,30.8160,9,0.20,2.6964,3.2240
1223,129,799,28/02/2019,17/03/2019,98.3520,3,0.20,34.4232,32.5840
1224,561,216,14/10/2019,07/11/2019,233.8600,2,0.45,-102.0480,116.4800
1225,615,686,28/08/2019,30/08/2019,159.5600,4,0.00,59.0372,39.8900
1226,318,1428,21/02/2019,06/03/2019,443.9200,5,0.20,-94.3330,88.5840
1227,196,1268,11/05/2019,17/05/2019,38.1360,7,0.20,13.3476,5.2480
1228,481,1051,28/11/2019,23/12/2019,6.6720,3,0.20,1.6680,2.0240
1229,707,629,16/12/2019,04/01/2020,35.1000,6,0.00,10.1790,5.8500
1230,156,1284,21/07/2019,02/08/2019,6.9920,2,0.20,0.5244,3.2960
1231,589,1296,02/08/2019,10/08/2019,87.6000,5,0.00,42.0480,17.5200
1232,22,1330,24/11/2019,02/12/2019,34.9440,6,0.20,11.7936,5.6240
1233,56,1309,03/04/2019,27/04/2019,9.1840,2,0.20,1.1480,4.3920
1234,479,46,11/06/2019,30/06/2019,211.9600,4,0.00,8.4784,52.9900
1235,254,369,08/02/2019,09/03/2019,283.9200,5,0.20,-46.1370,56.5840
1236,162,1517,08/09/2019,28/09/2019,120.9600,2,0.40,-28.2240,60.0800
1237,584,1810,04/12/2019,16/12/2019,29.9250,5,0.70,-21.9450,5.2850
1238,686,615,01/05/2019,28/05/2019,6.0480,7,0.70,-4.2336,0.1640
1239,112,93,15/08/2019,05/09/2019,18.9400,1,0.00,9.4700,18.9400
1240,442,767,25/02/2019,21/03/2019,91.0320,3,0.20,-2.2758,30.1440
1241,328,1013,30/07/2019,11/08/2019,1256.2200,6,0.00,75.3732,209.3700
1242,61,1377,23/02/2019,12/03/2019,6.7320,6,0.70,-4.4880,0.4220
1243,497,1016,25/02/2019,22/03/2019,12.3900,3,0.00,3.7170,4.1300
1244,94,401,21/05/2019,02/06/2019,70.3680,2,0.20,6.1572,34.9840
1245,88,979,15/03/2019,10/04/2019,17.8800,3,0.20,5.5875,5.7600
1246,746,129,11/10/2019,12/10/2019,14.8200,6,0.00,6.9654,2.4700
1247,381,328,26/12/2019,05/01/2020,14.7200,5,0.20,-3.3120,2.7440
1248,563,575,15/08/2019,17/08/2019,299.9750,5,0.50,-167.9860,59.4950
1249,529,412,13/06/2019,17/06/2019,1018.1040,4,0.40,-373.3048,254.1260
1250,446,1662,17/10/2019,19/10/2019,39.9600,2,0.00,19.1808,19.9800
1251,30,655,24/05/2019,31/05/2019,631.7820,2,0.10,140.3960,315.7910
1252,223,1493,13/09/2019,10/10/2019,15.8400,3,0.00,0.0000,5.2800
1253,577,1252,26/09/2019,08/10/2019,46.8000,4,0.00,16.3800,11.7000
1254,13,1066,12/01/2019,28/01/2019,438.3360,4,0.20,-87.6672,109.3840
1255,392,914,20/09/2019,08/10/2019,314.5500,3,0.00,150.9840,104.8500
1256,700,501,23/05/2019,20/06/2019,2.9700,1,0.40,-0.6435,2.5700
1257,44,968,09/01/2019,15/01/2019,10.7600,2,0.00,5.1648,5.3800
1258,199,962,02/09/2019,12/09/2019,217.0560,7,0.20,78.6828,30.8080
1259,488,41,25/03/2019,21/04/2019,110.3760,3,0.20,12.4173,36.5920
1260,784,150,24/08/2019,07/09/2019,29.2400,4,0.00,13.7428,7.3100
1261,505,712,14/01/2019,07/02/2019,25.9200,4,0.00,12.4416,6.4800
1262,562,828,15/03/2019,30/03/2019,12.9600,2,0.00,6.2208,6.4800
1263,427,62,11/02/2019,13/02/2019,4.3040,1,0.20,1.5602,4.1040
1264,799,34,22/05/2019,31/05/2019,52.7600,2,0.00,24.2696,26.3800
1265,53,169,04/03/2019,20/03/2019,113.3720,2,0.30,-3.2392,56.3860
1266,653,316,24/12/2019,30/12/2019,3.0480,1,0.20,1.0668,2.8480
1267,161,217,22/01/2019,03/02/2019,620.6145,3,0.45,-248.2458,206.4215
1268,748,753,18/05/2019,19/05/2019,1049.9700,5,0.40,-209.9940,209.5940
1269,645,1029,09/10/2019,08/11/2019,24.6400,8,0.00,11.8272,3.0800
1270,386,445,07/11/2019,24/11/2019,22.4280,3,0.70,-17.9424,6.7760
1271,162,910,05/11/2019,26/11/2019,62.9100,3,0.00,22.6476,20.9700
1272,585,1029,14/10/2019,24/10/2019,21.5600,7,0.00,10.3488,3.0800
1273,566,464,22/01/2019,02/02/2019,185.5280,7,0.20,48.7011,26.3040
1274,460,387,21/07/2019,17/08/2019,4.8120,2,0.70,-3.6892,1.7060
1275,112,1527,02/03/2019,25/03/2019,707.8800,3,0.20,44.2425,235.7600
1276,629,694,12/08/2019,01/09/2019,34.4400,3,0.00,17.2200,11.4800
1277,108,1548,03/06/2019,25/06/2019,89.5680,2,0.20,32.4684,44.5840
1278,425,128,10/09/2019,25/09/2019,78.3040,2,0.20,29.3640,38.9520
1279,593,883,17/08/2019,22/08/2019,223.8880,7,0.20,69.9650,31.7840
1280,762,56,18/03/2019,07/04/2019,10.3680,2,0.20,3.6288,4.9840
1281,403,1128,27/04/2019,30/04/2019,8.8560,3,0.20,2.9889,2.7520
1282,175,906,04/07/2019,31/07/2019,233.0580,3,0.30,-53.2704,77.3860
1283,508,958,01/11/2019,18/11/2019,279.9000,5,0.00,137.1510,55.9800
1284,789,100,11/05/2019,21/05/2019,43.0560,9,0.20,15.6078,4.5840
1285,277,155,10/08/2019,08/09/2019,17.3000,1,0.00,8.3040,17.3000
1286,334,1577,31/07/2019,07/08/2019,458.4300,5,0.30,-137.5290,91.3860
1287,623,636,31/01/2019,16/02/2019,872.3200,4,0.00,244.2496,218.0800
1288,180,15,22/11/2019,29/11/2019,110.0960,2,0.20,33.0288,54.8480
1289,34,929,26/05/2019,04/06/2019,183.8400,8,0.00,62.5056,22.9800
1290,634,306,06/02/2019,07/03/2019,52.2720,11,0.20,17.6418,4.5520
1291,108,822,22/07/2019,23/07/2019,58.5800,2,0.00,19.3314,29.2900
1292,124,1071,09/03/2019,11/03/2019,121.1040,6,0.70,-100.9200,19.4840
1293,39,80,06/03/2019,08/03/2019,35.7600,12,0.00,10.0128,2.9800
1294,177,35,30/06/2019,15/07/2019,391.9800,2,0.00,113.6742,195.9900
1295,605,126,26/04/2019,21/05/2019,159.0400,5,0.60,-194.8240,31.2080
1296,316,567,01/10/2019,25/10/2019,2.6880,3,0.80,-7.3920,0.0960
1297,46,1400,11/06/2019,08/07/2019,8.0160,3,0.20,1.0020,2.4720
1298,343,780,28/02/2019,13/03/2019,12.9900,1,0.00,0.2598,12.9900
1299,224,897,22/04/2019,18/05/2019,41.8500,5,0.00,10.8810,8.3700
1300,406,233,15/02/2019,08/03/2019,271.4400,3,0.00,122.1480,90.4800
1301,348,115,16/07/2019,03/08/2019,945.0360,6,0.40,-299.2614,157.1060
1302,340,505,05/05/2019,16/05/2019,8.7920,1,0.60,-5.7148,8.1920
1303,21,538,05/04/2019,15/04/2019,405.6400,4,0.00,12.1692,101.4100
1304,541,856,22/04/2019,22/05/2019,12.7680,2,0.20,0.9576,6.1840
1305,82,201,26/05/2019,12/06/2019,1628.8200,9,0.00,374.6286,180.9800
1306,40,543,26/08/2019,20/09/2019,12.5880,3,0.80,-20.1408,3.3960
1307,629,411,14/08/2019,04/09/2019,19.2420,3,0.70,-13.4694,5.7140
1308,255,112,04/05/2019,09/05/2019,7.0800,3,0.20,2.4780,2.1600
1309,5,65,31/10/2019,12/11/2019,213.1150,5,0.30,-15.2225,42.3230
1310,279,492,23/06/2019,13/07/2019,27.0180,6,0.70,-21.6144,3.8030
1311,99,985,06/10/2019,27/10/2019,153.5680,2,0.20,-5.7588,76.5840
1312,101,1440,28/10/2019,04/11/2019,22.3200,3,0.00,5.5800,7.4400
1313,690,102,11/06/2019,09/07/2019,102.3600,3,0.20,-3.8385,33.9200
1314,543,743,26/06/2019,29/06/2019,1.2480,2,0.80,-1.9344,-0.1760
1315,413,604,25/11/2019,02/12/2019,239.9600,4,0.00,115.1808,59.9900
1316,738,1382,19/03/2019,03/04/2019,23.0760,3,0.60,-10.9611,7.0920
1317,181,1538,07/05/2019,01/06/2019,91.6000,5,0.00,26.5640,18.3200
1318,44,234,20/10/2019,02/11/2019,205.9200,4,0.00,2.0592,51.4800
1319,140,211,23/05/2019,07/06/2019,174.2860,2,0.30,-19.9184,86.8430
1320,320,1141,20/08/2019,18/09/2019,393.2500,5,0.00,129.7725,78.6500
1321,660,670,08/12/2019,06/01/2020,319.9000,5,0.00,156.7510,63.9800
1322,567,1546,26/01/2019,18/02/2019,13.4800,1,0.00,1.8872,13.4800
1323,401,620,28/03/2019,07/04/2019,258.6960,3,0.20,64.6740,86.0320
1324,670,1015,18/04/2019,27/04/2019,6.9000,3,0.80,-12.0750,1.5000
1325,790,723,09/03/2019,05/04/2019,487.9200,6,0.00,136.6176,81.3200
1326,200,1556,20/04/2019,14/05/2019,9.0960,1,0.20,1.7055,8.8960
1327,97,214,29/03/2019,22/04/2019,48.7120,1,0.20,5.4801,48.5120
1328,465,347,08/10/2019,01/11/2019,13.1200,5,0.20,2.1320,2.4240
1329,219,1231,22/04/2019,26/04/2019,971.8800,3,0.20,109.3365,323.7600
1330,699,1152,17/01/2019,16/02/2019,823.9600,5,0.20,51.4975,164.5920
1331,521,1141,09/12/2019,22/12/2019,471.9000,6,0.00,155.7270,78.6500
1332,4,348,23/12/2019,17/01/2020,43.8000,6,0.00,20.5860,7.3000
1333,735,903,10/12/2019,05/01/2020,24.9600,4,0.00,11.2320,6.2400
1334,628,244,02/11/2019,10/11/2019,5.0400,4,0.00,0.2016,1.2600
1335,144,605,18/11/2019,12/12/2019,84.9800,1,0.00,18.6956,84.9800
1336,663,822,22/05/2019,05/06/2019,58.5800,2,0.00,19.3314,29.2900
1337,497,1639,08/10/2019,03/11/2019,21.9680,4,0.60,-15.9268,4.8920
1338,501,744,06/01/2019,31/01/2019,20.1600,7,0.00,9.8784,2.8800
1339,784,1407,22/10/2019,29/10/2019,377.9700,3,0.00,109.6113,125.9900
1340,361,1216,15/01/2019,31/01/2019,12.0600,5,0.70,-10.0500,1.7120
1341,523,1758,27/12/2019,24/01/2020,17.0000,2,0.00,4.4200,8.5000
1342,167,154,09/04/2019,17/04/2019,49.5680,2,0.20,17.9684,24.5840
1343,253,154,10/07/2019,19/07/2019,56.0640,6,0.20,21.0240,9.1440
1344,413,425,15/09/2019,24/09/2019,119.7000,6,0.00,31.1220,19.9500
1345,661,1529,06/02/2019,07/03/2019,20.6200,2,0.00,9.6914,10.3100
1346,713,326,22/11/2019,11/12/2019,8.3200,5,0.20,2.2880,1.4640
1347,296,1627,12/06/2019,29/06/2019,68.4800,2,0.20,25.6800,34.0400
1348,782,1313,01/11/2019,12/11/2019,158.3760,4,0.40,-36.9544,39.1940
1349,554,532,17/06/2019,03/07/2019,483.1360,4,0.20,54.3528,120.5840
1350,708,1538,22/06/2019,14/07/2019,73.2800,4,0.00,21.2512,18.3200
1351,218,231,05/06/2019,02/07/2019,30.4400,4,0.00,14.3068,7.6100
1352,307,36,13/01/2019,12/02/2019,286.3800,3,0.00,83.0502,95.4600
1353,317,504,16/12/2019,18/12/2019,5.8400,2,0.20,0.7300,2.7200
1354,384,1377,13/11/2019,06/12/2019,11.2200,10,0.70,-7.4800,0.4220
1355,440,629,05/12/2019,03/01/2020,32.7600,7,0.20,3.6855,4.4800
1356,776,642,06/06/2019,01/07/2019,9.2400,3,0.00,4.4352,3.0800
1357,89,554,07/08/2019,18/08/2019,70.9700,5,0.80,-191.6190,13.3940
1358,622,676,28/01/2019,17/02/2019,22.7200,4,0.00,6.5888,5.6800
1359,99,803,14/04/2019,11/05/2019,2.8960,2,0.20,0.4706,1.2480
1360,777,1053,04/03/2019,12/03/2019,10.1920,7,0.20,1.0192,1.2560
1361,57,1316,13/04/2019,11/05/2019,12.9600,2,0.00,6.2208,6.4800
1362,121,1643,26/04/2019,16/05/2019,40.4800,2,0.00,17.4064,20.2400
1363,189,1486,02/07/2019,09/07/2019,4799.9840,2,0.20,359.9988,2399.7920
1364,155,324,26/07/2019,28/07/2019,723.9200,4,0.00,188.2192,180.9800
1365,759,1428,30/05/2019,08/06/2019,332.9400,3,0.00,9.9882,110.9800
1366,60,129,03/06/2019,27/06/2019,58.3680,12,0.20,21.8880,4.6640
1367,258,154,20/04/2019,24/04/2019,62.2400,8,0.00,29.2528,7.7800
1368,244,880,11/03/2019,17/03/2019,182.9400,3,0.00,3.6588,60.9800
1369,738,564,03/07/2019,19/07/2019,19.5600,5,0.20,1.7115,3.7120
1370,97,1561,15/09/2019,13/10/2019,52.0960,4,0.20,3.9072,12.8240
1371,717,1084,27/05/2019,22/06/2019,998.8500,5,0.40,-199.7700,199.3700
1372,533,960,16/06/2019,23/06/2019,199.9800,2,0.00,53.9946,99.9900
1373,730,1219,15/02/2019,11/03/2019,31.9840,2,0.20,1.1994,15.7920
1374,649,84,12/12/2019,04/01/2020,301.9600,2,0.00,33.2156,150.9800
1375,744,57,18/09/2019,20/09/2019,340.7040,6,0.20,-34.0704,56.5840
1376,171,1215,26/01/2019,22/02/2019,7.9680,2,0.20,2.6892,3.7840
1377,215,1824,26/02/2019,15/03/2019,15.0720,4,0.20,-3.7680,3.5680
1378,787,1715,14/07/2019,17/07/2019,136.4640,2,0.20,15.3522,68.0320
1379,698,1620,07/05/2019,03/06/2019,2624.9850,3,0.50,-944.9946,874.4950
1380,245,402,18/12/2019,31/12/2019,50.8000,5,0.00,13.2080,10.1600
1381,219,1652,15/11/2019,28/11/2019,9.3440,2,0.20,1.8688,4.4720
1382,175,474,20/09/2019,18/10/2019,2.6880,1,0.20,0.8400,2.4880
1383,422,1810,28/09/2019,04/10/2019,29.9250,5,0.70,-21.9450,5.2850
1384,400,374,19/01/2019,31/01/2019,4.6600,2,0.00,1.3514,2.3300
1385,601,1349,01/04/2019,27/04/2019,670.7520,3,0.20,-125.7660,223.3840
1386,21,294,26/06/2019,10/07/2019,288.0000,4,0.20,57.6000,71.8000
1387,226,1526,09/08/2019,21/08/2019,128.9000,2,0.00,15.4680,64.4500
1388,265,1031,19/02/2019,27/02/2019,47.6160,3,0.20,5.9520,15.6720
1389,149,1552,18/07/2019,24/07/2019,186.1440,6,0.20,60.4968,30.8240
1390,670,1296,26/01/2019,23/02/2019,87.6000,5,0.00,42.0480,17.5200
1391,110,1047,20/12/2019,12/01/2020,341.9600,2,0.00,78.6508,170.9800
1392,543,84,31/10/2019,25/11/2019,528.4300,5,0.30,-143.4310,105.3860
1393,439,681,30/07/2019,08/08/2019,32.4000,5,0.00,15.5520,6.4800
1394,538,704,14/11/2019,13/12/2019,23.8800,6,0.00,8.1192,3.9800
1395,594,459,19/12/2019,09/01/2020,62.1920,13,0.20,19.4350,4.5840
1396,151,1063,13/11/2019,17/11/2019,1265.8500,3,0.00,556.9740,421.9500
1397,238,1425,26/03/2019,07/04/2019,10.5600,2,0.00,4.7520,5.2800
1398,271,228,10/02/2019,22/02/2019,55.8600,7,0.00,27.9300,7.9800
1399,26,655,22/07/2019,08/08/2019,1684.7520,6,0.20,210.5940,280.5920
1400,174,1107,13/02/2019,08/03/2019,572.8000,2,0.20,50.1200,286.2000
1401,750,552,12/09/2019,25/09/2019,442.4000,7,0.20,-55.3000,63.0000
1402,446,959,20/03/2019,22/03/2019,16.4000,5,0.00,4.2640,3.2800
1403,666,1464,19/04/2019,29/04/2019,2567.8400,8,0.00,770.3520,320.9800
1404,269,159,18/05/2019,25/05/2019,966.7000,5,0.30,-13.8100,193.0400
1405,503,470,28/08/2019,29/08/2019,31.9600,2,0.00,1.5980,15.9800
1406,135,1513,21/07/2019,14/08/2019,25.9840,1,0.20,-3.8976,25.7840
1407,55,703,05/05/2019,03/06/2019,4.5400,1,0.00,2.0430,4.5400
1408,295,1226,07/12/2019,24/12/2019,447.8600,7,0.00,210.4942,63.9800
1409,1,444,11/06/2019,23/06/2019,150.8000,5,0.20,56.5500,29.9600
1410,120,1785,21/11/2019,17/12/2019,369.1600,11,0.20,32.3015,33.3600
1411,730,752,22/12/2019,29/12/2019,33.9200,8,0.00,13.2288,4.2400
1412,434,499,03/12/2019,04/12/2019,10.3680,2,0.20,3.6288,4.9840
1413,216,764,05/06/2019,30/06/2019,1649.7500,5,0.00,544.4175,329.9500
1414,263,651,16/11/2019,02/12/2019,320.8800,6,0.00,93.0552,53.4800
1415,70,1644,26/05/2019,13/06/2019,41.4000,4,0.00,19.8720,10.3500
1416,290,154,21/08/2019,01/09/2019,11.3600,2,0.00,5.3392,5.6800
1417,171,617,15/09/2019,20/09/2019,1568.6100,9,0.00,329.4081,174.2900
1418,260,129,11/05/2019,10/06/2019,7.1040,2,0.20,2.3976,3.3520
1419,381,176,30/09/2019,09/10/2019,34.8000,3,0.20,2.1750,11.4000
1420,668,200,18/03/2019,15/04/2019,74.0000,5,0.00,37.0000,14.8000
1421,223,510,24/03/2019,11/04/2019,52.9900,1,0.00,0.5299,52.9900
1422,653,922,14/08/2019,09/09/2019,71.9700,3,0.00,16.5531,23.9900
1423,55,1052,25/01/2019,21/02/2019,25.9900,1,0.00,7.5371,25.9900
1424,778,271,31/05/2019,20/06/2019,83.8400,2,0.20,27.2480,41.7200
1425,625,576,14/09/2019,30/09/2019,332.8320,4,0.20,-24.9624,83.0080
1426,574,866,27/02/2019,14/03/2019,259.1360,4,0.20,-58.3056,64.5840
1427,92,544,17/07/2019,05/08/2019,20.3880,2,0.80,-53.0088,9.3940
1428,539,992,19/12/2019,01/01/2020,18.2400,3,0.80,-31.0080,5.2800
1429,93,34,05/07/2019,04/08/2019,26.3800,1,0.00,12.1348,26.3800
1430,140,625,01/12/2019,19/12/2019,14.6240,2,0.20,5.4840,7.1120
1431,122,601,27/02/2019,09/03/2019,182.7200,8,0.00,84.0512,22.8400
1432,246,483,17/06/2019,23/06/2019,10.6880,2,0.20,3.7408,5.1440
1433,603,1622,07/05/2019,25/05/2019,379.3720,2,0.30,-119.2312,189.3860
1434,414,1185,09/06/2019,23/06/2019,3.2800,2,0.00,1.4760,1.6400
1435,89,1451,10/07/2019,24/07/2019,188.5520,7,0.30,-2.6936,26.6360
1436,460,1005,25/09/2019,24/10/2019,10.2720,3,0.20,3.2100,3.2240
1437,629,1501,04/06/2019,02/07/2019,87.8000,4,0.00,43.9000,21.9500
1438,205,519,18/12/2019,01/01/2020,356.9400,2,0.00,107.0820,178.4700
1439,109,1117,21/11/2019,23/11/2019,23.6880,9,0.20,7.6986,2.4320
1440,632,975,17/06/2019,01/07/2019,337.9800,2,0.00,101.3940,168.9900
1441,64,89,01/08/2019,23/08/2019,19.4400,3,0.00,9.3312,6.4800
1442,29,1319,24/04/2019,02/05/2019,321.5680,2,0.20,-16.0784,160.5840
1443,623,741,10/11/2019,19/11/2019,15.5520,3,0.20,5.6376,4.9840
1444,159,1460,27/01/2019,15/02/2019,4.6620,3,0.70,-3.7296,0.8540
1445,218,825,09/02/2019,07/03/2019,9.7020,3,0.70,-7.1148,2.5340
1446,104,584,26/07/2019,25/08/2019,139.9200,2,0.00,23.7864,69.9600
1447,111,38,06/10/2019,04/11/2019,1552.8310,7,0.15,200.9546,221.6830
1448,599,223,07/11/2019,14/11/2019,77.9200,8,0.00,34.2848,9.7400
1449,484,803,30/05/2019,26/06/2019,1.4480,1,0.20,0.2353,1.2480
1450,327,513,18/04/2019,27/04/2019,17.5200,3,0.00,5.2560,5.8400
1451,765,1075,11/02/2019,06/03/2019,11.8400,8,0.00,5.6832,1.4800
1452,79,445,05/03/2019,12/03/2019,74.7600,3,0.00,34.3896,24.9200
1453,507,588,13/03/2019,22/03/2019,353.5680,2,0.20,-44.1960,176.5840
1454,34,579,05/06/2019,08/06/2019,10.6880,2,0.20,3.7408,5.1440
1455,247,429,14/08/2019,11/09/2019,239.9700,3,0.00,86.3892,79.9900
1456,526,547,27/03/2019,09/04/2019,264.3200,2,0.20,19.8240,131.9600
1457,193,821,15/02/2019,26/02/2019,3.5200,2,0.00,1.0208,1.7600
1458,222,980,17/11/2019,18/11/2019,152.7600,6,0.00,74.8524,25.4600
1459,796,797,29/10/2019,09/11/2019,8.5200,3,0.00,4.1748,2.8400
1460,451,1057,11/09/2019,15/09/2019,83.9760,3,0.20,-13.6461,27.7920
1461,735,1077,19/09/2019,05/10/2019,321.5520,6,0.20,20.0970,53.3920
1462,544,174,07/04/2019,03/05/2019,302.3760,3,0.20,22.6782,100.5920
1463,46,435,23/11/2019,08/12/2019,79.9800,2,0.00,26.3934,39.9900
1464,311,1529,31/01/2019,24/02/2019,41.2400,5,0.20,13.9185,8.0480
1465,61,285,26/10/2019,21/11/2019,933.5360,4,0.20,105.0228,233.1840
1466,369,178,04/12/2019,24/12/2019,53.0400,3,0.20,-4.6410,17.4800
1467,207,832,14/12/2019,27/12/2019,6.5600,2,0.00,1.9024,3.2800
1468,579,1200,08/12/2019,16/12/2019,34.6800,6,0.00,16.9932,5.7800
1469,162,670,04/02/2020,02/03/2020,102.3680,2,0.20,37.1084,50.9840
1470,596,1565,12/09/2020,16/09/2020,15.4880,4,0.20,3.6784,3.6720
1471,386,436,03/08/2020,15/08/2020,628.8100,7,0.00,12.5762,89.8300
1472,643,1811,26/04/2020,12/05/2020,703.7100,6,0.70,-938.2800,116.5850
1473,757,1788,16/03/2020,27/03/2020,1362.9000,3,0.30,-19.4700,454.0000
1474,494,368,06/06/2020,26/06/2020,302.4500,5,0.50,-199.6170,59.9900
1475,374,459,05/05/2020,30/05/2020,5.9800,1,0.00,2.6910,5.9800
1476,160,30,27/02/2020,25/03/2020,4.0800,2,0.00,1.9176,2.0400
1477,665,699,27/10/2020,15/11/2020,10.4760,3,0.60,-6.8094,2.8920
1478,109,1279,25/09/2020,01/10/2020,149.2320,3,0.20,3.7308,49.5440
1479,666,524,01/09/2020,01/10/2020,8.4480,2,0.20,2.6400,4.0240
1480,321,1775,17/08/2020,14/09/2020,23.1200,2,0.20,7.8030,11.3600
1481,511,559,05/12/2020,18/12/2020,635.9600,4,0.00,165.3496,158.9900
1482,554,329,27/06/2020,24/07/2020,89.8200,6,0.00,25.1496,14.9700
1483,94,511,29/05/2020,14/06/2020,25.9200,5,0.20,9.0720,4.9840
1484,502,441,26/09/2020,29/09/2020,14.9520,1,0.20,5.0463,14.7520
1485,740,557,29/01/2020,18/02/2020,193.9500,3,0.00,9.6975,64.6500
1486,235,641,25/10/2020,18/11/2020,91.0560,6,0.20,31.8696,14.9760
1487,119,660,01/11/2020,08/11/2020,16.0000,4,0.20,5.6000,3.8000
1488,423,1414,11/07/2020,07/08/2020,7.9200,8,0.00,3.4848,0.9900
1489,710,348,19/07/2020,11/08/2020,43.8000,6,0.00,20.5860,7.3000
1490,497,1446,03/02/2020,07/02/2020,113.8880,2,0.20,9.9652,56.7440
1491,179,99,01/02/2020,19/02/2020,3.5760,4,0.70,-2.8608,0.1940
1492,793,1579,24/09/2020,15/10/2020,22.7760,3,0.20,7.6869,7.3920
1493,556,444,08/02/2020,09/02/2020,67.8600,6,0.70,-45.2400,10.6100
1494,278,128,28/11/2020,23/12/2020,274.0640,7,0.20,102.7740,38.9520
1495,320,15,28/09/2020,29/09/2020,68.8100,5,0.80,-123.8580,12.9620
1496,558,123,13/03/2020,30/03/2020,1.5920,2,0.80,-2.6268,-0.0040
1497,256,1510,31/10/2020,13/11/2020,245.9400,6,0.00,120.5106,40.9900
1498,770,51,27/11/2020,23/12/2020,8.6240,7,0.60,-2.5872,0.6320
1499,90,1484,18/01/2020,17/02/2020,101.9880,2,0.40,-16.9980,50.5940
1500,233,1263,19/07/2020,17/08/2020,228.9200,5,0.20,14.3075,45.5840
1501,512,790,29/12/2020,11/01/2021,64.9600,2,0.00,19.4880,32.4800
1502,704,1060,10/06/2020,02/07/2020,6.6900,1,0.00,3.0774,6.6900
1503,77,136,03/05/2020,24/05/2020,8.8200,3,0.00,2.3814,2.9400
1504,152,996,21/06/2020,05/07/2020,1454.9000,5,0.00,378.2740,290.9800
1505,59,1105,03/11/2020,01/12/2020,591.3200,4,0.00,112.3508,147.8300
1506,345,884,14/02/2020,12/03/2020,3359.9520,6,0.20,1049.9850,559.7920
1507,572,995,24/03/2020,06/04/2020,138.5600,4,0.00,66.5088,34.6400
1508,507,398,25/03/2020,16/04/2020,18.6240,8,0.20,6.2856,2.1280
1509,282,242,04/09/2020,03/10/2020,255.6800,8,0.20,76.7040,31.7600
1510,77,129,07/02/2020,21/02/2020,7.8600,3,0.00,3.6156,2.6200
1511,477,224,10/06/2020,24/06/2020,31.9840,2,0.20,11.1944,15.7920
1512,260,1035,06/01/2020,10/01/2020,79.0560,9,0.20,28.6578,8.5840
1513,171,733,27/08/2020,12/09/2020,21.3360,7,0.20,7.7343,2.8480
1514,62,1226,10/12/2020,16/12/2020,563.0240,11,0.20,190.0206,50.9840
1515,190,1242,06/06/2020,24/06/2020,47.9920,7,0.20,3.5994,6.6560
1516,550,972,13/11/2020,05/12/2020,264.1800,7,0.00,68.6868,37.7400
1517,262,1444,11/05/2020,25/05/2020,14.0000,4,0.60,-6.3000,2.9000
1518,196,247,14/05/2020,08/06/2020,725.8400,4,0.00,210.4936,181.4600
1519,264,950,05/02/2020,26/02/2020,17.7600,3,0.20,5.5500,5.7200
1520,763,154,12/02/2020,17/02/2020,74.3520,3,0.20,26.9526,24.5840
1521,752,30,27/05/2020,20/06/2020,2.0400,1,0.00,0.9588,2.0400
1522,37,209,23/03/2020,22/04/2020,54.3360,4,0.20,5.4336,13.3840
1523,540,901,01/08/2020,30/08/2020,30.8280,7,0.70,-24.6624,3.7040
1524,538,1577,27/09/2020,12/10/2020,261.9600,2,0.00,23.5764,130.9800
1525,548,822,18/08/2020,08/09/2020,58.5800,2,0.00,19.3314,29.2900
1526,674,200,19/03/2020,03/04/2020,59.2000,4,0.00,29.6000,14.8000
1527,394,87,20/10/2020,11/11/2020,169.6800,6,0.00,45.8136,28.2800
1528,580,33,06/02/2020,08/02/2020,59.1000,6,0.00,22.4580,9.8500
1529,295,324,30/08/2020,31/08/2020,180.9800,1,0.00,47.0548,180.9800
1530,709,929,17/04/2020,25/04/2020,114.9000,5,0.00,39.0660,22.9800
1531,596,1163,12/05/2020,28/05/2020,538.1940,2,0.70,-412.6154,268.3970
1532,22,652,16/01/2020,06/02/2020,319.9840,2,0.20,91.9954,159.7920
1533,758,34,21/07/2020,15/08/2020,167.9400,3,0.00,82.2906,55.9800
1534,422,1137,28/08/2020,07/09/2020,1299.6600,2,0.00,350.9082,649.8300
1535,182,589,28/03/2020,16/04/2020,18.3360,3,0.20,6.6468,5.9120
1536,170,1697,14/10/2020,11/11/2020,9.5880,2,0.40,-2.0774,4.3940
1537,183,1257,25/07/2020,15/08/2020,61.9600,2,0.00,16.1096,30.9800
1538,182,1414,03/04/2020,22/04/2020,0.9900,1,0.00,0.4356,0.9900
1539,19,199,21/02/2020,27/02/2020,62.4000,6,0.20,19.5000,10.2000
1540,539,788,12/01/2020,13/01/2020,1279.1650,5,0.15,225.7350,255.6830
1541,497,1411,16/08/2020,23/08/2020,27.1680,4,0.20,-1.3584,6.5920
1542,674,267,26/03/2020,24/04/2020,46.3840,1,0.20,1.1596,46.1840
1543,548,1346,20/07/2020,02/08/2020,4912.5900,3,0.00,196.5036,1637.5300
1544,90,413,25/12/2020,03/01/2021,45.5760,3,0.20,15.9516,14.9920
1545,258,640,25/03/2020,31/03/2020,11.9520,3,0.20,3.8844,3.7840
1546,400,1536,25/11/2020,02/12/2020,8.5950,5,0.70,-6.3030,1.0190
1547,199,1581,18/01/2020,26/01/2020,25.3440,4,0.20,9.1872,6.1360
1548,402,994,02/02/2020,19/02/2020,27.4600,2,0.00,9.8856,13.7300
1549,590,795,09/10/2020,19/10/2020,11.1600,2,0.00,4.3524,5.5800
1550,239,905,18/08/2020,07/09/2020,11.2120,2,0.80,-16.8180,4.8060
1551,82,1440,15/04/2020,28/04/2020,37.2000,5,0.00,9.3000,7.4400
1552,511,270,29/05/2020,05/06/2020,254.7440,7,0.60,-312.0614,35.7920
1553,298,18,17/03/2020,12/04/2020,88.8000,4,0.20,-2.2200,22.0000
1554,245,1552,27/12/2020,13/01/2021,81.4380,7,0.70,-65.1504,10.9340
1555,410,951,14/10/2020,31/10/2020,619.1520,6,0.20,69.6546,102.9920
1556,4,146,01/01/2020,23/01/2020,40.0320,6,0.20,12.5100,6.4720
1557,262,582,17/02/2020,05/03/2020,2.6960,1,0.20,0.8088,2.4960
1558,352,950,24/01/2020,12/02/2020,17.7600,3,0.20,5.5500,5.7200
1559,133,1361,18/08/2020,01/09/2020,2.5120,2,0.80,-4.3960,0.4560
1560,351,407,25/01/2020,04/02/2020,647.8400,8,0.00,32.3920,80.9800
1561,68,69,18/09/2020,25/09/2020,28.8500,5,0.00,14.4250,5.7700
1562,380,465,24/03/2020,08/04/2020,854.9400,3,0.00,213.7350,284.9800
1563,30,301,30/06/2020,08/07/2020,100.2400,10,0.20,33.8310,9.8240
1564,123,1827,21/01/2020,18/02/2020,7.7000,2,0.00,3.1570,3.8500
1565,266,1145,31/08/2020,02/09/2020,55.6160,2,0.20,5.5616,27.6080
1566,686,1832,20/04/2020,18/05/2020,44.1000,6,0.00,20.7270,7.3500
1567,99,685,15/05/2020,22/05/2020,23.1000,2,0.00,10.6260,11.5500
1568,583,1351,04/07/2020,12/07/2020,1158.1200,5,0.20,130.2885,231.4240
1569,576,640,06/10/2020,31/10/2020,9.9600,2,0.00,4.5816,4.9800
1570,533,412,20/10/2020,28/10/2020,1781.6820,7,0.40,-653.2834,254.1260
1571,710,381,14/10/2020,13/11/2020,21.5940,2,0.70,-15.8356,10.0970
1572,226,1084,02/01/2020,05/01/2020,532.7200,2,0.20,53.2720,266.1600
1573,9,72,22/09/2020,08/10/2020,97.0400,2,0.20,1.2130,48.3200
1574,224,1712,30/05/2020,05/06/2020,64.8480,7,0.20,24.3180,9.0640
1575,135,1032,31/07/2020,24/08/2020,5.0400,2,0.20,1.7640,2.3200
1576,682,159,08/10/2020,16/10/2020,220.9600,1,0.20,24.8580,220.7600
1577,776,34,04/11/2020,06/11/2020,28.3520,1,0.20,9.5688,28.1520
1578,358,1025,27/02/2020,22/03/2020,67.9000,5,0.00,0.6790,13.5800
1579,239,181,27/09/2020,13/10/2020,71.7600,6,0.00,20.0928,11.9600
1580,241,1191,03/12/2020,15/12/2020,97.3000,7,0.00,28.2170,13.9000
1581,196,235,11/09/2020,03/10/2020,647.9040,6,0.20,56.6916,107.7840
1582,368,529,08/05/2020,13/05/2020,8.9520,2,0.70,-7.4600,3.7760
1583,437,98,03/09/2020,13/09/2020,95.9760,3,0.20,-10.7973,31.7920
1584,162,1003,21/10/2020,06/11/2020,13.8720,3,0.20,5.0286,4.4240
1585,197,1016,12/03/2020,05/04/2020,23.1280,7,0.20,2.8910,3.1040
1586,375,88,30/10/2020,13/11/2020,10.7200,2,0.20,1.7420,5.1600
1587,335,339,27/01/2020,20/02/2020,12.1760,1,0.20,4.4138,11.9760
1588,599,1009,18/12/2020,01/01/2021,23.5200,5,0.20,8.5260,4.5040
1589,697,834,07/11/2020,14/11/2020,229.5440,7,0.20,83.2097,32.5920
1590,61,414,27/03/2020,19/04/2020,347.5800,3,0.00,17.3790,115.8600
1591,438,609,09/10/2020,16/10/2020,2.6550,1,0.70,-1.8585,1.9550
1592,670,133,06/10/2020,08/10/2020,9.6480,6,0.20,3.4974,1.4080
1593,14,369,17/10/2020,30/10/2020,113.5680,2,0.20,-18.4548,56.5840
1594,529,980,06/08/2020,17/08/2020,38.1900,5,0.70,-26.7330,6.9380
1595,289,436,06/03/2020,10/03/2020,646.7760,9,0.20,-145.5246,71.6640
1596,196,1330,27/12/2020,23/01/2021,34.9440,6,0.20,11.7936,5.6240
1597,635,416,16/02/2020,25/02/2020,241.5680,2,0.20,0.0000,120.5840
1598,348,268,28/01/2020,02/02/2020,56.3280,3,0.60,-26.7558,18.1760
1599,681,225,27/04/2020,20/05/2020,567.1200,10,0.20,-28.3560,56.5120
1600,96,1571,04/03/2020,03/04/2020,17.2800,6,0.00,8.1216,2.8800
1601,97,787,21/05/2020,04/06/2020,25.4880,2,0.20,4.7790,12.5440
1602,153,4,03/12/2020,20/12/2020,1218.7350,5,0.30,-121.8735,243.4470
1603,421,1653,05/09/2020,06/09/2020,65.9400,3,0.00,30.9918,21.9800
1604,77,1147,04/10/2020,28/10/2020,146.7300,3,0.00,68.9631,48.9100
1605,160,1558,25/05/2020,24/06/2020,47.3200,7,0.20,5.9150,6.5600
1606,134,123,18/08/2020,04/09/2020,5.9700,5,0.70,-4.5770,0.4940
1607,491,1822,17/09/2020,18/09/2020,255.8500,7,0.00,112.5740,36.5500
1608,524,506,31/08/2020,24/09/2020,20.6080,2,0.20,-4.3792,10.1040
1609,757,1765,19/06/2020,28/06/2020,19.1360,4,0.20,5.9800,4.5840
1610,546,569,10/02/2020,23/02/2020,165.0480,3,0.20,41.2620,54.8160
1611,11,220,30/11/2020,06/12/2020,5.2800,1,0.00,2.3760,5.2800
1612,585,1320,26/11/2020,13/12/2020,359.9760,3,0.20,130.4913,119.7920
1613,241,1789,20/04/2020,18/05/2020,31.1040,6,0.20,10.8864,4.9840
1614,397,860,27/08/2020,18/09/2020,6.9360,3,0.20,2.3409,2.1120
1615,154,1590,15/12/2020,11/01/2021,364.7040,6,0.20,-36.4704,60.5840
1616,141,418,12/06/2020,23/06/2020,88.7680,2,0.20,31.0688,44.1840
1617,146,32,04/06/2020,03/07/2020,6.8580,6,0.70,-5.7150,0.4430
1618,538,203,22/12/2020,02/01/2021,134.3760,3,0.20,6.7188,44.5920
1619,238,492,30/12/2020,11/01/2021,4.5030,1,0.70,-3.6024,3.8030
1620,43,1361,24/04/2020,06/05/2020,12.5600,2,0.00,5.6520,6.2800
1621,153,1137,22/05/2020,07/06/2020,4548.8100,7,0.00,1228.1787,649.8300
1622,184,1798,16/05/2020,07/06/2020,499.1680,4,0.20,31.1980,124.5920
1623,704,800,26/12/2020,15/01/2021,4.4160,3,0.20,1.6008,1.2720
1624,127,636,04/04/2020,27/04/2020,348.9280,2,0.20,34.8928,174.2640
1625,665,319,22/11/2020,01/12/2020,6.6080,2,0.20,2.1476,3.1040
1626,112,129,12/10/2020,20/10/2020,16.6880,7,0.20,5.4236,2.1840
1627,191,251,31/03/2020,06/04/2020,17.6400,4,0.00,8.1144,4.4100
1628,699,233,13/09/2020,19/09/2020,180.9600,2,0.00,81.4320,90.4800
1629,612,163,21/06/2020,28/06/2020,20.9400,3,0.00,9.8418,6.9800
1630,118,592,29/11/2020,23/12/2020,11.9520,3,0.20,4.1832,3.7840
1631,557,11,19/11/2020,20/11/2020,189.5760,1,0.20,9.4788,189.3760
1632,662,36,02/03/2020,21/03/2020,477.3000,5,0.00,138.4170,95.4600
1633,564,1348,06/09/2020,14/09/2020,196.7760,3,0.20,14.7582,65.3920
1634,590,89,05/05/2020,14/05/2020,19.4400,3,0.00,9.3312,6.4800
1635,378,1514,20/11/2020,27/11/2020,26.0320,2,0.20,9.4366,12.8160
1636,189,736,07/12/2020,12/12/2020,393.1650,3,0.50,-204.4458,130.5550
1637,132,274,16/08/2020,22/08/2020,541.2400,4,0.00,5.4124,135.3100
1638,639,120,12/03/2020,14/03/2020,29.1600,3,0.00,8.4564,9.7200
1639,584,683,13/09/2020,12/10/2020,102.3000,10,0.00,26.5980,10.2300
1640,318,1722,29/01/2020,20/02/2020,85.0560,3,0.20,28.7064,28.1520
1641,796,196,27/02/2020,25/03/2020,52.7920,1,0.20,4.6193,52.5920
1642,223,273,07/09/2020,09/09/2020,6.4800,1,0.00,3.1104,6.4800
1643,383,1710,06/11/2020,08/11/2020,3.3040,1,0.20,1.0738,3.1040
1644,629,1077,26/07/2020,15/08/2020,200.9700,3,0.00,50.2425,66.9900
1645,439,123,28/08/2020,01/09/2020,15.9200,4,0.00,7.4824,3.9800
1646,421,538,03/09/2020,16/09/2020,304.2300,3,0.00,9.1269,101.4100
1647,280,302,14/12/2020,24/12/2020,50.3520,3,0.20,17.6232,16.5840
1648,129,200,31/01/2020,06/02/2020,47.3600,4,0.20,17.7600,11.6400
1649,302,1344,14/11/2020,29/11/2020,23.9200,4,0.00,10.7640,5.9800
1650,361,129,19/07/2020,30/07/2020,7.1040,2,0.20,2.3976,3.3520
1651,688,188,02/02/2020,17/02/2020,16.0560,3,0.20,5.8203,5.1520
1652,470,187,19/11/2020,03/12/2020,14.7300,3,0.00,6.9231,4.9100
1653,78,1081,11/03/2020,03/04/2020,61.9600,2,0.00,27.8820,30.9800
1654,572,754,19/09/2020,30/09/2020,48.9440,7,0.20,16.5186,6.7920
1655,53,1004,25/07/2020,28/07/2020,22.5800,2,0.00,5.8708,11.2900
1656,443,442,13/04/2020,29/04/2020,127.8800,2,0.00,40.9216,63.9400
1657,522,970,19/07/2020,26/07/2020,273.5680,2,0.20,10.2588,136.5840
1658,730,1342,24/06/2020,24/07/2020,9.8400,3,0.00,2.6568,3.2800
1659,475,1820,09/05/2020,30/05/2020,32.0640,3,0.60,-12.8256,10.0880
1660,260,439,03/02/2020,15/02/2020,189.8820,3,0.40,-94.9410,62.8940
1661,353,39,04/01/2020,28/01/2020,212.0580,3,0.30,-15.1470,70.3860
1662,672,1547,19/06/2020,27/06/2020,15.9840,2,0.20,1.3986,7.7920
1663,401,672,07/12/2020,31/12/2020,5.7600,2,0.00,1.6704,2.8800
1664,335,1631,13/01/2020,03/02/2020,94.4280,3,0.60,-42.4926,30.8760
1665,545,1390,02/11/2020,19/11/2020,65.5000,5,0.00,32.0950,13.1000
1666,366,107,09/10/2020,10/10/2020,339.9600,4,0.00,122.3856,84.9900
1667,705,700,21/04/2020,10/05/2020,12.2010,7,0.70,-9.7608,1.0430
1668,414,1320,19/11/2020,17/12/2020,1349.9100,9,0.00,661.4559,149.9900
1669,701,274,28/09/2020,06/10/2020,541.2400,4,0.00,5.4124,135.3100
1670,463,1692,01/12/2020,24/12/2020,40.4800,2,0.00,14.5728,20.2400
1671,412,532,29/12/2020,20/01/2021,150.9800,1,0.00,43.7842,150.9800
1672,347,458,25/10/2020,15/11/2020,51.4500,3,0.00,13.8915,17.1500
1673,214,1366,27/04/2020,29/04/2020,111.1500,5,0.00,48.9060,22.2300
1674,351,809,20/09/2020,08/10/2020,143.9520,3,0.20,14.3952,47.7840
1675,461,1192,20/12/2020,08/01/2021,7.6560,6,0.80,-13.0152,0.4760
1676,195,231,30/01/2020,20/02/2020,18.2640,3,0.20,6.1641,5.8880
1677,676,1204,05/08/2020,18/08/2020,523.9200,5,0.20,-26.1960,104.5840
1678,771,399,30/10/2020,01/11/2020,47.6160,3,0.20,3.5712,15.6720
1679,117,1793,01/12/2020,05/12/2020,2621.3220,11,0.10,553.3902,238.2020
1680,527,701,15/05/2020,20/05/2020,27.9200,4,0.00,0.5584,6.9800
1681,554,1189,17/09/2020,03/10/2020,5.4840,4,0.70,-4.0216,0.6710
1682,83,1685,14/12/2020,20/12/2020,96.0800,2,0.00,46.1184,48.0400
1683,105,1077,10/07/2020,30/07/2020,321.5520,6,0.20,20.0970,53.3920
1684,787,908,16/03/2020,08/04/2020,172.7040,6,0.20,10.7940,28.5840
1685,81,777,22/01/2020,26/01/2020,17.7120,3,0.20,6.4206,5.7040
1686,60,833,19/02/2020,19/03/2020,386.9100,9,0.50,-185.7168,42.4900
1687,561,452,07/05/2020,10/05/2020,1270.9900,1,0.00,635.4950,1270.9900
1688,646,42,23/09/2020,24/09/2020,186.9120,6,0.20,-35.0460,30.9520
1689,404,766,07/01/2020,20/01/2020,3.9120,1,0.20,1.2714,3.7120
1690,619,915,28/10/2020,10/11/2020,1.1880,2,0.70,-0.9900,-0.1060
1691,157,937,09/06/2020,07/07/2020,29.7800,2,0.00,8.0406,14.8900
1692,318,1099,09/01/2020,14/01/2020,44.4160,2,0.20,3.8864,22.0080
1693,207,1288,26/09/2020,03/10/2020,91.1760,3,0.20,4.5588,30.1920
1694,715,1460,27/02/2020,08/03/2020,6.2160,4,0.70,-4.9728,0.8540
1695,179,467,25/02/2020,27/02/2020,666.2480,1,0.20,-149.9058,666.0480
1696,293,629,01/09/2020,22/09/2020,32.7600,7,0.20,3.6855,4.4800
1697,387,1776,21/06/2020,03/07/2020,47.9520,3,0.20,16.1838,15.7840
1698,398,199,20/10/2020,01/11/2020,52.0000,4,0.00,23.4000,13.0000
1699,290,1315,05/06/2020,09/06/2020,24.4480,2,0.20,8.8624,12.0240
1700,16,570,29/03/2020,23/04/2020,304.9900,5,0.80,-533.7325,60.1980
1701,698,490,03/08/2020,26/08/2020,2003.5200,6,0.20,-325.5720,333.7200
1702,358,817,27/04/2020,21/05/2020,9.2480,2,0.20,3.3524,4.4240
1703,70,737,03/10/2020,22/10/2020,332.0280,9,0.60,-348.6294,36.2920
1704,769,501,25/02/2020,17/03/2020,14.8500,3,0.00,4.0095,4.9500
1705,726,623,01/01/2020,18/01/2020,77.7200,1,0.60,-66.0620,77.1200
1706,603,299,13/12/2020,25/12/2020,54.2240,2,0.20,3.3890,26.9120
1707,379,411,01/10/2020,26/10/2020,51.3120,3,0.20,18.6006,16.9040
1708,21,1173,19/12/2020,09/01/2021,9.2160,4,0.20,3.3408,2.1040
1709,51,1333,16/06/2020,26/06/2020,25.9200,4,0.00,12.4416,6.4800
1710,156,218,14/06/2020,11/07/2020,258.0720,3,0.20,0.0000,85.8240
1711,328,961,27/10/2020,26/11/2020,25.4240,1,0.20,-4.7670,25.2240
1712,747,682,30/09/2020,09/10/2020,19.9800,1,0.00,9.3906,19.9800
1713,421,610,25/07/2020,15/08/2020,13.8720,3,0.20,5.0286,4.4240
1714,248,306,01/08/2020,31/08/2020,29.7000,5,0.00,13.3650,5.9400
1715,383,111,05/05/2020,30/05/2020,17.9000,5,0.00,8.7710,3.5800
1716,479,509,01/03/2020,20/03/2020,235.9440,3,0.20,85.5297,78.4480
1717,68,11,13/02/2020,15/02/2020,568.7280,3,0.20,28.4364,189.3760
1718,12,379,14/09/2020,03/10/2020,1212.9600,7,0.20,90.9720,173.0800
1719,642,18,31/03/2020,08/04/2020,249.7500,9,0.00,44.9550,27.7500
1720,174,1018,07/09/2020,17/09/2020,7.8000,3,0.00,2.1060,2.6000
1721,405,1234,26/03/2020,08/04/2020,20.9360,1,0.20,7.0659,20.7360
1722,677,38,03/02/2020,12/02/2020,782.9400,3,0.00,203.5644,260.9800
1723,207,1553,11/04/2020,12/04/2020,31.1040,6,0.20,11.2752,4.9840
1724,335,640,23/10/2020,06/11/2020,3.9840,1,0.20,1.2948,3.7840
1725,5,652,18/02/2020,27/02/2020,399.9800,2,0.00,171.9914,199.9900
1726,645,691,08/08/2020,10/08/2020,15.9360,4,0.20,5.1792,3.7840
1727,325,35,17/02/2020,25/02/2020,470.3760,3,0.20,52.9173,156.5920
1728,337,1208,20/12/2020,07/01/2021,11.9520,3,0.20,4.3326,3.7840
1729,328,736,24/02/2020,16/03/2020,629.0640,3,0.20,31.4532,209.4880
1730,387,1501,16/04/2020,05/05/2020,52.6800,3,0.20,19.7550,17.3600
1731,674,59,01/01/2020,04/01/2020,48.4800,4,0.20,16.3620,11.9200
1732,464,1278,22/12/2020,17/01/2021,33.2900,1,0.00,7.9896,33.2900
1733,513,1019,19/09/2020,08/10/2020,11.6480,2,0.20,3.3488,5.6240
1734,122,713,18/04/2020,30/04/2020,302.9400,3,0.00,69.6762,100.9800
1735,371,1240,27/09/2020,17/10/2020,94.9200,4,0.40,15.8200,23.3300
1736,576,1710,23/03/2020,21/04/2020,13.2160,4,0.20,4.2952,3.1040
1737,50,201,11/11/2020,09/12/2020,1628.8200,9,0.00,374.6286,180.9800
1738,157,900,07/09/2020,16/09/2020,863.8800,3,0.20,107.9850,287.7600
1739,656,279,25/01/2020,12/02/2020,67.0000,5,0.00,32.1600,13.4000
1740,642,679,17/03/2020,27/03/2020,115.3600,7,0.00,49.6048,16.4800
1741,170,1397,26/11/2020,22/12/2020,108.5760,3,0.20,8.1432,35.9920
1742,737,142,19/07/2020,28/07/2020,99.9800,2,0.00,3.9992,49.9900
1743,90,220,14/04/2020,06/05/2020,26.4000,5,0.00,11.8800,5.2800
1744,717,767,08/06/2020,13/06/2020,113.7900,3,0.00,20.4822,37.9300
1745,643,1514,04/06/2020,13/06/2020,32.5400,2,0.00,15.9446,16.2700
1746,797,35,25/11/2020,01/12/2020,470.3760,3,0.20,52.9173,156.5920
1747,709,226,07/08/2020,29/08/2020,10.1100,3,0.00,3.2352,3.3700
1748,69,1076,02/02/2020,03/02/2020,26.4000,5,0.00,12.6720,5.2800
1749,396,1081,04/11/2020,02/12/2020,123.9200,5,0.20,38.7250,24.5840
1750,457,496,12/07/2020,02/08/2020,249.5840,2,0.20,31.1980,124.5920
1751,120,1034,15/12/2020,13/01/2021,71.6000,8,0.00,13.6040,8.9500
1752,791,1813,05/05/2020,07/05/2020,120.0000,6,0.00,46.8000,20.0000
1753,591,595,05/02/2020,29/02/2020,4297.6440,13,0.40,-1862.3124,330.1880
1754,126,179,25/11/2020,04/12/2020,77.5500,5,0.00,21.7140,15.5100
1755,358,1415,23/02/2020,02/03/2020,10.3320,3,0.70,-7.5768,2.7440
1756,661,1119,06/12/2020,27/12/2020,83.9700,3,0.00,15.9543,27.9900
1757,18,674,14/08/2020,07/09/2020,121.6800,13,0.20,38.0250,9.1600
1758,238,1626,13/11/2020,04/12/2020,61.4000,5,0.00,28.8580,12.2800
1759,20,1228,25/01/2020,28/01/2020,1325.8500,5,0.00,238.6530,265.1700
1760,11,335,14/11/2020,04/12/2020,99.1360,4,0.20,30.9800,24.5840
1761,480,1195,23/06/2020,19/07/2020,436.7040,6,0.20,-38.2116,72.5840
1762,332,199,23/09/2020,22/10/2020,52.0000,4,0.00,23.4000,13.0000
1763,656,1042,28/04/2020,22/05/2020,47.9000,1,0.00,22.9920,47.9000
1764,522,847,11/05/2020,16/05/2020,12.7400,7,0.00,5.7330,1.8200
1765,267,1311,30/04/2020,13/05/2020,54.7120,7,0.20,11.6263,7.6160
1766,422,1266,06/11/2020,06/12/2020,17.7600,2,0.00,4.9728,8.8800
1767,279,1332,17/08/2020,03/09/2020,63.7700,7,0.00,28.6965,9.1100
1768,474,938,06/03/2020,29/03/2020,135.5160,1,0.40,-31.6204,135.1160
1769,798,154,15/05/2020,20/05/2020,28.4000,5,0.00,13.3480,5.6800
1770,293,1577,30/06/2020,05/07/2020,523.9200,5,0.20,-72.0390,104.5840
1771,354,513,24/08/2020,12/09/2020,17.5200,3,0.00,5.2560,5.8400
1772,691,1124,17/03/2020,06/04/2020,199.9600,4,0.00,85.9828,49.9900
1773,532,230,12/04/2020,28/04/2020,281.3720,2,0.30,-12.0588,140.3860
1774,722,1277,22/07/2020,13/08/2020,20.7360,4,0.20,7.2576,4.9840
1775,598,1446,01/12/2020,09/12/2020,199.3040,4,0.30,-8.5416,49.5260
1776,512,1397,02/12/2020,09/12/2020,36.1920,1,0.20,2.7144,35.9920
1777,270,38,02/04/2020,23/04/2020,626.3520,3,0.20,46.9764,208.5840
1778,163,1614,31/03/2020,04/04/2020,978.8400,9,0.20,110.1195,108.5600
1779,181,1022,30/12/2020,18/01/2021,123.9200,4,0.00,55.7640,30.9800
1780,107,581,18/12/2020,26/12/2020,61.0600,2,0.00,28.0876,30.5300
1781,526,819,12/10/2020,21/10/2020,81.7920,6,0.20,26.5824,13.4320
1782,553,1803,13/01/2020,01/02/2020,5.8720,2,0.20,2.1286,2.7360
1783,68,617,03/09/2020,15/09/2020,383.4380,4,0.45,-167.3184,95.4095
1784,450,1699,30/03/2020,15/04/2020,44.7360,8,0.20,4.4736,5.3920
1785,434,1050,14/02/2020,25/02/2020,339.1360,4,0.20,0.0000,84.5840
1786,570,935,15/10/2020,07/11/2020,7.9600,2,0.80,-13.9300,3.1800
1787,198,545,06/09/2020,09/09/2020,33.7400,7,0.00,15.5204,4.8200
1788,487,812,26/08/2020,14/09/2020,36.2880,7,0.20,12.7008,4.9840
1789,206,128,20/02/2020,18/03/2020,274.0640,7,0.20,102.7740,38.9520
1790,647,361,08/01/2020,04/02/2020,10.9800,1,0.00,2.9646,10.9800
1791,103,720,27/01/2020,18/02/2020,81.2000,5,0.00,12.1800,16.2400
1792,544,672,16/07/2020,09/08/2020,11.5200,4,0.00,3.3408,2.8800
1793,716,1528,01/09/2020,23/09/2020,10.7500,5,0.00,3.5475,2.1500
1794,608,34,29/01/2020,02/02/2020,17.1200,4,0.00,7.7040,4.2800
1795,534,1453,16/03/2020,25/03/2020,24.9600,4,0.00,6.2400,6.2400
1796,237,1662,05/04/2020,20/04/2020,99.9000,5,0.00,47.9520,19.9800
1797,513,1607,13/10/2020,21/10/2020,165.6000,3,0.20,-6.2100,55.0000
1798,245,110,15/09/2020,24/09/2020,27.2400,6,0.00,13.3476,4.5400
1799,488,692,22/10/2020,11/11/2020,124.7500,5,0.00,57.3850,24.9500
1800,793,1718,04/10/2020,03/11/2020,23.9880,2,0.40,-13.9930,11.5940
1801,365,277,19/04/2020,12/05/2020,14.2800,1,0.00,6.5688,14.2800
1802,11,1643,02/05/2020,10/05/2020,16.1920,1,0.20,4.6552,15.9920
1803,459,1763,21/09/2020,05/10/2020,212.8000,2,0.00,95.7600,106.4000
1804,198,537,10/11/2020,26/11/2020,15.2400,5,0.20,5.1435,2.8480
1805,693,1563,13/06/2020,27/06/2020,31.7440,2,0.20,8.3328,15.6720
1806,405,109,27/05/2020,28/05/2020,121.5360,4,0.20,15.1920,30.1840
1807,134,706,02/03/2020,21/03/2020,93.3440,4,0.20,32.6704,23.1360
1808,310,152,17/12/2020,02/01/2021,35.8800,6,0.00,16.1460,5.9800
1809,256,360,04/11/2020,30/11/2020,16.2800,2,0.00,6.5120,8.1400
1810,481,1253,15/10/2020,16/10/2020,127.8800,5,0.60,-67.1370,24.9760
1811,310,34,15/12/2020,05/01/2021,85.0560,3,0.20,28.7064,28.1520
1812,547,447,20/02/2020,19/03/2020,5.2800,2,0.00,2.4288,2.6400
1813,467,1028,26/04/2020,09/05/2020,7.7700,1,0.00,2.0979,7.7700
1814,359,481,01/08/2020,13/08/2020,165.2800,4,0.00,14.8752,41.3200
1815,61,1675,17/01/2020,10/02/2020,586.3980,6,0.15,34.4940,97.5830
1816,27,527,23/02/2020,21/03/2020,20.2400,1,0.00,7.8936,20.2400
1817,617,130,22/10/2020,23/10/2020,16.0320,3,0.20,5.6112,5.1440
1818,210,718,30/05/2020,04/06/2020,704.7600,5,0.20,26.4285,140.7520
1819,713,159,09/08/2020,08/09/2020,966.7000,5,0.30,-13.8100,193.0400
1820,422,931,10/03/2020,29/03/2020,11.6480,4,0.80,-30.8672,2.1120
1821,504,1267,25/02/2020,11/03/2020,44.4000,2,0.60,-52.1700,21.6000
1822,72,990,24/08/2020,04/09/2020,30.5600,5,0.80,-45.8400,5.3120
1823,654,1588,21/12/2020,01/01/2021,83.7000,5,0.00,41.0130,16.7400
1824,774,1002,09/07/2020,10/07/2020,19.4400,3,0.00,9.3312,6.4800
1825,351,583,14/08/2020,29/08/2020,27.8820,3,0.70,-20.4468,8.5940
1826,28,512,02/08/2020,26/08/2020,45.3600,7,0.00,21.7728,6.4800
1827,353,373,30/06/2020,12/07/2020,5.7800,1,0.00,2.8322,5.7800
1828,578,1254,09/08/2020,11/08/2020,201.0400,8,0.00,54.2808,25.1300
1829,451,348,01/10/2020,26/10/2020,29.2000,5,0.20,9.8550,5.6400
1830,47,348,12/11/2020,21/11/2020,23.3600,4,0.20,7.8840,5.6400
1831,685,425,02/08/2020,18/08/2020,95.7600,6,0.20,7.1820,15.7600
1832,615,203,06/04/2020,15/04/2020,279.9500,5,0.00,67.1880,55.9900
1833,129,1482,28/05/2020,07/06/2020,49.1200,4,0.00,23.0864,12.2800
1834,782,1267,02/11/2020,24/11/2020,166.5000,3,0.00,21.6450,55.5000
1835,265,814,12/02/2020,05/03/2020,251.9440,7,0.20,88.1804,35.7920
1836,562,981,08/09/2020,11/09/2020,67.8000,10,0.00,31.1880,6.7800
1837,184,1136,19/07/2020,27/07/2020,1127.9760,3,0.20,126.8973,375.7920
1838,153,773,27/07/2020,02/08/2020,19.1520,2,0.20,1.1970,9.3760
1839,61,1196,29/01/2020,17/02/2020,20.9920,8,0.20,2.3616,2.4240
1840,795,1045,03/09/2020,21/09/2020,201.5680,4,0.20,22.6764,50.1920
1841,411,1156,22/05/2020,04/06/2020,272.8480,1,0.20,27.2848,272.6480
1842,684,370,15/03/2020,20/03/2020,139.8600,7,0.00,65.7342,19.9800
1843,672,564,19/03/2020,21/03/2020,14.6700,3,0.00,3.9609,4.8900
1844,255,405,21/05/2020,03/06/2020,1247.6400,3,0.00,349.3392,415.8800
1845,214,548,07/03/2020,08/03/2020,26.2500,7,0.00,12.6000,3.7500
1846,471,161,19/05/2020,16/06/2020,177.9800,5,0.80,-453.8490,34.7960
1847,162,151,04/07/2020,25/07/2020,323.9760,3,0.20,20.2485,107.7920
1848,288,859,06/03/2020,04/04/2020,15.6600,5,0.70,-12.5280,2.4320
1849,759,81,18/01/2020,29/01/2020,68.4480,4,0.20,7.7004,16.9120
1850,257,14,04/07/2020,03/08/2020,1087.9360,8,0.20,353.5792,135.7920
1851,490,721,13/12/2020,17/12/2020,45.4080,2,0.20,11.9196,22.5040
1852,109,631,06/10/2020,16/10/2020,12.8400,3,0.00,5.7780,4.2800
1853,113,1185,14/03/2020,01/04/2020,3.2800,2,0.00,1.4760,1.6400
1854,58,542,25/06/2020,10/07/2020,458.4300,5,0.30,-124.4310,91.3860
1855,283,1094,16/01/2020,25/01/2020,26.9400,3,0.00,11.3148,8.9800
1856,770,818,16/05/2020,06/06/2020,559.6200,9,0.00,151.0974,62.1800
1857,183,201,28/04/2020,23/05/2020,1628.8200,9,0.00,374.6286,180.9800
1858,617,1009,10/12/2020,19/12/2020,11.7600,2,0.00,5.7624,5.8800
1859,699,1254,22/04/2020,22/05/2020,60.3120,3,0.20,5.2773,19.9040
1860,490,1120,03/10/2020,14/10/2020,1403.9200,5,0.20,70.1960,280.5840
1861,37,334,29/06/2020,20/07/2020,47.9040,1,0.20,-2.9940,47.7040
1862,389,462,07/04/2020,06/05/2020,3.1360,2,0.80,-4.7040,0.7680
1863,619,579,23/11/2020,10/12/2020,13.3600,2,0.00,6.4128,6.6800
1864,737,1292,23/04/2020,16/05/2020,426.7900,7,0.00,123.7691,60.9700
1865,453,1181,26/01/2020,02/02/2020,77.7280,2,0.20,-3.8864,38.6640
1866,720,891,09/05/2020,07/06/2020,48.6900,9,0.00,23.8581,5.4100
1867,731,683,17/08/2020,09/09/2020,102.3000,10,0.00,26.5980,10.2300
1868,5,1803,17/07/2020,11/08/2020,26.4240,9,0.20,9.5787,2.7360
1869,30,376,20/09/2020,01/10/2020,196.7520,6,0.20,56.5662,32.5920
1870,729,1528,18/02/2020,26/02/2020,10.7500,5,0.00,3.5475,2.1500
1871,76,17,24/08/2020,02/09/2020,221.9600,2,0.00,4.4392,110.9800
1872,589,883,08/12/2020,19/12/2020,223.8880,7,0.20,69.9650,31.7840
1873,664,638,20/08/2020,02/09/2020,310.7440,4,0.30,-26.6352,77.3860
1874,485,950,03/06/2020,09/06/2020,23.6800,4,0.20,7.4000,5.7200
1875,584,1726,07/09/2020,03/10/2020,18.4320,8,0.70,-12.2880,1.6040
1876,473,650,09/10/2020,20/10/2020,8.6400,3,0.00,2.4192,2.8800
1877,454,1576,01/05/2020,10/05/2020,512.9600,4,0.00,143.6288,128.2400
1878,724,1268,10/06/2020,22/06/2020,2.0430,1,0.70,-1.4982,1.3430
1879,70,361,09/08/2020,15/08/2020,17.3400,2,0.00,4.6818,8.6700
1880,123,168,26/05/2020,12/06/2020,364.7400,3,0.00,109.4220,121.5800
1881,769,891,12/06/2020,20/06/2020,16.2300,3,0.00,7.9527,5.4100
1882,503,1027,14/07/2020,05/08/2020,27.0560,2,0.20,2.3674,13.3280
1883,597,546,22/09/2020,08/10/2020,12.5600,2,0.00,4.0192,6.2800
1884,728,838,19/05/2020,16/06/2020,29.9700,3,0.00,13.4865,9.9900
1885,775,721,14/10/2020,27/10/2020,22.7040,1,0.20,5.9598,22.5040
1886,324,589,30/05/2020,01/06/2020,18.3360,3,0.20,6.6468,5.9120
1887,122,1210,29/01/2020,20/02/2020,182.9400,3,0.00,27.4410,60.9800
1888,627,52,09/08/2020,27/08/2020,80.9910,1,0.10,8.0991,80.8910
1889,2,557,30/11/2020,01/12/2020,193.9500,3,0.00,9.6975,64.6500
1890,682,754,23/11/2020,22/12/2020,26.2200,3,0.00,12.3234,8.7400
1891,87,698,30/11/2020,25/12/2020,77.0310,9,0.70,-59.0571,7.8590
1892,759,1277,19/04/2020,22/04/2020,31.1040,6,0.20,10.8864,4.9840
1893,687,1224,03/07/2020,15/07/2020,18.4320,8,0.20,5.9904,2.1040
1894,207,531,06/06/2020,30/06/2020,13.9040,2,0.20,4.5188,6.7520
1895,117,1188,20/09/2020,06/10/2020,37.6000,2,0.00,2.2560,18.8000
1896,720,777,07/08/2020,01/09/2020,4.4280,3,0.80,-6.8634,0.6760
1897,515,550,01/09/2020,06/09/2020,334.8800,4,0.20,29.3020,83.5200
1898,38,1135,20/06/2020,19/07/2020,22.7840,1,0.20,4.8416,22.5840
1899,141,636,15/09/2020,11/10/2020,872.3200,4,0.00,244.2496,218.0800
1900,297,1120,23/10/2020,09/11/2020,701.9600,2,0.00,168.4704,350.9800
1901,578,675,18/09/2020,19/09/2020,20.2320,3,0.20,6.5754,6.5440
1902,591,494,01/04/2020,21/04/2020,38.2900,7,0.00,16.4647,5.4700
1903,663,833,01/03/2020,12/03/2020,257.9400,3,0.00,67.0644,85.9800
1904,544,263,04/08/2020,06/08/2020,769.1840,4,0.20,-163.4516,192.0960
1905,575,356,25/08/2020,09/09/2020,35.9520,3,0.20,3.5952,11.7840
1906,770,52,14/10/2020,07/11/2020,269.9700,3,0.00,51.2943,89.9900
1907,323,1198,01/06/2020,18/06/2020,17.2200,3,0.00,7.9212,5.7400
1908,211,880,01/02/2020,04/02/2020,182.9400,3,0.00,3.6588,60.9800
1909,551,244,16/10/2020,03/11/2020,7.5600,6,0.00,0.3024,1.2600
1910,278,1814,11/04/2020,30/04/2020,40.7400,3,0.00,12.2220,13.5800
1911,115,1040,01/03/2020,07/03/2020,15.9360,4,0.20,5.7768,3.7840
1912,425,25,08/12/2020,17/12/2020,4.3680,2,0.70,-3.0576,1.4840
1913,54,1484,26/11/2020,15/12/2020,135.9840,2,0.20,16.9980,67.7920
1914,610,1017,10/01/2020,31/01/2020,24.9000,5,0.00,11.7030,4.9800
1915,557,330,13/06/2020,13/07/2020,31.1040,6,0.20,11.2752,4.9840
1916,503,302,24/05/2020,05/06/2020,83.9200,5,0.20,29.3720,16.5840
1917,455,884,29/02/2020,06/03/2020,559.9920,1,0.20,174.9975,559.7920
1918,263,2,03/03/2020,12/03/2020,975.9200,5,0.20,121.9900,194.9840
1919,617,563,30/03/2020,16/04/2020,17.0400,3,0.00,7.6680,5.6800
1920,55,1322,31/07/2020,15/08/2020,899.9100,9,0.00,395.9604,99.9900
1921,266,784,21/02/2020,24/02/2020,129.9300,3,0.00,12.9930,43.3100
1922,739,1206,21/03/2020,15/04/2020,13.0800,2,0.00,6.0168,6.5400
1923,103,901,23/10/2020,18/11/2020,35.2320,3,0.20,11.4504,11.5440
1924,317,102,22/12/2020,11/01/2021,85.3000,2,0.00,14.5010,42.6500
1925,114,934,09/04/2020,22/04/2020,87.9200,4,0.00,26.3760,21.9800
1926,524,1063,11/07/2020,17/07/2020,1265.8500,3,0.00,556.9740,421.9500
1927,235,413,26/09/2020,30/09/2020,106.3440,7,0.20,37.2204,14.9920
1928,520,995,11/12/2020,30/12/2020,55.4240,2,0.20,19.3984,27.5120
1929,633,519,07/04/2020,17/04/2020,356.9400,2,0.00,107.0820,178.4700
1930,301,214,08/06/2020,28/06/2020,85.2460,2,0.30,-1.2178,42.3230
1931,23,320,10/02/2020,25/02/2020,17.0400,4,0.00,6.9864,4.2600
1932,510,754,26/09/2020,11/10/2020,17.4800,2,0.00,8.2156,8.7400
1933,645,1215,05/06/2020,11/06/2020,14.9400,3,0.00,7.0218,4.9800
1934,223,496,29/04/2020,17/05/2020,124.7920,1,0.20,15.5990,124.5920
1935,30,1372,25/03/2020,30/03/2020,95.1440,7,0.20,10.7037,13.3920
1936,449,608,04/11/2020,10/11/2020,14.7300,3,0.00,7.2177,4.9100
1937,485,1215,30/08/2020,04/09/2020,64.7400,13,0.00,30.4278,4.9800
1938,632,746,26/07/2020,31/07/2020,12.9600,2,0.00,6.2208,6.4800
1939,256,314,05/10/2020,02/11/2020,25.9200,4,0.00,8.2944,6.4800
1940,481,707,29/06/2020,22/07/2020,9.3920,2,0.20,3.2872,4.4960
1941,699,452,26/03/2020,08/04/2020,6354.9500,5,0.00,3177.4750,1270.9900
1942,143,1081,07/11/2020,27/11/2020,123.9200,5,0.20,38.7250,24.5840
1943,619,134,06/01/2020,26/01/2020,50.7840,2,0.20,17.7744,25.1920
1944,312,1254,16/01/2020,24/01/2020,20.1040,2,0.60,-16.5858,9.4520
1945,164,94,30/01/2020,07/02/2020,124.1100,9,0.00,52.1262,13.7900
1946,475,308,06/03/2020,25/03/2020,3.5920,4,0.80,-6.2860,0.0980
1947,101,1173,11/11/2020,03/12/2020,9.2160,4,0.20,3.3408,2.1040
1948,183,456,02/08/2020,11/08/2020,8.8200,3,0.00,2.5578,2.9400
1949,263,412,18/09/2020,02/10/2020,1018.1040,4,0.40,-373.3048,254.1260
1950,450,870,16/03/2020,20/03/2020,15.7120,4,0.20,2.5532,3.7280
1951,1,1529,19/08/2020,11/09/2020,51.5500,5,0.00,24.2285,10.3100
1952,468,743,07/08/2020,03/09/2020,9.9840,4,0.20,3.6192,2.2960
1953,234,1522,15/12/2020,27/12/2020,20.0400,6,0.00,8.8176,3.3400
1954,45,1176,22/04/2020,11/05/2020,359.7720,2,0.30,-5.1396,179.5860
1955,657,655,03/12/2020,14/12/2020,631.7820,2,0.10,140.3960,315.7910
1956,254,1574,20/06/2020,04/07/2020,166.5000,2,0.40,-66.6000,82.8500
1957,599,273,29/12/2020,15/01/2021,19.4400,3,0.00,9.3312,6.4800
1958,761,10,13/12/2020,25/12/2020,68.9400,3,0.00,20.6820,22.9800
1959,96,1410,29/10/2020,07/11/2020,20.7840,2,0.20,-3.6372,10.1920
1960,72,14,19/07/2020,04/08/2020,849.9500,5,0.00,390.9770,169.9900
1961,82,1740,26/08/2020,25/09/2020,17.4720,3,0.20,5.6784,5.6240
1962,496,379,04/06/2020,09/06/2020,1212.9600,8,0.30,-69.3120,151.3200
1963,712,1457,16/01/2020,23/01/2020,19.0000,5,0.00,8.9300,3.8000
1964,270,1611,06/03/2020,02/04/2020,146.8200,3,0.00,73.4100,48.9400
1965,349,662,30/01/2020,29/02/2020,15.2800,2,0.00,7.4872,7.6400
1966,535,360,29/12/2020,30/12/2020,19.5360,3,0.20,4.8840,6.3120
1967,439,497,18/03/2020,05/04/2020,45.9200,4,0.00,22.5008,11.4800
1968,540,1785,23/11/2020,28/11/2020,83.9000,2,0.00,22.6530,41.9500
1969,284,64,04/10/2020,14/10/2020,139.5800,7,0.00,39.0824,19.9400
1970,27,1050,14/12/2020,23/12/2020,254.3520,3,0.20,0.0000,84.5840
1971,301,615,17/02/2020,14/03/2020,2.8800,5,0.80,-4.4640,-0.2240
1972,429,1408,08/01/2020,17/01/2020,881.9300,7,0.00,220.4825,125.9900
1973,632,85,16/12/2020,14/01/2021,59.9700,3,0.00,20.3898,19.9900
1974,75,238,07/09/2020,11/09/2020,17.5200,4,0.00,8.4096,4.3800
1975,597,1571,25/05/2020,26/05/2020,6.9120,3,0.20,2.3328,2.1040
1976,546,677,10/11/2020,21/11/2020,14.6200,2,0.00,6.8714,7.3100
1977,415,154,05/03/2020,21/03/2020,11.1600,2,0.00,5.5800,5.5800
1978,654,1341,09/06/2020,26/06/2020,171.0400,4,0.00,44.4704,42.7600
1979,576,875,19/03/2020,06/04/2020,21.3600,5,0.20,7.2090,4.0720
1980,127,1331,26/07/2020,15/08/2020,3.0000,1,0.20,1.0500,2.8000
1981,536,580,21/06/2020,25/06/2020,44.4000,3,0.00,22.2000,14.8000
1982,103,159,12/09/2020,03/10/2020,441.9200,2,0.20,49.7160,220.7600
1983,759,58,13/05/2020,18/05/2020,43.6800,6,0.00,20.9664,7.2800
1984,576,1323,13/11/2020,20/11/2020,273.0600,2,0.40,-104.6730,136.1300
1985,444,1777,23/05/2020,29/05/2020,83.9200,5,0.20,31.4700,16.5840
1986,114,236,13/03/2020,05/04/2020,47.5300,7,0.00,16.1602,6.7900
1987,547,627,08/10/2020,22/10/2020,181.3500,9,0.00,48.9645,20.1500
1988,238,283,14/05/2020,31/05/2020,3.9120,1,0.20,1.0269,3.7120
1989,502,320,21/09/2020,23/09/2020,4.2600,1,0.00,1.7466,4.2600
1990,546,67,04/10/2020,01/11/2020,125.9760,3,0.20,47.2410,41.7920
1991,791,1083,05/11/2020,07/11/2020,211.8400,8,0.00,76.2624,26.4800
1992,477,1726,23/11/2020,04/12/2020,7.6800,5,0.80,-11.5200,0.7360
1993,623,1212,18/09/2020,01/10/2020,159.9600,4,0.00,51.1872,39.9900
1994,148,1588,26/02/2020,14/03/2020,33.4800,2,0.00,16.4052,16.7400
1995,744,958,22/04/2020,22/05/2020,89.5680,2,0.20,32.4684,44.5840
1996,446,1162,13/10/2020,14/10/2020,46.2000,5,0.20,5.7750,9.0400
1997,458,810,06/05/2020,03/06/2020,368.9700,3,0.00,40.5867,122.9900
1998,306,12,19/02/2020,06/03/2020,455.7120,2,0.20,34.1784,227.6560
1999,171,849,14/01/2020,09/02/2020,513.0240,2,0.20,12.8256,256.3120
2000,717,1344,04/11/2020,30/11/2020,35.8800,6,0.00,16.1460,5.9800
2001,270,693,25/05/2020,16/06/2020,456.5880,2,0.70,-304.3920,227.5940
2002,150,638,21/08/2020,30/08/2020,155.3720,2,0.30,-13.3176,77.3860
2003,1,995,14/10/2020,18/10/2020,41.5680,6,0.80,-66.5088,6.1280
2004,250,94,13/06/2020,10/07/2020,41.3700,3,0.00,17.3754,13.7900
2005,173,751,08/05/2020,22/05/2020,45.3600,4,0.00,22.2264,11.3400
2006,632,847,31/05/2020,14/06/2020,3.6400,2,0.00,1.6380,1.8200
2007,544,714,01/04/2020,24/04/2020,72.7440,7,0.20,-15.4581,10.1920
2008,580,798,01/10/2020,31/10/2020,9.3450,5,0.70,-6.5415,1.1690
2009,464,1217,09/08/2020,12/08/2020,199.9600,4,0.00,69.9860,49.9900
2010,586,513,26/03/2020,25/04/2020,42.0480,9,0.20,5.2560,4.4720
2011,400,641,20/05/2020,24/05/2020,94.8500,5,0.00,45.5280,18.9700
2012,154,1190,06/09/2020,13/09/2020,4.8360,2,0.80,-12.0900,1.6180
2013,236,495,10/09/2020,24/09/2020,13.8600,7,0.00,0.0000,1.9800
2014,356,34,20/12/2020,15/01/2021,68.0400,6,0.00,33.3396,11.3400
2015,371,688,13/11/2020,16/11/2020,73.9800,2,0.00,19.9746,36.9900
2016,756,1842,20/08/2020,18/09/2020,436.7040,6,0.20,21.8352,72.5840
2017,26,1144,23/02/2020,10/03/2020,60.2880,8,0.60,-27.1296,6.9360
2018,757,272,01/08/2020,16/08/2020,27.5520,3,0.20,9.2988,8.9840
2019,227,655,08/11/2020,11/11/2020,561.5840,2,0.20,70.1980,280.5920
2020,343,479,25/11/2020,03/12/2020,254.2400,7,0.00,76.2720,36.3200
2021,519,1019,28/08/2020,13/09/2020,17.4720,3,0.20,5.0232,5.6240
2022,129,1796,16/11/2020,08/12/2020,842.7200,8,0.00,202.2528,105.3400
2023,378,695,14/08/2020,23/08/2020,38.4320,1,0.20,13.4512,38.2320
2024,108,25,11/05/2020,09/06/2020,29.1200,4,0.00,14.2688,7.2800
2025,396,194,29/12/2020,31/12/2020,333.5760,3,0.20,33.3576,110.9920
2026,159,911,26/08/2020,24/09/2020,445.4400,8,0.40,-81.6640,55.2800
2027,319,129,02/01/2020,09/01/2020,7.5200,5,0.20,1.4100,1.3040
2028,381,690,03/03/2020,29/03/2020,259.7000,5,0.00,106.4770,51.9400
2029,43,419,06/04/2020,11/04/2020,727.2960,8,0.20,-172.7328,90.7120
2030,579,1621,02/05/2020,08/05/2020,14.7000,5,0.00,3.9690,2.9400
2031,652,271,09/11/2020,08/12/2020,78.6000,5,0.70,-62.8800,15.0200
2032,122,1151,11/06/2020,21/06/2020,24.9600,3,0.20,4.3680,8.1200
2033,224,125,06/01/2020,21/01/2020,81.4240,2,0.20,-9.1602,40.5120
2034,800,1031,28/04/2020,08/05/2020,79.3600,5,0.20,9.9200,15.6720
2035,590,1444,03/03/2020,12/03/2020,21.0000,3,0.20,5.7750,6.8000
2036,205,724,15/12/2020,23/12/2020,10.3680,2,0.20,3.6288,4.9840
2037,357,1769,11/02/2020,21/02/2020,93.0320,2,0.80,-251.1864,45.7160
2038,400,1626,09/01/2020,26/01/2020,61.4000,5,0.00,28.8580,12.2800
2039,5,766,21/07/2020,06/08/2020,4.4010,3,0.70,-3.5208,0.7670
2040,255,1103,30/07/2020,10/08/2020,155.3400,6,0.00,55.9224,25.8900
2041,529,1055,12/04/2020,14/04/2020,3.8900,1,0.00,1.8672,3.8900
2042,241,1410,25/11/2020,12/12/2020,12.9900,1,0.00,0.7794,12.9900
2043,409,684,19/12/2020,27/12/2020,28.1400,3,0.00,7.8792,9.3800
2044,405,1526,02/02/2020,24/02/2020,128.9000,2,0.00,15.4680,64.4500
2045,9,1375,05/02/2020,04/03/2020,10499.9700,3,0.00,5039.9860,3499.9900
2046,620,329,27/06/2020,08/07/2020,23.9520,2,0.20,2.3952,11.7760
2047,640,1551,10/04/2020,25/04/2020,16.5200,5,0.20,1.6520,3.1040
2048,549,909,14/04/2020,26/04/2020,10.9900,1,0.00,4.2861,10.9900
2049,643,875,06/05/2020,24/05/2020,12.8160,3,0.20,4.3254,4.0720
2050,226,781,28/01/2020,10/02/2020,39.5940,1,0.40,-7.2589,39.1940
2051,376,347,25/08/2020,22/09/2020,2.6240,1,0.20,0.4264,2.4240
2052,277,1341,26/08/2020,08/09/2020,85.5200,2,0.00,22.2352,42.7600
2053,241,1293,26/09/2020,17/10/2020,15.5520,3,0.20,5.4432,4.9840
2054,114,92,22/08/2020,28/08/2020,13.1840,1,0.20,4.7792,12.9840
2055,350,700,04/08/2020,19/08/2020,9.2960,2,0.20,3.0212,4.4480
2056,559,565,06/07/2020,09/07/2020,61.4400,3,0.00,16.5888,20.4800
2057,36,77,28/07/2020,31/07/2020,38.6000,4,0.00,11.5800,9.6500
2058,225,825,13/03/2020,28/03/2020,32.3400,3,0.00,15.5232,10.7800
2059,384,1195,22/09/2020,20/10/2020,63.6860,1,0.30,-15.4666,63.3860
2060,45,1365,07/10/2020,08/10/2020,8.2800,2,0.00,2.9808,4.1400
2061,571,965,07/09/2020,04/10/2020,419.9000,5,0.00,197.3530,83.9800
2062,495,314,05/04/2020,23/04/2020,12.9600,2,0.00,4.1472,6.4800
2063,239,712,24/01/2020,02/02/2020,6.4800,1,0.00,3.1104,6.4800
2064,228,429,01/12/2020,25/12/2020,447.9440,7,0.20,89.5888,63.7920
2065,232,1489,27/08/2020,04/09/2020,31.7440,2,0.20,2.3808,15.6720
2066,741,9,17/09/2020,27/09/2020,43.1760,7,0.20,13.4925,5.9680
2067,683,1023,05/05/2020,28/05/2020,21.4880,2,0.20,1.6116,10.5440
2068,406,769,22/09/2020,11/10/2020,498.0000,5,0.00,184.2600,99.6000
2069,306,270,06/04/2020,15/04/2020,272.9400,3,0.00,30.0234,90.9800
2070,473,150,03/06/2020,04/06/2020,21.9300,3,0.00,10.3071,7.3100
2071,681,1445,12/12/2020,26/12/2020,13.9200,3,0.20,4.8720,4.4400
2072,508,1430,24/08/2020,08/09/2020,56.2800,6,0.00,15.7584,9.3800
2073,139,1274,28/12/2020,15/01/2021,2249.9100,9,0.00,517.4793,249.9900
2074,105,1112,06/09/2020,07/09/2020,39.2800,8,0.00,19.2472,4.9100
2075,238,677,07/04/2020,28/04/2020,7.3100,1,0.00,3.4357,7.3100
2076,342,1388,14/01/2020,17/01/2020,539.9700,3,0.00,134.9925,179.9900
2077,23,268,01/02/2020,07/02/2020,262.8640,7,0.20,69.0018,37.3520
2078,709,1577,29/04/2020,26/05/2020,458.4300,5,0.30,-137.5290,91.3860
2079,719,1477,04/03/2020,06/03/2020,8.5600,2,0.00,3.8520,4.2800
2080,503,1408,13/02/2020,20/02/2020,881.9300,7,0.00,220.4825,125.9900
2081,166,1105,27/12/2020,09/01/2021,591.3200,4,0.00,112.3508,147.8300
2082,195,910,07/05/2020,25/05/2020,41.9400,2,0.00,15.0984,20.9700
2083,244,994,12/10/2020,03/11/2020,32.9520,6,0.60,-19.7712,4.8920
2084,573,651,05/12/2020,18/12/2020,106.9600,2,0.00,31.0184,53.4800
2085,789,739,02/10/2020,17/10/2020,31.1040,6,0.20,10.8864,4.9840
2086,455,1756,11/10/2020,16/10/2020,131.9040,3,0.20,47.8152,43.7680
2087,206,256,07/03/2020,13/03/2020,31.0500,3,0.00,14.9040,10.3500
2088,718,1649,26/12/2020,25/01/2021,674.3520,3,0.20,-8.4294,224.5840
2089,107,617,02/03/2020,22/03/2020,209.1480,2,0.40,-66.2302,104.1740
2090,313,125,18/07/2020,10/08/2020,106.8690,3,0.30,-29.0073,35.3230
2091,161,1298,01/05/2020,22/05/2020,312.5520,9,0.20,101.5794,34.5280
2092,236,684,26/01/2020,30/01/2020,37.5200,5,0.20,3.7520,7.3040
2093,510,1623,27/09/2020,09/10/2020,81.9400,1,0.00,20.4850,81.9400
2094,395,1016,17/12/2020,03/01/2021,23.1280,7,0.20,2.8910,3.1040
2095,123,693,26/12/2020,06/01/2021,760.9800,5,0.80,-1141.4700,151.3960
2096,593,183,24/03/2020,18/04/2020,27.8600,7,0.00,9.1938,3.9800
2097,692,1350,06/01/2020,04/02/2020,2.8800,1,0.00,1.4112,2.8800
2098,461,621,24/02/2020,25/02/2020,5.6400,3,0.00,2.7072,1.8800
2099,269,216,29/03/2020,05/04/2020,744.1000,5,0.30,-95.6700,148.5200
2100,13,1253,21/05/2020,30/05/2020,63.9400,1,0.00,24.9366,63.9400
2101,64,1434,22/02/2020,07/03/2020,42.9300,9,0.00,19.3185,4.7700
2102,200,324,06/04/2020,29/04/2020,488.6460,3,0.10,86.8704,162.7820
2103,756,799,10/11/2020,10/12/2020,327.8400,8,0.00,157.3632,40.9800
2104,436,99,25/04/2020,18/05/2020,1.1920,2,0.80,-2.0264,-0.2040
2105,210,1397,25/01/2020,06/02/2020,108.5760,3,0.20,8.1432,35.9920
2106,457,744,03/07/2020,06/07/2020,6.9120,3,0.20,2.5056,2.1040
2107,157,1026,20/04/2020,09/05/2020,2.3340,3,0.80,-6.3018,-0.0220
2108,351,1310,26/10/2020,30/10/2020,61.9600,2,0.00,27.8820,30.9800
2109,708,307,08/04/2020,07/05/2020,959.9840,2,0.20,335.9944,479.7920
2110,243,275,02/09/2020,06/09/2020,94.8500,5,0.00,45.5280,18.9700
2111,703,1535,17/07/2020,02/08/2020,821.9400,6,0.00,213.7044,136.9900
2112,647,1324,07/05/2020,23/05/2020,1.3440,1,0.20,0.4704,1.1440
2113,201,876,13/11/2020,12/12/2020,3.0360,3,0.80,-5.0094,0.2120
2114,433,239,01/05/2020,20/05/2020,1.6240,2,0.80,-4.4660,0.0120
2115,210,119,12/08/2020,01/09/2020,63.9000,5,0.00,28.7550,12.7800
2116,30,1541,01/06/2020,13/06/2020,18.0000,5,0.00,8.2800,3.6000
2117,749,1573,28/12/2020,14/01/2021,3.1320,2,0.70,-2.6100,0.8660
2118,16,98,28/07/2020,24/08/2020,239.9400,6,0.00,26.3934,39.9900
2119,223,559,11/09/2020,03/10/2020,158.9900,1,0.00,41.3374,158.9900
2120,332,123,06/03/2020,23/03/2020,6.3680,2,0.20,2.1492,2.9840
2121,167,718,02/12/2020,26/12/2020,704.7600,5,0.20,26.4285,140.7520
2122,202,663,22/05/2020,16/06/2020,271.7640,2,0.10,60.3920,135.7820
2123,301,196,19/08/2020,18/09/2020,131.9800,2,0.00,35.6346,65.9900
2124,497,793,10/04/2020,04/05/2020,6.7200,2,0.20,2.4360,3.1600
2125,15,1645,27/10/2020,18/11/2020,43.3200,2,0.00,14.2956,21.6600
2126,352,543,31/05/2020,28/06/2020,104.9000,5,0.00,50.3520,20.9800
2127,794,203,10/10/2020,20/10/2020,111.9800,2,0.00,26.8752,55.9900
2128,772,92,24/09/2020,25/09/2020,115.3600,7,0.00,56.5264,16.4800
2129,250,258,25/08/2020,05/09/2020,318.4000,2,0.20,107.4600,159.0000
2130,638,914,23/11/2020,02/12/2020,209.7000,2,0.00,100.6560,104.8500
2131,590,1274,07/06/2020,24/06/2020,999.9600,4,0.00,229.9908,249.9900
2132,308,626,15/12/2020,20/12/2020,20.7040,4,0.20,7.7640,4.9760
2133,700,272,22/12/2020,15/01/2021,34.4400,3,0.00,16.1868,11.4800
2134,638,407,12/05/2020,07/06/2020,145.7640,2,0.10,-8.0980,72.7820
2135,765,1142,24/08/2020,14/09/2020,887.1030,7,0.10,177.4206,126.6290
2136,614,9,17/01/2020,09/02/2020,24.6720,4,0.20,7.7100,5.9680
2137,80,619,04/02/2020,19/02/2020,50.9400,3,0.00,25.4700,16.9800
2138,49,585,19/10/2020,20/10/2020,863.1280,8,0.30,-160.2952,107.5910
2139,158,764,13/08/2020,20/08/2020,263.9600,1,0.20,42.8935,263.7600
2140,698,1370,08/02/2020,14/02/2020,7.9680,2,0.20,2.8884,3.7840
2141,776,1408,05/09/2020,15/09/2020,881.9300,7,0.00,220.4825,125.9900
2142,261,1051,26/08/2020,09/09/2020,2.2240,1,0.20,0.5560,2.0240
2143,366,720,23/10/2020,14/11/2020,48.7200,3,0.00,7.3080,16.2400
2144,217,1721,12/12/2020,09/01/2021,8.0000,2,0.00,3.8400,4.0000
2145,28,795,04/04/2020,30/04/2020,5.5800,1,0.00,2.1762,5.5800
2146,333,1400,04/01/2020,31/01/2020,6.6800,2,0.00,2.0040,3.3400
2147,1,1610,26/12/2020,02/01/2021,34.5040,2,0.60,-15.5268,16.6520
2148,296,463,04/11/2020,08/11/2020,128.7440,7,0.20,-28.9674,18.1920
2149,38,94,04/12/2020,10/12/2020,124.1100,9,0.00,52.1262,13.7900
2150,358,1369,23/05/2020,22/06/2020,979.9500,5,0.00,264.5865,195.9900
2151,99,974,07/09/2020,05/10/2020,25.1600,2,0.00,8.5544,12.5800
2152,725,577,22/04/2020,09/05/2020,39.2960,4,0.20,3.9296,9.6240
2153,637,353,28/12/2020,18/01/2021,74.9400,3,0.00,14.2386,24.9800
2154,337,1387,22/03/2020,20/04/2020,38.3760,3,0.20,13.4316,12.5920
2155,742,723,16/06/2020,06/07/2020,130.1120,2,0.20,13.0112,64.8560
2156,213,125,10/11/2020,13/11/2020,122.1360,3,0.20,-13.7403,40.5120
2157,263,1559,15/01/2020,08/02/2020,16.6560,6,0.20,-3.1230,2.5760
2158,206,598,17/01/2020,28/01/2020,45.5840,7,0.20,5.1282,6.3120
2159,180,471,27/11/2020,26/12/2020,391.9800,2,0.00,109.7544,195.9900
2160,523,1333,23/05/2020,28/05/2020,6.4800,1,0.00,3.1104,6.4800
2161,490,106,16/01/2020,07/02/2020,8.2600,2,0.00,3.7996,4.1300
2162,2,1754,14/08/2020,15/08/2020,66.9600,4,0.00,2.6784,16.7400
2163,544,162,15/05/2020,16/05/2020,107.9820,3,0.40,-26.9955,35.5940
2164,418,1079,23/05/2020,21/06/2020,1.8100,1,0.00,0.6516,1.8100
2165,382,713,21/11/2020,06/12/2020,323.1360,4,0.20,12.1176,80.5840
2166,719,1168,25/03/2020,23/04/2020,2.9520,2,0.70,-2.1648,0.7760
2167,750,1061,03/05/2020,18/05/2020,595.3800,6,0.00,297.6900,99.2300
2168,118,1083,22/02/2020,25/02/2020,79.4400,3,0.00,28.5984,26.4800
2169,504,1022,13/11/2020,23/11/2020,123.9200,5,0.20,38.7250,24.5840
2170,458,841,22/07/2020,13/08/2020,686.3200,2,0.20,223.0540,342.9600
2171,182,384,25/05/2020,23/06/2020,252.7840,4,0.80,-417.0936,62.3960
2172,111,928,28/01/2020,27/02/2020,19.4400,3,0.00,9.3312,6.4800
2173,723,959,19/03/2020,21/03/2020,16.4000,5,0.00,4.2640,3.2800
2174,176,1737,07/12/2020,24/12/2020,455.9700,5,0.40,-106.3930,90.7940
2175,335,1427,21/11/2020,24/11/2020,146.8200,3,0.00,73.4100,48.9400
2176,392,1348,28/02/2020,22/03/2020,196.7760,3,0.20,14.7582,65.3920
2177,91,1556,09/10/2020,06/11/2020,9.0960,1,0.20,1.7055,8.8960
2178,183,769,05/11/2020,12/11/2020,637.4400,8,0.20,135.4560,79.4800
2179,197,410,01/03/2020,11/03/2020,239.9760,3,0.20,65.9934,79.7920
2180,82,1278,08/06/2020,23/06/2020,166.4500,5,0.00,39.9480,33.2900
2181,687,1293,09/10/2020,14/10/2020,19.4400,3,0.00,9.3312,6.4800
2182,6,824,18/04/2020,29/04/2020,12.2240,2,0.20,4.4312,5.9120
2183,357,306,14/06/2020,02/07/2020,29.7000,5,0.00,13.3650,5.9400
2184,749,336,24/10/2020,04/11/2020,1488.4240,7,0.30,-297.6848,212.3320
2185,383,1164,05/12/2020,23/12/2020,29.8080,2,0.20,10.8054,14.7040
2186,482,699,25/07/2020,20/08/2020,34.9200,4,0.00,11.8728,8.7300
2187,387,131,23/10/2020,02/11/2020,56.7040,2,0.20,19.1376,28.1520
2188,331,937,10/09/2020,16/09/2020,14.8900,1,0.00,4.0203,14.8900
2189,191,801,14/05/2020,11/06/2020,10.4160,7,0.20,-2.2134,1.2880
2190,284,1531,19/01/2020,14/02/2020,72.0000,4,0.00,12.9600,18.0000
2191,422,720,22/12/2020,15/01/2021,81.2000,5,0.00,12.1800,16.2400
2192,652,599,11/01/2020,10/02/2020,8.7840,1,0.20,3.1842,8.5840
2193,660,208,14/06/2020,27/06/2020,599.9850,5,0.70,-479.9880,119.2970
2194,760,407,16/05/2020,25/05/2020,647.8400,8,0.00,32.3920,80.9800
2195,7,1368,20/07/2020,01/08/2020,2887.0560,9,0.20,180.4410,320.5840
2196,40,86,11/01/2020,09/02/2020,27.7200,9,0.00,13.3056,3.0800
2197,44,440,14/11/2020,03/12/2020,158.1300,3,0.00,77.4837,52.7100
2198,22,583,16/03/2020,22/03/2020,27.8820,3,0.70,-20.4468,8.5940
2199,92,1609,02/08/2020,17/08/2020,67.9600,5,0.20,0.8495,13.3920
2200,284,302,17/02/2020,18/02/2020,33.5680,8,0.80,-53.7088,3.3960
2201,636,15,24/04/2020,17/05/2020,137.6200,2,0.00,60.5528,68.8100
2202,256,58,16/04/2020,11/05/2020,11.6480,2,0.20,4.0768,5.6240
2203,173,1151,16/01/2020,07/02/2020,41.6000,4,0.00,14.1440,10.4000
2204,572,344,08/02/2020,12/02/2020,209.9400,6,0.00,39.8886,34.9900
2205,461,1022,15/05/2020,03/06/2020,123.9200,5,0.20,38.7250,24.5840
2206,728,752,19/11/2020,10/12/2020,12.7200,3,0.00,4.9608,4.2400
2207,355,908,15/04/2020,17/04/2020,71.9600,2,0.00,17.9900,35.9800
2208,458,701,08/03/2020,21/03/2020,44.6720,8,0.20,-10.0512,5.3840
2209,553,1032,18/12/2020,24/12/2020,5.0400,2,0.20,1.7640,2.3200
2210,46,176,06/11/2020,22/11/2020,23.2000,2,0.20,1.4500,11.4000
2211,226,1439,23/04/2020,27/04/2020,8.7500,1,0.00,2.6250,8.7500
2212,42,188,05/10/2020,20/10/2020,16.0560,3,0.20,5.8203,5.1520
2213,91,1117,23/11/2020,10/12/2020,9.8700,3,0.00,4.5402,3.2900
2214,230,1418,13/03/2020,25/03/2020,160.9600,2,0.00,48.2880,80.4800
2215,230,1402,21/05/2020,11/06/2020,19.4400,3,0.00,9.3312,6.4800
2216,329,700,10/05/2020,22/05/2020,9.2960,2,0.20,3.0212,4.4480
2217,720,39,12/09/2020,21/09/2020,90.8820,1,0.10,15.1470,90.7820
2218,264,1211,10/10/2020,11/10/2020,25.3440,6,0.20,3.4848,4.0240
2219,267,758,26/06/2020,08/07/2020,123.9200,4,0.00,55.7640,30.9800
2220,444,154,20/06/2020,14/07/2020,57.9600,7,0.00,27.2412,8.2800
2221,465,442,30/05/2020,27/06/2020,383.6400,6,0.00,122.7648,63.9400
2222,73,326,25/02/2020,08/03/2020,4.1600,2,0.00,1.7472,2.0800
2223,347,267,06/02/2020,07/03/2020,46.3840,1,0.20,1.1596,46.1840
2224,188,1285,26/12/2020,02/01/2021,892.9800,2,0.00,80.3682,446.4900
2225,776,631,15/01/2020,31/01/2020,12.8400,3,0.00,5.7780,4.2800
2226,207,107,16/04/2020,18/04/2020,84.9900,1,0.00,30.5964,84.9900
2227,582,1483,18/01/2020,28/01/2020,13.2800,2,0.00,6.3744,6.6400
2228,448,646,07/09/2020,17/09/2020,18.2800,2,0.00,6.2152,9.1400
2229,570,876,15/10/2020,19/10/2020,8.0960,2,0.20,2.7324,3.8480
2230,518,92,12/06/2020,06/07/2020,115.3600,7,0.00,56.5264,16.4800
2231,285,696,06/07/2020,02/08/2020,1115.9100,9,0.00,200.8638,123.9900
2232,398,1431,09/09/2020,03/10/2020,23.9680,2,0.20,7.7896,11.7840
2233,40,84,05/02/2020,21/02/2020,120.7840,1,0.20,-13.5882,120.5840
2234,64,203,21/02/2020,08/03/2020,167.9700,3,0.00,40.3128,55.9900
2235,181,556,28/05/2020,20/06/2020,268.5760,4,0.20,90.6444,66.9440
2236,575,1586,15/10/2020,28/10/2020,447.9440,7,0.20,89.5888,63.7920
2237,469,760,30/06/2020,11/07/2020,617.9700,3,0.00,173.0316,205.9900
2238,605,45,16/09/2020,22/09/2020,17.4600,2,0.00,8.2062,8.7300
2239,42,1458,10/10/2020,30/10/2020,186.7320,1,0.10,41.4960,186.6320
2240,205,512,06/10/2020,05/11/2020,71.2800,11,0.00,34.2144,6.4800
2241,772,347,11/01/2020,05/02/2020,13.1200,5,0.20,2.1320,2.4240
2242,686,1107,29/11/2020,01/12/2020,429.6000,2,0.40,-93.0800,214.4000
2243,428,1018,29/10/2020,19/11/2020,4.1600,2,0.20,0.3640,1.8800
2244,726,1665,02/08/2020,12/08/2020,137.9400,3,0.00,35.8644,45.9800
2245,12,1025,31/10/2020,25/11/2020,67.9000,5,0.00,0.6790,13.5800
2246,681,744,25/04/2020,27/04/2020,5.7600,2,0.00,2.8224,2.8800
2247,300,1734,01/07/2020,05/07/2020,1478.2720,8,0.20,92.3920,184.5840
2248,140,1518,29/10/2020,19/11/2020,35.2800,3,0.00,11.9952,11.7600
2249,583,963,06/04/2020,17/04/2020,9.4500,5,0.00,0.1890,1.8900
2250,317,875,25/06/2020,27/06/2020,21.3600,5,0.20,7.2090,4.0720
2251,701,1450,17/04/2020,20/04/2020,15.9360,4,0.20,5.3784,3.7840
2252,455,590,14/09/2020,01/10/2020,93.7800,2,0.00,36.5742,46.8900
2253,674,1054,10/04/2020,18/04/2020,73.2000,5,0.00,21.2280,14.6400
2254,691,410,07/10/2020,06/11/2020,299.9700,3,0.00,125.9874,99.9900
2255,784,1434,21/12/2020,17/01/2021,9.5400,2,0.00,4.2930,4.7700
2256,707,458,21/11/2020,11/12/2020,68.6000,4,0.00,18.5220,17.1500
2257,155,1644,22/04/2020,17/05/2020,51.7500,5,0.00,24.8400,10.3500
2258,431,1473,29/12/2020,01/01/2021,671.9300,7,0.00,188.1404,95.9900
2259,53,232,26/05/2020,29/05/2020,42.9760,4,0.20,4.2976,10.5440
2260,456,158,08/04/2020,25/04/2020,689.8200,6,0.00,20.6946,114.9700
2261,351,978,15/12/2020,29/12/2020,131.9800,2,0.00,35.6346,65.9900
2262,412,1511,15/05/2020,14/06/2020,284.9700,3,0.00,85.4910,94.9900
2263,105,17,10/01/2020,24/01/2020,887.8400,8,0.00,17.7568,110.9800
2264,98,726,27/06/2020,07/07/2020,89.8560,3,0.20,21.3408,29.7520
2265,230,1485,07/02/2020,06/03/2020,963.1360,4,0.20,108.3528,240.5840
2266,182,635,21/11/2020,04/12/2020,3.2730,1,0.70,-2.5093,2.5730
2267,681,386,07/09/2020,21/09/2020,714.3000,5,0.00,207.1470,142.8600
2268,174,262,15/02/2020,02/03/2020,96.7840,4,0.80,-145.1760,23.3960
2269,621,1598,12/05/2020,13/05/2020,5.4720,3,0.20,1.6416,1.6240
2270,297,1046,24/11/2020,03/12/2020,8.9600,2,0.00,4.3904,4.4800
2271,698,713,29/10/2020,10/11/2020,205.9992,3,0.32,-27.2646,68.3464
2272,604,876,18/05/2020,20/05/2020,25.3000,5,0.00,11.8910,5.0600
2273,537,894,20/08/2020,29/08/2020,253.7640,2,0.10,31.0156,126.7820
2274,229,308,22/09/2020,11/10/2020,40.4100,9,0.00,18.5886,4.4900
2275,345,809,20/05/2020,03/06/2020,23.9920,2,0.80,-62.3792,11.1960
2276,659,472,17/09/2020,27/09/2020,31.4400,3,0.00,8.4888,10.4800
2277,446,1148,06/10/2020,11/10/2020,64.2000,5,0.70,-44.9400,12.1400
2278,178,1536,04/07/2020,28/07/2020,45.8400,8,0.00,22.0032,5.7300
2279,781,955,09/04/2020,03/05/2020,17.0880,4,0.20,5.5536,4.0720
2280,193,516,24/04/2020,26/04/2020,11.6320,2,0.20,1.0178,5.6160
2281,338,1072,15/11/2020,12/12/2020,244.7680,4,0.20,24.4768,60.9920
2282,83,676,25/07/2020,26/07/2020,22.7200,4,0.00,6.5888,5.6800
2283,668,918,28/05/2020,31/05/2020,8.2600,2,0.00,3.8822,4.1300
2284,763,1032,04/09/2020,13/09/2020,9.4500,3,0.00,4.5360,3.1500
2285,169,1346,25/05/2020,12/06/2020,8187.6500,5,0.00,327.5060,1637.5300
2286,206,624,23/04/2020,12/05/2020,770.3520,3,0.20,77.0352,256.5840
2287,179,548,03/08/2020,20/08/2020,3.0000,1,0.20,1.0500,2.8000
2288,245,29,18/10/2020,17/11/2020,82.8000,2,0.20,10.3500,41.2000
2289,560,890,22/08/2020,28/08/2020,165.9800,1,0.00,74.6910,165.9800
2290,48,787,18/02/2020,19/02/2020,175.2300,11,0.00,61.3305,15.9300
2291,288,496,20/08/2020,22/08/2020,280.7820,3,0.40,-46.7970,93.1940
2292,214,1408,16/04/2020,29/04/2020,503.9600,4,0.00,125.9900,125.9900
2293,704,805,18/05/2020,06/06/2020,4.8600,3,0.70,-3.5640,0.9200
2294,257,1292,27/02/2020,06/03/2020,243.8800,5,0.20,27.4365,48.5760
2295,403,978,11/11/2020,08/12/2020,263.9600,4,0.00,71.2692,65.9900
2296,683,2,31/03/2020,03/04/2020,975.9200,5,0.20,121.9900,194.9840
2297,268,943,05/09/2020,13/09/2020,13.4800,2,0.00,6.7400,6.7400
2298,663,683,27/03/2020,17/04/2020,30.6900,3,0.00,7.9794,10.2300
2299,690,48,30/04/2020,10/05/2020,43.6000,4,0.00,12.2080,10.9000
2300,615,1117,11/02/2020,16/02/2020,16.4500,5,0.00,7.5670,3.2900
2301,472,205,19/04/2020,01/05/2020,8.3760,3,0.20,2.7222,2.5920
2302,668,1201,13/08/2020,18/08/2020,13.3600,4,0.00,4.1416,3.3400
2303,516,1732,11/05/2020,18/05/2020,32.1300,9,0.00,8.3538,3.5700
2304,684,797,16/06/2020,13/07/2020,9.0880,4,0.20,3.2944,2.0720
2305,530,44,08/11/2020,02/12/2020,36.7840,2,0.20,10.5754,18.1920
2306,37,106,21/07/2020,11/08/2020,20.6500,5,0.00,9.4990,4.1300
2307,663,16,31/10/2020,04/11/2020,12.7200,3,0.00,6.3600,4.2400
2308,42,292,27/05/2020,29/05/2020,241.5680,2,0.20,18.1176,120.5840
2309,251,223,19/08/2020,31/08/2020,31.1680,4,0.20,9.3504,7.5920
2310,402,579,22/02/2020,17/03/2020,13.3600,2,0.00,6.4128,6.6800
2311,605,390,11/06/2020,27/06/2020,19.9200,4,0.00,9.7608,4.9800
2312,551,13,24/04/2020,27/04/2020,12.9600,2,0.00,6.2208,6.4800
2313,95,1367,14/06/2020,26/06/2020,21.2040,3,0.60,-11.6622,6.4680
2314,277,1156,21/01/2020,18/02/2020,613.9080,3,0.40,-122.7816,204.2360
2315,557,157,17/02/2020,05/03/2020,3059.9820,2,0.10,679.9960,1529.8910
2316,330,1081,15/03/2020,23/03/2020,74.3520,3,0.20,23.2350,24.5840
2317,623,549,07/03/2020,09/03/2020,15.5520,3,0.20,5.6376,4.9840
2318,9,872,16/01/2020,28/01/2020,191.9680,7,0.20,16.7972,27.2240
2319,540,901,26/10/2020,22/11/2020,17.6160,4,0.70,-14.0928,3.7040
2320,620,1468,21/05/2020,13/06/2020,83.9700,3,0.00,23.5116,27.9900
2321,72,1587,27/05/2020,30/05/2020,124.7920,1,0.20,10.9193,124.5920
2322,161,1768,17/09/2020,16/10/2020,143.9280,9,0.20,-32.3838,15.7920
2323,604,1163,12/10/2020,23/10/2020,896.9900,5,0.80,-1480.0334,178.5980
2324,496,539,06/10/2020,16/10/2020,59.9000,2,0.00,23.9600,29.9500
2325,144,227,15/12/2020,21/12/2020,66.6880,1,0.20,4.1680,66.4880
2326,534,1743,20/04/2020,03/05/2020,546.0600,3,0.00,163.8180,182.0200
2327,640,1116,10/08/2020,22/08/2020,81.9800,2,0.00,40.1702,40.9900
2328,730,929,27/07/2020,31/07/2020,91.9200,4,0.00,31.2528,22.9800
2329,493,1446,26/11/2020,05/12/2020,113.8880,2,0.20,9.9652,56.7440
2330,270,973,17/10/2020,18/10/2020,478.2400,8,0.00,219.9904,59.7800
2331,706,1138,12/08/2020,16/08/2020,1259.9300,7,0.00,327.5818,179.9900
2332,299,1029,09/09/2020,30/09/2020,21.5600,7,0.00,10.3488,3.0800
2333,303,1752,08/03/2020,11/03/2020,220.7040,6,0.20,-8.2764,36.5840
2334,140,1551,02/03/2020,16/03/2020,24.7800,6,0.00,6.9384,4.1300
2335,178,352,22/02/2020,14/03/2020,37.8960,4,0.70,-29.0536,8.7740
2336,246,542,07/01/2020,14/01/2020,314.3520,3,0.20,-35.3646,104.5840
2337,711,1734,11/01/2020,09/02/2020,1293.4880,7,0.20,80.8430,184.5840
2338,286,494,31/08/2020,29/09/2020,5.4700,1,0.00,2.3521,5.4700
2339,6,709,23/03/2020,08/04/2020,5.2200,2,0.00,2.4012,2.6100
2340,202,35,21/06/2020,08/07/2020,627.1680,4,0.20,70.5564,156.5920
2341,621,911,24/06/2020,12/07/2020,668.1600,9,0.20,75.1680,74.0400
2342,649,1803,23/01/2020,08/02/2020,5.8720,2,0.20,2.1286,2.7360
2343,656,1594,31/05/2020,10/06/2020,383.4656,4,0.32,-67.6704,95.5464
2344,583,604,29/03/2020,04/04/2020,239.9600,4,0.00,115.1808,59.9900
2345,682,1448,19/12/2020,02/01/2021,4367.8960,13,0.20,327.5922,335.7920
2346,170,1235,03/02/2020,23/02/2020,59.9600,5,0.20,21.7355,11.7920
2347,738,436,14/08/2020,31/08/2020,628.8100,7,0.00,12.5762,89.8300
2348,667,630,06/10/2020,15/10/2020,1586.6900,7,0.00,412.5394,226.6700
2349,465,683,03/11/2020,20/11/2020,51.1500,5,0.00,13.2990,10.2300
2350,785,1127,23/10/2020,06/11/2020,54.8160,3,0.20,17.8152,18.0720
2351,496,1777,28/11/2020,21/12/2020,67.1360,4,0.20,25.1760,16.5840
2352,711,778,16/08/2020,07/09/2020,25.9200,5,0.20,9.0720,4.9840
2353,366,1447,11/08/2020,17/08/2020,141.9600,2,0.00,22.7136,70.9800
2354,790,1312,23/07/2020,17/08/2020,176.0400,4,0.00,45.7704,44.0100
2355,504,962,19/07/2020,06/08/2020,186.0480,6,0.20,67.4424,30.8080
2356,562,559,10/11/2020,11/11/2020,508.7680,4,0.20,38.1576,126.9920
2357,300,825,20/01/2020,09/02/2020,53.9000,5,0.00,25.8720,10.7800
2358,457,1330,31/03/2020,13/04/2020,34.9440,6,0.20,11.7936,5.6240
2359,25,1588,08/03/2020,01/04/2020,5.0220,1,0.70,-3.5154,4.3220
2360,599,1259,11/02/2020,01/03/2020,11.2640,8,0.20,3.9424,1.2080
2361,639,1698,04/03/2020,07/03/2020,387.1360,4,0.20,4.8392,96.5840
2362,483,213,08/05/2020,17/05/2020,70.6860,1,0.30,-24.2352,70.3860
2363,342,942,07/06/2020,19/06/2020,2.0880,1,0.20,0.6786,1.8880
2364,456,213,16/09/2020,27/09/2020,141.3720,2,0.30,-48.4704,70.3860
2365,786,461,03/08/2020,24/08/2020,64.7840,1,0.20,-12.9568,64.5840
2366,404,326,07/11/2020,24/11/2020,23.5600,5,0.20,7.0680,4.5120
2367,359,613,27/09/2020,16/10/2020,46.4400,3,0.20,15.0930,15.2800
2368,197,715,26/06/2020,26/07/2020,26.3880,4,0.70,-17.5920,5.8970
2369,342,1118,11/07/2020,21/07/2020,173.9400,6,0.00,50.4426,28.9900
2370,452,813,17/09/2020,08/10/2020,3.1500,1,0.00,1.5120,3.1500
2371,746,913,26/06/2020,26/07/2020,92.9600,2,0.20,31.3740,46.2800
2372,352,1353,09/05/2020,01/06/2020,776.8500,5,0.40,-181.2650,154.9700
2373,601,720,26/03/2020,14/04/2020,12.9920,1,0.20,-0.8120,12.7920
2374,354,354,06/03/2020,12/03/2020,12.9600,2,0.00,6.2208,6.4800
2375,431,1674,02/02/2020,19/02/2020,25.7100,3,0.00,9.2556,8.5700
2376,778,1754,24/08/2020,15/09/2020,150.6600,9,0.00,6.0264,16.7400
2377,524,1441,09/06/2020,21/06/2020,141.4200,5,0.60,-187.3815,27.6840
2378,773,370,04/08/2020,17/08/2020,179.8200,9,0.00,84.5154,19.9800
2379,68,142,20/09/2020,05/10/2020,149.9700,3,0.00,5.9988,49.9900
2380,156,1285,03/12/2020,18/12/2020,2678.9400,6,0.00,241.1046,446.4900
2381,607,1279,16/01/2020,22/01/2020,149.2320,3,0.20,3.7308,49.5440
2382,252,37,28/06/2020,17/07/2020,62.9600,4,0.00,28.3320,15.7400
2383,346,849,07/04/2020,26/04/2020,801.6000,5,0.50,-448.8960,159.8200
2384,406,223,30/12/2020,11/01/2021,9.5520,3,0.60,-3.8208,2.5840
2385,604,1506,26/01/2020,18/02/2020,13.1100,3,0.00,3.4086,4.3700
2386,572,948,20/09/2020,28/09/2020,42.2080,2,0.20,13.7176,20.9040
2387,319,627,18/06/2020,24/06/2020,60.4500,3,0.00,16.3215,20.1500
2388,205,1644,28/10/2020,22/11/2020,51.7500,5,0.00,24.8400,10.3500
2389,368,1306,17/03/2020,19/03/2020,332.9400,3,0.00,53.2704,110.9800
2390,739,399,22/10/2020,03/11/2020,39.6800,2,0.00,10.3168,19.8400
2391,156,111,14/11/2020,18/11/2020,21.4800,6,0.00,10.5252,3.5800
2392,647,981,11/07/2020,05/08/2020,16.2720,3,0.20,5.2884,5.2240
2393,383,1148,03/08/2020,09/08/2020,34.2400,4,0.80,-53.0720,7.7600
2394,402,1268,12/02/2020,21/02/2020,4.0860,2,0.70,-2.9964,1.3430
2395,510,777,19/05/2020,11/06/2020,41.3280,7,0.20,14.9814,5.7040
2396,117,658,29/12/2020,26/01/2021,559.9300,7,0.00,167.9790,79.9900
2397,422,1447,16/05/2020,31/05/2020,141.9600,2,0.00,22.7136,70.9800
2398,261,592,30/06/2020,05/07/2020,8.9640,6,0.70,-6.5736,0.7940
2399,745,684,12/07/2020,19/07/2020,30.0160,4,0.20,3.0016,7.3040
2400,81,586,20/11/2020,01/12/2020,10.3680,2,0.20,3.6288,4.9840
2401,275,234,03/12/2020,20/12/2020,164.7360,4,0.20,-39.1248,40.9840
2402,393,255,10/03/2020,29/03/2020,49.7600,4,0.00,13.9328,12.4400
2403,14,1350,21/07/2020,26/07/2020,14.4000,5,0.00,7.0560,2.8800
2404,644,14,07/06/2020,04/07/2020,849.9500,5,0.00,390.9770,169.9900
2405,615,902,28/12/2020,04/01/2021,8.7600,5,0.20,0.7665,1.5520
2406,20,1686,23/08/2020,07/09/2020,304.9000,5,0.00,143.3030,60.9800
2407,314,1696,09/02/2020,28/02/2020,4.2000,2,0.00,1.1760,2.1000
2408,546,476,24/02/2020,05/03/2020,99.3720,2,0.30,-7.0980,49.3860
2409,607,1600,08/07/2020,13/07/2020,111.9000,6,0.00,51.4740,18.6500
2410,99,695,17/05/2020,31/05/2020,96.0800,2,0.00,46.1184,48.0400
2411,192,234,15/09/2020,27/09/2020,123.5520,3,0.20,-29.3436,40.9840
2412,487,1429,24/06/2020,22/07/2020,12.9600,2,0.00,6.2208,6.4800
2413,621,368,29/09/2020,09/10/2020,72.5880,2,0.70,-128.2388,35.5940
2414,615,968,28/09/2020,27/10/2020,8.6080,2,0.20,3.0128,4.1040
2415,663,1426,23/08/2020,10/09/2020,36.1120,2,0.20,12.6392,17.8560
2416,512,386,07/08/2020,16/08/2020,342.8640,3,0.20,38.5722,114.0880
2417,65,463,21/08/2020,28/08/2020,128.7440,7,0.20,-28.9674,18.1920
2418,334,1397,04/09/2020,29/09/2020,36.1920,1,0.20,2.7144,35.9920
2419,280,267,02/01/2020,05/01/2020,46.3840,1,0.20,1.1596,46.1840
2420,181,74,28/01/2020,09/02/2020,3.3280,2,0.20,1.2064,1.4640
2421,609,892,23/06/2020,17/07/2020,892.1360,7,0.20,111.5170,127.2480
2422,229,214,16/07/2020,10/08/2020,383.6070,9,0.30,-5.4801,42.3230
2423,385,923,10/07/2020,17/07/2020,89.9880,2,0.40,-14.9980,44.5940
2424,8,1141,21/09/2020,27/09/2020,471.9000,6,0.00,155.7270,78.6500
2425,308,259,27/01/2020,01/02/2020,181.7970,1,0.30,-15.5826,181.4970
2426,247,1239,20/08/2020,31/08/2020,20.9600,4,0.20,6.8120,5.0400
2427,618,1226,22/08/2020,08/09/2020,76.7760,4,0.70,-58.8616,18.4940
2428,477,852,29/09/2020,26/10/2020,9.9900,1,0.00,4.5954,9.9900
2429,637,1048,15/04/2020,06/05/2020,16.8960,4,0.20,5.2800,4.0240
2430,722,1049,11/12/2020,26/12/2020,6.6720,1,0.20,0.5004,6.4720
2431,339,684,23/05/2020,06/06/2020,15.0080,2,0.20,1.5008,7.3040
2432,22,1808,22/11/2020,27/11/2020,148.0200,3,0.00,41.4456,49.3400
2433,36,1483,16/04/2020,22/04/2020,7.9680,3,0.60,-2.3904,2.0560
2434,401,1203,13/06/2020,10/07/2020,294.6200,5,0.80,-766.0120,58.1240
2435,583,1031,20/09/2020,13/10/2020,15.8720,1,0.20,1.9840,15.6720
2436,531,551,20/04/2020,26/04/2020,207.2400,11,0.00,58.0272,18.8400
2437,349,583,05/07/2020,30/07/2020,49.5680,2,0.20,17.3488,24.5840
2438,11,1280,30/06/2020,28/07/2020,1119.9840,2,0.20,377.9946,559.7920
2439,734,1345,10/04/2020,06/05/2020,78.3500,5,0.00,36.8245,15.6700
2440,296,325,19/11/2020,07/12/2020,4.4480,2,0.20,0.3336,2.0240
2441,217,777,02/01/2020,17/01/2020,7.3800,1,0.00,3.6162,7.3800
2442,303,1074,04/11/2020,17/11/2020,13.3600,2,0.00,6.4128,6.6800
2443,55,797,21/02/2020,06/03/2020,2.5560,3,0.70,-1.7892,0.1520
2444,737,261,12/05/2020,24/05/2020,31.1040,6,0.20,10.8864,4.9840
2445,137,305,01/08/2020,02/08/2020,8.7040,2,0.20,3.1552,4.1520
2446,764,152,29/02/2020,12/03/2020,5.9800,1,0.00,2.6910,5.9800
2447,738,1252,12/03/2020,17/03/2020,28.0800,3,0.20,5.2650,9.1600
2448,430,927,13/01/2020,05/02/2020,146.5440,6,0.20,47.6268,24.2240
2449,786,738,30/07/2020,24/08/2020,286.8500,1,0.00,63.1070,286.8500
2450,695,396,20/02/2020,07/03/2020,113.3720,2,0.30,-29.1528,56.3860
2451,281,1660,26/09/2020,21/10/2020,10.2720,3,0.20,3.4668,3.2240
2452,112,1232,15/12/2020,13/01/2021,70.2600,3,0.00,18.9702,23.4200
2453,124,6,20/03/2020,06/04/2020,48.8600,7,0.00,14.1694,6.9800
2454,503,314,25/12/2020,11/01/2021,15.5520,3,0.20,2.3328,4.9840
2455,116,67,27/08/2020,25/09/2020,104.9800,2,0.00,52.4900,52.4900
2456,604,1095,29/09/2020,27/10/2020,255.9680,4,0.20,51.1936,63.7920
2457,219,1468,08/10/2020,14/10/2020,55.9800,2,0.00,15.6744,27.9900
2458,47,429,22/05/2020,23/05/2020,239.9700,3,0.00,86.3892,79.9900
2459,709,1441,27/06/2020,14/07/2020,70.7100,1,0.00,4.9497,70.7100
2460,87,663,25/01/2020,23/02/2020,603.9200,5,0.20,75.4900,120.5840
2461,576,1557,16/08/2020,09/09/2020,8.0100,3,0.00,3.0438,2.6700
2462,57,96,27/11/2020,23/12/2020,20.7680,2,0.20,2.3364,10.1840
2463,589,869,04/05/2020,14/05/2020,4.6240,1,0.20,1.6762,4.4240
2464,281,624,04/06/2020,27/06/2020,770.3520,3,0.20,77.0352,256.5840
2465,195,1487,06/06/2020,23/06/2020,1103.9700,3,0.00,496.7865,367.9900
2466,49,601,28/10/2020,10/11/2020,182.7200,8,0.00,84.0512,22.8400
2467,480,1624,30/01/2020,11/02/2020,19.9800,2,0.00,8.9910,9.9900
2468,467,1298,15/08/2020,11/09/2020,8.6820,1,0.80,-14.7594,7.8820
2469,570,1826,16/09/2020,02/10/2020,3.1520,2,0.20,0.4728,1.3760
2470,448,917,05/07/2020,30/07/2020,34.7000,5,0.00,12.4920,6.9400
2471,418,504,29/07/2020,10/08/2020,2.9200,1,0.20,0.3650,2.7200
2472,748,815,09/10/2020,06/11/2020,106.8000,10,0.20,10.6800,10.4800
2473,589,615,12/07/2020,03/08/2020,2.3040,4,0.80,-3.5712,-0.2240
2474,325,367,04/03/2020,18/03/2020,111.9600,2,0.00,54.8604,55.9800
2475,102,373,24/09/2020,11/10/2020,40.4600,7,0.00,19.8254,5.7800
2476,62,1533,11/02/2020,17/02/2020,193.0656,4,0.32,-19.8744,47.9464
2477,310,689,18/02/2020,21/02/2020,8.6700,3,0.00,4.0749,2.8900
2478,589,866,18/12/2020,01/01/2021,80.9800,1,0.00,1.6196,80.9800
2479,360,97,05/02/2020,13/02/2020,64.6240,7,0.20,22.6184,9.0320
2480,702,444,05/01/2020,20/01/2020,180.9600,6,0.20,67.8600,29.9600
2481,762,1397,24/10/2020,17/11/2020,108.5760,3,0.20,8.1432,35.9920
2482,333,302,03/12/2020,02/01/2021,117.4880,7,0.20,41.1208,16.5840
2483,312,154,02/12/2020,18/12/2020,15.6480,2,0.20,5.0856,7.6240
2484,169,1504,22/08/2020,29/08/2020,20.7360,4,0.20,7.2576,4.9840
2485,693,15,11/09/2020,18/09/2020,13.7620,1,0.80,-24.7716,12.9620
2486,725,1589,10/04/2020,08/05/2020,7.9800,3,0.00,2.0748,2.6600
2487,400,15,30/04/2020,24/05/2020,137.6200,2,0.00,60.5528,68.8100
2488,409,107,16/04/2020,29/04/2020,84.9900,1,0.00,30.5964,84.9900
2489,46,1574,31/03/2020,30/04/2020,194.2500,2,0.30,-38.8500,96.8250
2490,150,1633,29/07/2020,10/08/2020,3.3600,2,0.00,0.8736,1.6800
2491,418,1534,07/05/2020,09/05/2020,825.1740,9,0.30,-117.8820,91.3860
2492,748,1394,25/06/2020,11/07/2020,23.8800,6,0.00,11.2236,3.9800
2493,235,1103,30/08/2020,26/09/2020,129.4500,5,0.00,46.6020,25.8900
2494,222,307,29/09/2020,24/10/2020,1799.9700,5,0.40,239.9960,359.5940
2495,191,620,24/08/2020,14/09/2020,258.6960,3,0.20,64.6740,86.0320
2496,462,145,02/09/2020,13/09/2020,203.1840,2,0.20,15.2388,101.3920
2497,644,909,06/08/2020,04/09/2020,10.9900,1,0.00,4.2861,10.9900
2498,199,475,31/01/2020,22/02/2020,203.9200,4,0.00,55.0584,50.9800
2499,565,1186,10/02/2020,19/02/2020,666.4000,7,0.20,-33.3200,95.0000
2500,328,1600,08/09/2020,02/10/2020,111.9000,6,0.00,51.4740,18.6500
2501,111,1712,22/08/2020,20/09/2020,57.9000,5,0.00,28.9500,11.5800
2502,351,34,20/04/2020,06/05/2020,85.0560,3,0.20,28.7064,28.1520
2503,514,704,17/04/2020,06/05/2020,23.8800,6,0.00,8.1192,3.9800
2504,119,639,05/10/2020,14/10/2020,1363.9600,5,0.20,85.2475,272.5920
2505,91,588,23/05/2020,20/06/2020,1352.3976,9,0.32,-437.5404,149.9464
2506,54,1781,29/01/2020,23/02/2020,11.4240,3,0.20,3.7128,3.6080
2507,283,1337,26/02/2020,11/03/2020,82.9500,5,0.00,29.0325,16.5900
2508,725,852,30/05/2020,18/06/2020,69.9300,7,0.00,32.1678,9.9900
2509,552,720,17/07/2020,20/07/2020,16.2400,1,0.00,2.4360,16.2400
2510,35,803,30/04/2020,30/05/2020,7.2400,5,0.20,1.1765,1.2480
2511,215,1448,21/05/2020,06/06/2020,3023.9280,9,0.20,226.7946,335.7920
2512,99,461,18/06/2020,09/07/2020,242.9400,3,0.00,9.7176,80.9800
2513,199,429,22/04/2020,16/05/2020,239.9700,3,0.00,86.3892,79.9900
2514,371,106,12/12/2020,19/12/2020,8.2600,2,0.00,3.7996,4.1300
2515,510,412,03/11/2020,06/11/2020,1018.1040,4,0.40,-373.3048,254.1260
2516,13,1568,02/10/2020,05/10/2020,5.0400,2,0.00,0.1512,2.5200
2517,340,549,16/06/2020,26/06/2020,51.8400,8,0.00,25.4016,6.4800
2518,430,1718,10/08/2020,21/08/2020,15.9920,1,0.20,-2.9985,15.7920
2519,24,1154,22/08/2020,28/08/2020,156.5120,4,0.20,-35.2152,38.9280
2520,602,1129,11/05/2020,26/05/2020,47.8080,12,0.20,15.5376,3.7840
2521,699,1479,04/05/2020,02/06/2020,418.8000,2,0.40,-97.7200,209.0000
2522,729,588,17/11/2020,02/12/2020,176.7840,1,0.20,-22.0980,176.5840
2523,783,651,07/09/2020,05/10/2020,213.9200,4,0.00,62.0368,53.4800
2524,211,931,20/04/2020,02/05/2020,11.6480,4,0.80,-30.8672,2.1120
2525,20,1308,19/03/2020,28/03/2020,29.6100,9,0.00,13.3245,3.2900
2526,482,759,02/01/2020,25/01/2020,387.9900,1,0.00,182.3553,387.9900
2527,167,934,23/08/2020,24/08/2020,109.9000,5,0.00,32.9700,21.9800
2528,515,905,15/07/2020,17/07/2020,44.8480,8,0.80,-67.2720,4.8060
2529,453,1183,14/02/2020,28/02/2020,79.8720,3,0.20,29.9520,26.4240
2530,593,259,03/11/2020,09/11/2020,1090.7820,7,0.40,-290.8752,155.4260
2531,373,1741,13/12/2020,14/12/2020,36.7380,1,0.40,-9.1845,36.3380
2532,592,1633,23/06/2020,29/06/2020,3.3600,2,0.00,0.8736,1.6800
2533,10,715,12/10/2020,18/10/2020,70.3680,4,0.20,26.3880,17.3920
2534,779,764,09/10/2020,11/10/2020,263.9600,1,0.20,42.8935,263.7600
2535,107,308,17/03/2020,28/03/2020,17.9600,5,0.20,5.8370,3.3920
2536,432,773,27/04/2020,15/05/2020,30.9760,8,0.20,5.0336,3.6720
2537,590,999,02/12/2020,01/01/2021,16.7200,5,0.20,3.3440,3.1440
2538,354,116,23/02/2020,22/03/2020,841.5680,2,0.20,294.5488,420.5840
2539,524,421,23/07/2020,11/08/2020,791.9640,6,0.40,-131.9940,131.5940
2540,148,659,25/03/2020,17/04/2020,67.8000,4,0.00,4.0680,16.9500
2541,758,1528,07/04/2020,17/04/2020,4.3000,2,0.00,1.4190,2.1500
2542,410,41,27/10/2020,09/11/2020,275.9400,6,0.00,80.0226,45.9900
2543,137,928,17/01/2020,27/01/2020,38.8800,6,0.00,18.6624,6.4800
2544,626,358,25/04/2020,23/05/2020,179.9500,5,0.00,37.7895,35.9900
2545,267,875,26/05/2020,24/06/2020,21.3600,5,0.20,7.2090,4.0720
2546,145,1394,02/07/2020,06/07/2020,7.9600,2,0.00,3.7412,3.9800
2547,66,201,06/08/2020,13/08/2020,452.4500,5,0.50,-244.3230,89.9900
2548,361,1510,14/01/2020,24/01/2020,40.9900,1,0.00,20.0851,40.9900
2549,469,1031,10/04/2020,03/05/2020,79.3600,4,0.00,23.8080,19.8400
2550,237,839,12/01/2020,30/01/2020,60.8300,7,0.00,30.4150,8.6900
2551,635,120,09/07/2020,04/08/2020,29.1600,3,0.00,8.4564,9.7200
2552,431,56,29/01/2020,30/01/2020,32.4000,5,0.00,15.5520,6.4800
2553,130,482,07/12/2020,06/01/2021,13.7600,2,0.20,4.6440,6.6800
2554,442,1559,13/01/2020,28/01/2020,16.6560,6,0.20,-3.1230,2.5760
2555,292,1420,11/02/2020,02/03/2020,23.9880,2,0.40,-15.9920,11.5940
2556,733,1123,31/03/2020,06/04/2020,22.4800,1,0.00,10.3408,22.4800
2557,129,1333,28/02/2020,01/03/2020,32.4000,5,0.00,15.5520,6.4800
2558,283,806,04/03/2020,08/03/2020,33.4400,10,0.20,11.7040,3.1440
2559,167,1115,09/09/2020,17/09/2020,5.3400,2,0.00,1.4952,2.6700
2560,686,1280,05/12/2020,08/12/2020,2799.9600,5,0.20,944.9865,559.7920
2561,97,1256,30/07/2020,22/08/2020,118.9900,1,0.00,33.3172,118.9900
2562,540,206,21/11/2020,08/12/2020,4.7300,1,0.00,2.3177,4.7300
2563,394,1711,05/04/2020,17/04/2020,45.3600,7,0.00,21.7728,6.4800
2564,535,154,17/10/2020,05/11/2020,70.0800,6,0.00,35.0400,11.6800
2565,228,261,12/02/2020,04/03/2020,15.5520,3,0.20,5.4432,4.9840
2566,41,1138,09/02/2020,20/02/2020,1259.9300,7,0.00,327.5818,179.9900
2567,714,1114,21/12/2020,01/01/2021,132.6960,3,0.20,9.9522,44.0320
2568,400,1395,11/10/2020,28/10/2020,9.4200,3,0.00,4.2390,3.1400
2569,548,1298,21/02/2020,05/03/2020,13.0230,1,0.70,-10.4184,12.3230
2570,107,631,08/11/2020,11/11/2020,12.8400,3,0.00,5.7780,4.2800
2571,113,325,29/08/2020,18/09/2020,11.1200,4,0.00,2.8912,2.7800
2572,89,1560,30/08/2020,20/09/2020,4.6080,2,0.20,1.4976,2.1040
2573,553,326,25/06/2020,01/07/2020,14.1360,3,0.20,4.2408,4.5120
2574,718,1217,31/01/2020,01/03/2020,199.9600,4,0.00,69.9860,49.9900
2575,706,334,27/11/2020,22/12/2020,538.9200,9,0.00,80.8380,59.8800
2576,520,1114,19/06/2020,18/07/2020,497.6100,9,0.00,129.3786,55.2900
2577,122,657,11/01/2020,01/02/2020,251.6400,3,0.20,88.0740,83.6800
2578,693,317,21/09/2020,12/10/2020,1088.7920,4,0.80,-1850.9464,271.3980
2579,586,1600,06/09/2020,28/09/2020,111.9000,6,0.00,51.4740,18.6500
2580,288,64,13/01/2020,11/02/2020,39.8800,2,0.00,11.1664,19.9400
2581,707,56,03/08/2020,10/08/2020,71.2800,11,0.00,34.2144,6.4800
2582,394,1533,30/09/2020,16/10/2020,212.9400,3,0.00,53.2350,70.9800
2583,104,506,26/07/2020,17/08/2020,25.7600,2,0.00,0.7728,12.8800
2584,646,114,02/09/2020,20/09/2020,65.2320,3,0.20,22.0158,21.5440
2585,260,883,05/05/2020,08/05/2020,199.9000,5,0.00,89.9550,39.9800
2586,268,343,02/04/2020,04/04/2020,364.0800,2,0.20,9.1020,181.8400
2587,24,661,03/06/2020,11/06/2020,37.2400,4,0.00,10.7996,9.3100
2588,236,243,20/08/2020,09/09/2020,17.5200,3,0.00,8.2344,5.8400
2589,392,1510,03/02/2020,13/02/2020,81.9800,2,0.00,40.1702,40.9900
2590,415,1527,13/11/2020,12/12/2020,589.9000,2,0.00,147.4750,294.9500
2591,458,574,21/07/2020,25/07/2020,14.6200,2,0.00,6.8714,7.3100
2592,331,817,27/01/2020,22/02/2020,11.5600,2,0.00,5.6644,5.7800
2593,759,1494,18/02/2020,13/03/2020,49.7920,8,0.20,-11.8256,6.0240
2594,477,517,12/08/2020,30/08/2020,239.9700,3,0.00,67.1916,79.9900
2595,256,713,07/12/2020,18/12/2020,302.9400,3,0.00,69.6762,100.9800
2596,767,799,18/09/2020,24/09/2020,98.3520,3,0.20,34.4232,32.5840
2597,443,628,20/07/2020,28/07/2020,24.7000,5,0.00,10.3740,4.9400
2598,100,1716,18/06/2020,07/07/2020,78.6600,6,0.00,36.1836,13.1100
2599,194,706,21/01/2020,07/02/2020,58.3400,2,0.00,28.0032,29.1700
2600,614,824,13/10/2020,30/10/2020,12.2240,2,0.20,4.4312,5.9120
2601,258,1632,06/03/2020,20/03/2020,15.5520,3,0.20,5.6376,4.9840
2602,174,1035,14/05/2020,04/06/2020,26.3520,3,0.20,9.5526,8.5840
2603,167,1691,26/10/2020,23/11/2020,4.7680,2,0.20,0.4172,2.1840
2604,301,549,20/09/2020,03/10/2020,6.4800,1,0.00,3.1752,6.4800
2605,387,649,19/04/2020,19/05/2020,149.9700,3,0.00,50.9898,49.9900
2606,302,1717,26/07/2020,02/08/2020,18.9000,3,0.00,8.6940,6.3000
2607,131,1200,08/04/2020,29/04/2020,17.3400,3,0.00,8.4966,5.7800
2608,28,1554,04/11/2020,15/11/2020,3.1040,1,0.20,0.3492,2.9040
2609,261,476,30/03/2020,26/04/2020,283.9200,4,0.00,70.9800,70.9800
2610,184,402,10/09/2020,13/09/2020,16.2560,2,0.20,1.2192,7.9280
2611,460,551,18/07/2020,01/08/2020,207.2400,11,0.00,58.0272,18.8400
2612,158,62,19/03/2020,07/04/2020,25.8240,6,0.20,9.3612,4.1040
2613,532,1286,21/07/2020,16/08/2020,68.7200,2,0.20,-14.6030,34.1600
2614,574,286,21/08/2020,20/09/2020,45.6960,3,0.20,5.1408,15.0320
2615,327,482,03/10/2020,18/10/2020,1.7200,1,0.80,-2.8380,0.9200
2616,702,265,31/05/2020,09/06/2020,14.4500,5,0.00,6.7915,2.8900
2617,702,19,26/06/2020,18/07/2020,8.5600,2,0.00,2.4824,4.2800
2618,717,1468,08/01/2020,21/01/2020,67.1760,3,0.20,6.7176,22.1920
2619,356,1616,31/01/2020,01/03/2020,1889.9900,5,0.80,-2929.4846,377.1980
2620,544,991,27/10/2020,26/11/2020,3040.0000,8,0.00,1459.2000,380.0000
2621,99,1077,11/11/2020,06/12/2020,133.9800,2,0.00,33.4950,66.9900
2622,745,665,25/10/2020,28/10/2020,230.3760,3,0.20,20.1579,76.5920
2623,469,1163,20/05/2020,14/06/2020,1614.5820,6,0.70,-1237.8462,268.3970
2624,145,1154,25/02/2020,08/03/2020,156.5120,4,0.20,-35.2152,38.9280
2625,34,762,29/12/2020,22/01/2021,29.3040,3,0.20,2.5641,9.5680
2626,308,1812,07/07/2020,09/07/2020,12.9900,1,0.00,1.5588,12.9900
2627,64,1590,06/10/2020,31/10/2020,151.9600,5,0.60,-182.3520,29.7920
2628,20,1688,16/07/2020,04/08/2020,1.4760,3,0.80,-2.2140,-0.3080
2629,712,1049,31/01/2020,12/02/2020,13.3440,2,0.20,1.0008,6.4720
2630,351,1594,14/06/2020,11/07/2020,1198.3300,10,0.15,70.4900,119.6830
2631,432,10,03/05/2020,27/05/2020,73.5360,4,0.20,9.1920,18.1840
2632,11,1185,14/03/2020,08/04/2020,5.2480,4,0.20,1.6400,1.1120
2633,320,1113,24/08/2020,12/09/2020,41.7200,5,0.20,13.0375,8.1440
2634,663,1228,05/10/2020,17/10/2020,1591.0200,6,0.00,286.3836,265.1700
2635,397,1016,30/03/2020,05/04/2020,37.1700,9,0.00,11.1510,4.1300
2636,298,1423,12/11/2020,16/11/2020,32.4000,5,0.00,15.5520,6.4800
2637,596,42,20/08/2020,17/09/2020,194.7000,5,0.00,9.7350,38.9400
2638,290,1346,09/06/2020,21/06/2020,4912.5900,3,0.00,196.5036,1637.5300
2639,20,1754,16/02/2020,03/03/2020,66.9600,4,0.00,2.6784,16.7400
2640,413,181,11/09/2020,22/09/2020,50.2320,7,0.40,-10.0464,6.7760
2641,122,1350,20/05/2020,11/06/2020,8.6400,3,0.00,4.2336,2.8800
2642,441,313,27/12/2020,10/01/2021,7.9920,1,0.20,2.6973,7.7920
2643,43,476,23/07/2020,07/08/2020,354.9000,5,0.00,88.7250,70.9800
2644,428,154,18/03/2020,23/03/2020,16.7400,3,0.00,8.3700,5.5800
2645,689,1179,03/10/2020,01/11/2020,36.2880,7,0.20,12.7008,4.9840
2646,629,328,09/07/2020,17/07/2020,7.3600,2,0.00,0.1472,3.6800
2647,290,1029,25/07/2020,30/07/2020,27.7200,9,0.00,13.3056,3.0800
2648,573,1507,08/06/2020,25/06/2020,72.4800,2,0.00,30.4416,36.2400
2649,204,571,14/07/2020,25/07/2020,4.7840,1,0.20,1.5548,4.5840
2650,577,1430,18/11/2020,30/11/2020,22.5120,3,0.20,2.2512,7.3040
2651,495,1018,17/05/2020,09/06/2020,4.1600,2,0.20,0.3640,1.8800
2652,680,47,08/02/2020,15/02/2020,120.0000,8,0.00,13.2000,15.0000
2653,437,187,17/02/2020,06/03/2020,1.9640,2,0.80,-3.2406,0.1820
2654,451,1454,28/02/2020,22/03/2020,51.9000,3,0.00,24.3930,17.3000
2655,680,1027,05/02/2020,24/02/2020,33.8200,2,0.00,9.1314,16.9100
2656,31,1202,26/02/2020,08/03/2020,9.4200,2,0.00,0.4710,4.7100
2657,348,905,01/02/2020,08/02/2020,11.2120,2,0.80,-16.8180,4.8060
2658,442,1214,14/09/2020,27/09/2020,11.9760,4,0.70,-9.1816,2.2940
2659,483,570,06/12/2020,05/01/2021,1219.9600,5,0.20,381.2375,243.7920
2660,16,1297,19/11/2020,01/12/2020,1.2720,2,0.80,-2.1624,-0.1640
2661,534,1765,13/09/2020,27/09/2020,41.8600,7,0.00,18.8370,5.9800
2662,302,980,13/07/2020,28/07/2020,101.8400,5,0.20,36.9170,20.1680
2663,172,772,15/09/2020,17/09/2020,481.3200,4,0.00,125.1432,120.3300
2664,790,462,11/04/2020,29/04/2020,12.5440,2,0.20,4.7040,6.0720
2665,198,591,25/06/2020,24/07/2020,479.9520,6,0.20,107.9892,79.7920
2666,311,822,15/12/2020,14/01/2021,29.2900,1,0.00,9.6657,29.2900
2667,177,1141,14/01/2020,20/01/2020,283.1400,4,0.10,72.3580,70.6850
2668,702,34,24/11/2020,24/12/2020,21.4000,5,0.00,9.6300,4.2800
2669,532,517,28/03/2020,02/04/2020,575.9280,9,0.20,57.5928,63.7920
2670,600,1400,09/05/2020,31/05/2020,5.3440,2,0.20,0.6680,2.4720
2671,167,731,18/07/2020,07/08/2020,33.6200,5,0.80,-90.7740,5.9240
2672,268,445,28/07/2020,10/08/2020,44.8560,6,0.70,-35.8848,6.7760
2673,514,93,21/08/2020,18/09/2020,5.6820,1,0.70,-3.7880,4.9820
2674,97,1555,01/05/2020,06/05/2020,104.8800,6,0.00,41.9520,17.4800
2675,471,868,03/05/2020,26/05/2020,1487.0400,5,0.20,148.7040,297.2080
2676,252,458,25/09/2020,28/09/2020,13.7200,1,0.20,1.2005,13.5200
2677,190,465,28/08/2020,25/09/2020,1139.9200,4,0.00,284.9800,284.9800
2678,693,285,25/10/2020,11/11/2020,1458.6500,5,0.00,423.0085,291.7300
2679,78,199,01/05/2020,17/05/2020,26.0000,2,0.00,11.7000,13.0000
2680,188,694,21/04/2020,23/04/2020,34.4400,3,0.00,17.2200,11.4800
2681,18,695,27/05/2020,02/06/2020,115.2960,3,0.20,40.3536,38.2320
2682,116,1546,02/12/2020,18/12/2020,26.9600,2,0.00,3.7744,13.4800
2683,542,932,22/02/2020,03/03/2020,3.3800,1,0.00,1.5548,3.3800
2684,615,954,13/07/2020,01/08/2020,114.5200,7,0.00,11.4520,16.3600
2685,300,1227,23/06/2020,09/07/2020,128.7440,7,0.20,12.8744,18.1920
2686,63,298,20/07/2020,23/07/2020,484.8300,3,0.00,126.0558,161.6100
2687,564,1295,05/05/2020,10/05/2020,43.5840,1,0.20,4.3584,43.3840
2688,227,430,24/01/2020,04/02/2020,23.6800,2,0.20,8.8800,11.6400
2689,594,656,12/12/2020,29/12/2020,20.7240,2,0.70,-15.1976,9.6620
2690,236,867,26/10/2020,04/11/2020,555.9600,5,0.20,41.6970,110.9920
2691,333,1462,18/02/2020,13/03/2020,72.9000,5,0.00,26.9730,14.5800
2692,487,1144,06/09/2020,19/09/2020,75.3600,5,0.20,20.7240,14.8720
2693,369,555,18/05/2020,07/06/2020,13.2720,8,0.70,-10.6176,0.9590
2694,186,1462,20/07/2020,22/07/2020,29.1600,2,0.00,10.7892,14.5800
2695,490,935,16/06/2020,21/06/2020,7.9600,2,0.80,-13.9300,3.1800
2696,684,9,17/11/2020,20/11/2020,37.0080,6,0.20,11.5650,5.9680
2697,150,1641,26/05/2020,29/05/2020,50.8800,6,0.20,14.6280,8.2800
2698,526,1637,27/03/2020,20/04/2020,23.6160,8,0.20,7.9704,2.7520
2699,470,1067,11/08/2020,08/09/2020,25.9200,5,0.20,9.0720,4.9840
2700,658,38,19/07/2020,12/08/2020,532.3992,3,0.32,-46.9764,177.1464
2701,135,506,30/11/2020,07/12/2020,51.5200,4,0.00,1.5456,12.8800
2702,733,773,26/05/2020,11/06/2020,19.1520,2,0.20,1.1970,9.3760
2703,24,1218,30/11/2020,15/12/2020,1184.7200,4,0.00,106.6248,296.1800
2704,605,1566,02/04/2020,28/04/2020,79.4000,5,0.20,5.9550,15.6800
2705,285,145,19/03/2020,23/03/2020,203.1840,2,0.20,15.2388,101.3920
2706,296,32,10/10/2020,26/10/2020,15.2400,4,0.00,6.8580,3.8100
2707,597,1189,05/10/2020,14/10/2020,2.7420,2,0.70,-2.0108,0.6710
2708,390,998,16/07/2020,19/07/2020,3.4240,1,0.20,0.2996,3.2240
2709,738,513,19/07/2020,05/08/2020,17.5200,3,0.00,5.2560,5.8400
2710,616,466,12/03/2020,02/04/2020,136.2600,9,0.00,5.4504,15.1400
2711,717,861,16/10/2020,15/11/2020,172.5000,2,0.00,51.7500,86.2500
2712,112,673,22/03/2020,29/03/2020,174.4200,3,0.00,41.8608,58.1400
2713,403,1134,23/05/2020,30/05/2020,19.4400,3,0.00,9.3312,6.4800
2714,718,374,01/12/2020,16/12/2020,9.3200,4,0.00,2.7028,2.3300
2715,494,872,19/01/2020,14/02/2020,47.9920,2,0.30,-2.0568,23.6960
2716,212,279,03/07/2020,12/07/2020,67.0000,5,0.00,32.1600,13.4000
2717,586,808,01/04/2020,23/04/2020,23.3600,4,0.00,6.0736,5.8400
2718,408,1153,21/06/2020,11/07/2020,41.4720,8,0.20,14.5152,4.9840
2719,396,25,22/06/2020,01/07/2020,4.3680,2,0.70,-3.0576,1.4840
2720,8,1568,17/11/2020,24/11/2020,5.0400,2,0.00,0.1512,2.5200
2721,105,1245,15/11/2020,05/12/2020,16.7400,3,0.00,4.8546,5.5800
2722,22,1549,20/08/2020,21/08/2020,31.9500,1,0.00,2.2365,31.9500
2723,393,834,05/12/2020,14/12/2020,40.9900,1,0.00,20.0851,40.9900
2724,490,295,02/04/2020,11/04/2020,17.9000,5,0.00,8.9500,3.5800
2725,549,47,05/12/2020,02/01/2021,30.0000,2,0.00,3.3000,15.0000
2726,397,456,10/06/2020,26/06/2020,11.7600,5,0.20,1.3230,2.1520
2727,276,636,08/06/2020,17/06/2020,523.3920,3,0.20,52.3392,174.2640
2728,726,909,04/01/2020,05/01/2020,21.9800,2,0.00,8.5722,10.9900
2729,135,1593,04/12/2020,12/12/2020,59.9800,2,0.00,10.7964,29.9900
2730,44,339,13/05/2020,21/05/2020,12.1760,1,0.20,4.4138,11.9760
2731,526,1801,09/11/2020,13/11/2020,20.7360,4,0.20,7.2576,4.9840
2732,91,606,30/03/2020,16/04/2020,3.7440,1,0.20,1.3104,3.5440
2733,746,899,05/10/2020,11/10/2020,675.0600,3,0.00,87.7578,225.0200
2734,735,1282,19/07/2020,28/07/2020,11.9600,2,0.00,5.8604,5.9800
2735,9,217,26/11/2020,19/12/2020,1053.1640,4,0.30,-105.3164,262.9910
2736,32,1471,21/06/2020,03/07/2020,15.5520,3,0.20,5.4432,4.9840
2737,442,576,20/07/2020,01/08/2020,332.8320,4,0.20,-24.9624,83.0080
2738,731,231,24/03/2020,31/03/2020,30.4400,4,0.00,14.3068,7.6100
2739,737,886,17/07/2020,11/08/2020,199.9000,5,0.00,39.9800,39.9800
2740,767,181,26/06/2020,29/06/2020,83.7200,7,0.00,23.4416,11.9600
2741,563,1080,15/06/2020,14/07/2020,142.4880,3,0.20,-3.5622,47.2960
2742,298,1014,07/08/2020,05/09/2020,396.0000,4,0.00,190.0800,99.0000
2743,414,1392,17/07/2020,25/07/2020,350.9730,3,0.10,152.0883,116.8910
2744,230,1686,02/04/2020,20/04/2020,146.3520,3,0.20,49.3938,48.5840
2745,130,418,28/03/2020,13/04/2020,110.9600,2,0.00,53.2608,55.4800
2746,14,790,06/11/2020,29/11/2020,129.9200,4,0.00,38.9760,32.4800
2747,731,604,22/08/2020,20/09/2020,239.9600,5,0.20,83.9860,47.7920
2748,104,843,16/04/2020,22/04/2020,12.7600,2,0.00,5.8696,6.3800
2749,91,1442,07/02/2020,05/03/2020,90.9900,1,0.00,14.5584,90.9900
2750,776,536,27/05/2020,03/06/2020,19.4320,2,0.80,-49.5516,8.9160
2751,729,271,04/04/2020,21/04/2020,209.6000,5,0.20,68.1200,41.7200
2752,263,95,01/06/2020,07/06/2020,8.5520,2,0.80,-13.6832,3.4760
2753,486,1141,27/07/2020,02/08/2020,235.9500,3,0.00,77.8635,78.6500
2754,437,532,29/08/2020,18/09/2020,483.1360,4,0.20,54.3528,120.5840
2755,194,1562,30/07/2020,04/08/2020,12.3900,3,0.00,5.6994,4.1300
2756,374,1333,19/02/2020,03/03/2020,31.1040,6,0.20,10.8864,4.9840
2757,688,67,05/06/2020,24/06/2020,377.9280,9,0.20,141.7230,41.7920
2758,605,680,17/03/2020,14/04/2020,5.1600,2,0.00,1.3416,2.5800
2759,434,635,27/02/2020,06/03/2020,87.2800,8,0.00,41.0216,10.9100
2760,428,1345,10/05/2020,29/05/2020,125.3600,8,0.00,58.9192,15.6700
2761,3,1778,10/06/2020,01/07/2020,108.7840,2,0.20,10.8784,54.1920
2762,750,1104,13/09/2020,22/09/2020,20.7360,4,0.20,7.2576,4.9840
2763,55,1662,24/09/2020,01/10/2020,39.9600,2,0.00,19.1808,19.9800
2764,554,482,07/05/2020,20/05/2020,8.6000,1,0.00,4.0420,8.6000
2765,221,145,02/08/2020,26/08/2020,812.7360,8,0.20,60.9552,101.3920
2766,247,34,24/08/2020,13/09/2020,105.5200,4,0.00,48.5392,26.3800
2767,668,1364,14/02/2020,07/03/2020,38.2400,4,0.20,-9.5600,9.3600
2768,213,277,20/11/2020,28/11/2020,11.4240,1,0.20,3.7128,11.2240
2769,653,476,07/04/2020,09/04/2020,354.9000,5,0.00,88.7250,70.9800
2770,72,1065,11/02/2020,03/03/2020,838.3800,2,0.00,226.3626,419.1900
2771,285,1382,03/06/2020,11/06/2020,57.6900,3,0.00,23.6529,19.2300
2772,346,540,20/03/2020,30/03/2020,657.9300,7,0.00,184.2204,93.9900
2773,731,34,19/06/2020,13/07/2020,4.9800,1,0.00,2.3406,4.9800
2774,545,685,10/07/2020,07/08/2020,36.9600,4,0.20,12.0120,9.0400
2775,507,89,19/03/2020,04/04/2020,41.4720,8,0.20,14.5152,4.9840
2776,710,1494,11/02/2020,14/02/2020,31.1200,4,0.00,0.3112,7.7800
2777,763,1106,04/10/2020,10/10/2020,21.4000,5,0.00,9.6300,4.2800
2778,564,1258,04/11/2020,09/11/2020,67.8800,2,0.00,18.3276,33.9400
2779,164,1377,23/06/2020,30/06/2020,3.3660,3,0.70,-2.2440,0.4220
2780,366,917,03/05/2020,14/05/2020,27.7600,4,0.00,9.9936,6.9400
2781,285,1790,10/01/2020,27/01/2020,110.1100,7,0.00,31.9319,15.7300
2782,52,4,06/08/2020,22/08/2020,1044.6300,5,0.40,-295.9785,208.5260
2783,188,16,30/09/2020,13/10/2020,25.4400,6,0.00,12.7200,4.2400
2784,277,1022,20/08/2020,17/09/2020,92.9400,3,0.00,41.8230,30.9800
2785,258,938,27/05/2020,23/06/2020,1626.1920,9,0.20,121.9644,180.4880
2786,473,1353,23/02/2020,04/03/2020,517.9000,2,0.00,134.6540,258.9500
2787,726,1198,17/07/2020,03/08/2020,3.4440,2,0.70,-2.7552,1.0220
2788,734,63,01/09/2020,22/09/2020,146.7300,3,0.00,68.9631,48.9100
2789,346,612,19/07/2020,04/08/2020,11.9920,1,0.20,0.8994,11.7920
2790,267,1031,05/10/2020,04/11/2020,47.6160,3,0.20,5.9520,15.6720
2791,770,30,05/02/2020,23/02/2020,1.6320,1,0.20,0.5508,1.4320
2792,420,184,21/03/2020,07/04/2020,9.2600,2,0.00,3.0558,4.6300
2793,74,993,30/09/2020,15/10/2020,377.4500,5,0.50,-264.2150,74.9900
2794,412,223,15/05/2020,13/06/2020,9.5520,3,0.60,-3.8208,2.5840
2795,191,1397,16/01/2020,09/02/2020,135.7200,3,0.00,35.2872,45.2400
2796,306,137,30/03/2020,12/04/2020,10.8600,3,0.00,5.1042,3.6200
2797,554,152,08/05/2020,05/06/2020,35.8800,6,0.00,16.1460,5.9800
2798,167,133,20/06/2020,27/06/2020,8.0400,5,0.20,2.9145,1.4080
2799,278,133,25/04/2020,14/05/2020,8.0400,5,0.20,2.9145,1.4080
2800,74,99,22/08/2020,18/09/2020,7.1520,3,0.20,2.3244,2.1840
2801,278,1099,02/08/2020,31/08/2020,111.0400,4,0.00,29.9808,27.7600
2802,84,342,15/03/2020,30/03/2020,62.8500,3,0.00,13.1985,20.9500
2803,149,1517,04/07/2020,22/07/2020,493.9200,7,0.30,-28.2240,70.2600
2804,225,449,29/07/2020,26/08/2020,19.7280,9,0.20,1.7262,1.9920
2805,49,1067,02/04/2020,27/04/2020,19.4400,3,0.00,9.3312,6.4800
2806,272,778,04/03/2020,26/03/2020,25.9200,4,0.00,12.4416,6.4800
2807,510,421,01/02/2020,11/02/2020,703.9680,4,0.20,87.9960,175.7920
2808,443,1029,12/10/2020,14/10/2020,12.3200,4,0.00,5.9136,3.0800
2809,139,1133,03/05/2020,27/05/2020,239.8400,8,0.00,64.7568,29.9800
2810,722,187,06/09/2020,23/09/2020,1.9640,2,0.80,-3.2406,0.1820
2811,768,1313,10/07/2020,30/07/2020,118.7820,3,0.40,-27.7158,39.1940
2812,68,1125,09/04/2020,23/04/2020,55.9440,7,0.20,-13.2867,7.7920
2813,343,1713,31/10/2020,27/11/2020,161.5680,2,0.20,16.1568,80.5840
2814,575,410,07/03/2020,18/03/2020,899.9100,9,0.00,377.9622,99.9900
2815,428,766,12/03/2020,06/04/2020,4.4010,3,0.70,-3.5208,0.7670
2816,607,352,22/09/2020,09/10/2020,37.8960,4,0.70,-29.0536,8.7740
2817,10,315,25/03/2020,17/04/2020,36.8400,3,0.00,17.3148,12.2800
2818,56,1214,18/06/2020,25/06/2020,9.9800,5,0.80,-16.4670,1.1960
2819,161,1235,22/06/2020,01/07/2020,14.9900,1,0.00,7.3451,14.9900
2820,134,570,12/07/2020,31/07/2020,274.4910,3,0.70,-228.7425,90.7970
2821,329,1171,13/08/2020,22/08/2020,97.8200,2,0.00,45.9754,48.9100
2822,771,967,06/02/2020,05/03/2020,53.3160,2,0.40,-19.5492,26.2580
2823,638,878,21/02/2020,23/02/2020,1931.9580,7,0.40,-386.3916,275.5940
2824,359,743,29/11/2020,11/12/2020,6.2400,2,0.00,3.0576,3.1200
2825,231,930,20/02/2020,16/03/2020,85.2000,6,0.20,20.2350,14.0000
2826,544,1195,12/12/2020,06/01/2021,382.1160,6,0.30,-92.7996,63.3860
2827,514,1695,12/07/2020,02/08/2020,5.4720,6,0.20,1.8468,0.7120
2828,469,1207,14/02/2020,10/03/2020,104.9000,5,0.00,25.1760,20.9800
2829,59,1327,17/11/2020,15/12/2020,1101.4800,4,0.00,429.5772,275.3700
2830,782,1043,09/02/2020,15/02/2020,14.2000,4,0.00,6.6740,3.5500
2831,603,218,05/08/2020,01/09/2020,107.5300,1,0.00,21.5060,107.5300
2832,35,41,14/05/2020,19/05/2020,110.3760,3,0.20,12.4173,36.5920
2833,232,800,06/09/2020,03/10/2020,4.4160,3,0.20,1.6008,1.2720
2834,721,423,09/01/2020,12/01/2020,71.6000,8,0.00,32.9360,8.9500
2835,188,211,08/06/2020,22/06/2020,99.5920,1,0.20,2.4898,99.3920
2836,449,1120,12/05/2020,03/06/2020,561.5680,2,0.20,28.0784,280.5840
2837,216,1368,28/07/2020,18/08/2020,481.1760,2,0.40,-120.2940,240.1880
2838,415,951,26/02/2020,01/03/2020,206.3840,2,0.20,23.2182,102.9920
2839,74,1099,02/05/2020,18/05/2020,88.8320,4,0.20,7.7728,22.0080
2840,265,748,29/11/2020,29/12/2020,501.8100,3,0.00,0.0000,167.2700
2841,329,205,13/10/2020,16/10/2020,5.5840,2,0.20,1.8148,2.5920
2842,155,1105,25/06/2020,19/07/2020,103.4810,1,0.30,-16.2613,103.1810
2843,251,1825,06/01/2020,22/01/2020,24.5880,3,0.80,-67.6170,7.3960
2844,246,1538,05/01/2020,27/01/2020,21.9840,6,0.80,-56.0592,2.8640
2845,422,688,08/09/2020,13/09/2020,59.1840,2,0.20,5.1786,29.3920
2846,762,496,06/12/2020,08/12/2020,374.3760,3,0.20,46.7970,124.5920
2847,118,474,02/11/2020,29/11/2020,24.1920,9,0.20,7.5600,2.4880
2848,159,1607,02/10/2020,13/10/2020,110.4000,2,0.20,-4.1400,55.0000
2849,56,138,26/09/2020,04/10/2020,76.6400,2,0.20,26.8240,38.1200
2850,724,452,11/01/2020,06/02/2020,1270.9900,1,0.00,635.4950,1270.9900
2851,767,64,18/05/2020,15/06/2020,39.8800,2,0.00,11.1664,19.9400
2852,401,1141,02/06/2020,21/06/2020,393.2500,5,0.00,129.7725,78.6500
2853,787,1382,29/10/2020,10/11/2020,15.3840,1,0.20,4.0383,15.1840
2854,324,1369,26/03/2020,13/04/2020,587.9700,3,0.00,158.7519,195.9900
2855,525,1514,11/03/2020,08/04/2020,9.7620,3,0.80,-15.1311,2.4540
2856,337,431,07/12/2020,27/12/2020,120.9800,1,0.00,12.0980,120.9800
2857,542,150,16/06/2020,17/06/2020,29.2400,4,0.00,13.7428,7.3100
2858,576,698,27/01/2020,03/02/2020,296.7120,13,0.20,100.1403,22.6240
2859,737,1022,03/10/2020,02/11/2020,173.4880,7,0.20,54.2150,24.5840
2860,203,88,06/06/2020,04/07/2020,6.7000,1,0.00,2.2110,6.7000
2861,61,1808,10/06/2020,13/06/2020,148.0200,3,0.00,41.4456,49.3400
2862,187,313,04/12/2020,17/12/2020,71.9280,12,0.40,8.3916,5.5940
2863,382,678,24/05/2020,23/06/2020,36.6720,3,0.20,6.4176,12.0240
2864,260,320,24/10/2020,05/11/2020,12.7800,3,0.00,5.2398,4.2600
2865,535,1721,31/01/2020,27/02/2020,8.0000,2,0.00,3.8400,4.0000
2866,32,272,23/08/2020,22/09/2020,45.9200,4,0.00,21.5824,11.4800
2867,172,690,06/02/2020,11/02/2020,259.7000,5,0.00,106.4770,51.9400
2868,753,1515,10/07/2020,14/07/2020,67.8400,1,0.00,18.3168,67.8400
2869,788,421,21/12/2020,16/01/2021,703.9680,4,0.20,87.9960,175.7920
2870,420,1098,15/09/2020,21/09/2020,3.5520,2,0.20,0.4440,1.5760
2871,221,1172,17/08/2020,29/08/2020,597.1320,3,0.40,49.7610,198.6440
2872,594,1649,17/02/2020,22/02/2020,1685.8800,6,0.00,320.3172,280.9800
2873,253,618,15/03/2020,23/03/2020,12.3900,3,0.00,5.6994,4.1300
2874,359,803,06/05/2020,18/05/2020,5.4300,3,0.00,1.7919,1.8100
2875,275,909,12/04/2020,19/04/2020,10.9900,1,0.00,4.2861,10.9900
2876,545,434,29/02/2020,03/03/2020,19.9800,2,0.00,5.1948,9.9900
2877,444,324,09/06/2020,26/06/2020,977.2920,6,0.10,173.7408,162.7820
2878,674,1061,26/12/2020,18/01/2021,238.1520,3,0.20,89.3070,79.1840
2879,626,484,19/11/2020,10/12/2020,1121.5680,2,0.20,0.0000,560.5840
2880,575,932,21/06/2020,21/07/2020,23.6600,7,0.00,10.8836,3.3800
2881,232,1523,20/02/2020,12/03/2020,109.7640,2,0.10,8.5372,54.7820
2882,765,62,19/02/2020,11/03/2020,37.6600,7,0.00,18.4534,5.3800
2883,722,836,29/11/2020,26/12/2020,284.0800,10,0.20,24.8570,28.2080
2884,49,468,23/01/2020,09/02/2020,98.4600,9,0.00,49.2300,10.9400
2885,25,1078,18/10/2020,29/10/2020,108.0800,7,0.00,54.0400,15.4400
2886,357,1765,19/09/2020,20/09/2020,41.8600,7,0.00,18.8370,5.9800
2887,771,380,13/11/2020,01/12/2020,42.6000,3,0.00,16.6140,14.2000
2888,674,1138,19/05/2020,09/06/2020,575.9680,4,0.20,43.1976,143.7920
2889,671,624,14/07/2020,12/08/2020,770.3520,3,0.20,77.0352,256.5840
2890,745,575,30/07/2020,24/08/2020,359.9700,3,0.00,79.1934,119.9900
2891,277,212,06/09/2020,09/09/2020,87.9200,4,0.00,0.8792,21.9800
2892,590,883,16/04/2020,11/05/2020,199.9000,5,0.00,89.9550,39.9800
2893,622,15,14/07/2020,04/08/2020,110.0960,2,0.20,33.0288,54.8480
2894,726,335,09/01/2020,12/01/2020,198.2720,8,0.20,61.9600,24.5840
2895,28,668,18/07/2020,10/08/2020,23.6960,2,0.20,6.5164,11.6480
2896,485,16,27/11/2020,19/12/2020,2.5440,3,0.80,-3.8160,0.0480
2897,597,170,22/12/2020,23/12/2020,11.9100,3,0.00,0.1191,3.9700
2898,492,1471,09/06/2020,07/07/2020,12.9600,2,0.00,6.2208,6.4800
2899,56,351,01/05/2020,12/05/2020,149.5440,9,0.20,50.4711,16.4160
2900,480,196,09/04/2020,07/05/2020,211.1680,4,0.20,18.4772,52.5920
2901,543,264,04/05/2020,06/05/2020,19.0960,7,0.20,6.6836,2.5280
2902,105,1144,02/01/2020,03/01/2020,120.5760,8,0.20,33.1584,14.8720
2903,503,1561,07/08/2020,18/08/2020,52.0960,4,0.20,3.9072,12.8240
2904,502,936,07/01/2020,26/01/2020,828.8400,6,0.00,0.0000,138.1400
2905,413,1146,23/04/2020,06/05/2020,26.4000,5,0.00,11.8800,5.2800
2906,368,925,31/07/2020,29/08/2020,272.6460,3,0.10,18.1764,90.7820
2907,24,1598,30/05/2020,15/06/2020,5.4720,3,0.20,1.6416,1.6240
2908,211,511,07/02/2020,28/02/2020,25.9200,5,0.20,9.0720,4.9840
2909,388,1740,01/02/2020,04/02/2020,17.4720,3,0.20,5.6784,5.6240
2910,102,937,23/03/2020,17/04/2020,104.2300,7,0.00,28.1421,14.8900
2911,221,1752,11/02/2020,09/03/2020,275.8800,6,0.00,46.8996,45.9800
2912,317,418,11/06/2020,14/06/2020,88.7680,2,0.20,31.0688,44.1840
2913,220,347,10/10/2020,31/10/2020,2.6240,1,0.20,0.4264,2.4240
2914,393,990,05/01/2020,21/01/2020,146.6880,6,0.20,55.0080,24.2480
2915,320,468,02/03/2020,13/03/2020,52.5120,6,0.20,19.6920,8.5520
2916,739,427,04/04/2020,30/04/2020,563.4000,4,0.00,67.6080,140.8500
2917,432,15,20/03/2020,25/03/2020,247.7160,4,0.10,93.5816,61.8290
2918,610,87,21/12/2020,22/12/2020,141.4000,5,0.00,38.1780,28.2800
2919,10,713,24/03/2020,18/04/2020,141.3720,2,0.30,-14.1372,70.3860
2920,729,94,13/07/2020,12/08/2020,11.0320,1,0.20,3.0338,10.8320
2921,39,1616,04/04/2020,27/04/2020,1889.9900,5,0.80,-2929.4846,377.1980
2922,260,1137,08/02/2020,12/02/2020,4548.8100,7,0.00,1228.1787,649.8300
2923,5,127,30/10/2020,18/11/2020,23.9880,2,0.40,-4.7976,11.5940
2924,281,422,07/04/2020,08/04/2020,46.2600,3,0.00,12.4902,15.4200
2925,33,475,31/01/2020,01/02/2020,152.9400,3,0.00,41.2938,50.9800
2926,25,740,29/04/2020,08/05/2020,4.7520,2,0.70,-3.1680,1.6760
2927,314,833,02/07/2020,25/07/2020,85.9800,1,0.00,22.3548,85.9800
2928,394,201,17/06/2020,06/07/2020,361.9600,2,0.00,83.2508,180.9800
2929,57,1505,22/03/2020,01/04/2020,44.9500,1,0.00,12.5860,44.9500
2930,456,1596,23/01/2020,05/02/2020,40.2400,5,0.20,13.0780,7.8480
2931,716,373,30/07/2020,18/08/2020,34.6800,6,0.00,16.9932,5.7800
2932,46,72,02/03/2020,31/03/2020,303.2500,5,0.00,63.6825,60.6500
2933,460,486,05/04/2020,23/04/2020,10.8240,3,0.20,2.5707,3.4080
2934,722,1328,03/03/2020,14/03/2020,364.9500,5,0.50,-248.1660,72.4900
2935,598,73,10/04/2020,04/05/2020,454.9000,5,0.00,0.0000,90.9800
2936,486,292,02/04/2020,10/04/2020,241.5680,2,0.20,18.1176,120.5840
2937,604,825,29/03/2020,01/04/2020,32.3400,10,0.70,-23.7160,2.5340
2938,550,1610,16/09/2020,06/10/2020,34.5040,2,0.60,-15.5268,16.6520
2939,483,35,15/06/2020,11/07/2020,470.3760,3,0.20,52.9173,156.5920
2940,96,704,24/05/2020,19/06/2020,15.9200,4,0.00,5.4128,3.9800
2941,458,1803,27/01/2020,12/02/2020,11.0100,3,0.00,5.3949,3.6700
2942,541,1269,10/08/2020,17/08/2020,20.0400,3,0.00,9.6192,6.6800
2943,616,969,17/07/2020,26/07/2020,6.4800,1,0.00,3.1104,6.4800
2944,430,1395,27/12/2020,09/01/2021,10.0480,4,0.20,3.1400,2.3120
2945,178,1521,29/04/2020,19/05/2020,10.2720,3,0.20,3.2100,3.2240
2946,284,999,01/09/2020,27/09/2020,6.6880,4,0.60,-4.0128,1.0720
2947,786,219,16/07/2020,18/07/2020,1287.4500,5,0.00,244.6155,257.4900
2948,257,414,14/08/2020,18/08/2020,579.3000,5,0.00,28.9650,115.8600
2949,614,399,08/06/2020,10/06/2020,63.4880,4,0.20,4.7616,15.6720
2950,677,188,19/03/2020,26/03/2020,40.1400,6,0.00,19.6686,6.6900
2951,760,1008,16/06/2020,22/06/2020,71.9760,3,0.20,19.7934,23.7920
2952,212,1267,08/04/2020,30/04/2020,22.2000,1,0.60,-26.0850,21.6000
2953,713,411,28/09/2020,29/09/2020,29.9320,7,0.80,-46.3946,3.4760
2954,551,1014,11/09/2020,12/09/2020,396.0000,4,0.00,190.0800,99.0000
2955,765,34,24/06/2020,06/07/2020,45.3600,4,0.00,22.2264,11.3400
2956,688,905,26/09/2020,10/10/2020,44.8480,8,0.80,-67.2720,4.8060
2957,402,249,16/08/2020,06/09/2020,10.5600,6,0.00,4.6464,1.7600
2958,616,1753,20/09/2020,25/09/2020,57.5680,4,0.20,5.7568,14.1920
2959,420,415,09/01/2020,23/01/2020,97.8400,2,0.00,25.4384,48.9200
2960,361,638,14/09/2020,11/10/2020,155.3720,2,0.30,-13.3176,77.3860
2961,334,1158,07/12/2020,26/12/2020,3.7500,1,0.00,1.8000,3.7500
2962,437,1168,02/12/2020,12/12/2020,9.8400,2,0.00,4.7232,4.9200
2963,767,1034,03/04/2020,04/04/2020,71.6000,8,0.00,13.6040,8.9500
2964,778,1077,06/11/2020,17/11/2020,160.7760,3,0.20,10.0485,53.3920
2965,440,719,02/12/2020,11/12/2020,399.6720,7,0.20,-14.9877,56.8960
2966,696,172,26/09/2020,20/10/2020,46.5300,3,0.00,12.0978,15.5100
2967,761,447,27/04/2020,13/05/2020,2.3760,3,0.70,-1.9008,0.0920
2968,102,617,18/10/2020,07/11/2020,418.2960,3,0.20,5.2287,139.2320
2969,733,759,20/03/2020,23/03/2020,310.3920,4,0.80,-512.1468,76.7980
2970,383,1314,06/07/2020,23/07/2020,299.9900,1,0.00,89.9970,299.9900
2971,704,1529,25/03/2020,21/04/2020,20.6200,2,0.00,9.6914,10.3100
2972,554,354,12/11/2020,28/11/2020,19.4400,3,0.00,9.3312,6.4800
2973,685,533,25/02/2020,08/03/2020,394.8160,4,0.20,93.7688,98.5040
2974,347,271,02/04/2020,10/04/2020,209.6000,4,0.00,96.4160,52.4000
2975,431,109,30/10/2020,22/11/2020,265.8600,7,0.00,79.7580,37.9800
2976,414,1411,25/06/2020,05/07/2020,27.1680,4,0.20,-1.3584,6.5920
2977,85,121,27/02/2020,01/03/2020,915.1360,4,0.20,102.9528,228.5840
2978,210,212,30/11/2020,29/12/2020,52.7520,3,0.20,-12.5286,17.3840
2979,15,1110,12/11/2020,09/12/2020,275.9520,3,0.20,-37.9434,91.7840
2980,207,32,17/07/2020,04/08/2020,5.7150,5,0.70,-4.7625,0.4430
2981,154,154,17/11/2020,30/11/2020,9.3440,1,0.20,3.5040,9.1440
2982,646,304,23/05/2020,04/06/2020,34.5400,1,0.00,17.2700,34.5400
2983,563,660,18/11/2020,25/11/2020,8.0000,2,0.20,2.8000,3.8000
2984,305,1651,07/04/2020,19/04/2020,386.3400,2,0.00,54.0876,193.1700
2985,284,498,13/01/2020,19/01/2020,81.0880,7,0.20,27.3672,11.3840
2986,132,1288,13/03/2020,07/04/2020,189.9500,5,0.00,45.5880,37.9900
2987,196,1644,16/12/2020,28/12/2020,41.4000,4,0.00,19.8720,10.3500
2988,225,1142,02/03/2020,16/03/2020,563.2400,5,0.20,56.3240,112.4480
2989,133,154,19/06/2020,11/07/2020,62.2400,8,0.00,29.2528,7.7800
2990,674,743,13/04/2020,15/04/2020,3.7440,4,0.70,-2.6208,0.2360
2991,542,129,12/03/2020,15/03/2020,18.9360,3,0.20,5.9175,6.1120
2992,294,799,03/11/2020,23/11/2020,98.3520,3,0.20,34.4232,32.5840
2993,727,1305,30/11/2020,29/12/2020,120.7120,1,0.20,-18.1068,120.5120
2994,605,56,29/07/2020,16/08/2020,6.4800,1,0.00,3.1104,6.4800
2995,350,1512,17/12/2020,26/12/2020,20.3200,4,0.00,6.9088,5.0800
2996,412,672,26/07/2020,25/08/2020,11.5200,4,0.00,3.3408,2.8800
2997,556,1286,12/12/2020,04/01/2021,42.9500,1,0.00,1.2885,42.9500
2998,425,570,10/02/2020,09/03/2020,1219.9600,5,0.20,381.2375,243.7920
2999,752,1334,01/03/2020,03/03/2020,8.9200,4,0.00,3.9248,2.2300
3000,281,649,01/10/2020,10/10/2020,279.9440,7,0.20,48.9902,39.7920
3001,449,1400,21/02/2020,09/03/2020,18.7040,7,0.20,2.3380,2.4720
3002,397,200,03/05/2020,29/05/2020,74.0000,5,0.00,37.0000,14.8000
3003,495,1361,07/05/2020,17/05/2020,25.1200,5,0.20,7.8500,4.8240
3004,165,1271,11/04/2020,15/04/2020,19.4400,3,0.00,9.3312,6.4800
3005,602,1191,03/09/2020,09/09/2020,55.6000,5,0.20,6.2550,10.9200
3006,118,177,17/07/2020,28/07/2020,2.8640,4,0.80,-4.5824,-0.0840
3007,235,1444,21/08/2020,02/09/2020,28.0000,4,0.20,7.7000,6.8000
3008,695,1372,26/08/2020,07/09/2020,101.9400,6,0.00,29.5626,16.9900
3009,679,1758,06/02/2020,08/02/2020,25.5000,3,0.00,6.6300,8.5000
3010,609,589,30/11/2020,29/12/2020,15.2800,2,0.00,7.4872,7.6400
3011,383,999,16/04/2020,16/05/2020,4.1800,1,0.00,1.5048,4.1800
3012,707,1317,25/09/2020,11/10/2020,41.8600,7,0.00,20.5114,5.9800
3013,128,1499,24/12/2020,13/01/2021,69.1200,9,0.20,-14.6880,7.4800
3014,391,1047,30/09/2020,24/10/2020,341.9600,2,0.00,78.6508,170.9800
3015,408,130,23/12/2020,10/01/2021,16.0320,3,0.20,5.6112,5.1440
3016,515,663,19/06/2020,08/07/2020,603.9200,4,0.00,181.1760,150.9800
3017,485,318,06/12/2020,15/12/2020,145.7640,6,0.70,-247.7988,23.5940
3018,726,1077,19/12/2020,16/01/2021,160.7760,3,0.20,10.0485,53.3920
3019,554,269,23/08/2020,09/09/2020,230.3520,3,0.20,20.1558,76.5840
3020,98,634,27/07/2020,11/08/2020,99.5680,2,0.20,33.6042,49.5840
3021,19,147,18/03/2020,02/04/2020,295.4560,14,0.20,96.0232,20.9040
3022,770,1174,04/09/2020,10/09/2020,179.9400,2,0.40,-44.9850,89.5700
3023,443,1552,07/09/2020,08/09/2020,62.0480,2,0.20,20.1656,30.8240
3024,166,23,11/09/2020,26/09/2020,17.2400,2,0.00,4.4824,8.6200
3025,320,1418,12/09/2020,10/10/2020,64.3840,4,0.80,-160.9600,15.2960
3026,621,876,14/03/2020,02/04/2020,12.1440,3,0.20,4.0986,3.8480
3027,541,1430,25/06/2020,17/07/2020,15.0080,2,0.20,1.5008,7.3040
3028,457,1610,30/03/2020,10/04/2020,474.4300,11,0.00,199.2606,43.1300
3029,686,308,12/01/2020,25/01/2020,3.5920,4,0.80,-6.2860,0.0980
3030,285,1374,20/11/2020,10/12/2020,5.7800,2,0.00,2.7166,2.8900
3031,786,722,29/05/2020,23/06/2020,140.7360,8,0.20,49.2576,17.3920
3032,204,540,29/01/2020,02/02/2020,300.7680,4,0.20,30.0768,74.9920
3033,596,374,10/05/2020,24/05/2020,11.6500,5,0.00,3.3785,2.3300
3034,325,129,16/09/2020,15/10/2020,14.9000,5,0.00,6.8540,2.9800
3035,59,571,27/07/2020,15/08/2020,41.8600,7,0.00,19.2556,5.9800
3036,349,1229,12/07/2020,13/07/2020,221.9200,5,0.20,77.6720,44.1840
3037,754,1296,16/10/2020,20/10/2020,87.6000,5,0.00,42.0480,17.5200
3038,606,28,14/11/2020,26/11/2020,9.6180,2,0.70,-7.0532,4.1090
3039,586,471,28/03/2020,09/04/2020,470.3760,3,0.20,47.0376,156.5920
3040,670,649,04/06/2020,26/06/2020,149.9700,3,0.00,50.9898,49.9900
3041,137,491,28/12/2020,24/01/2021,15.5520,3,0.20,5.4432,4.9840
3042,484,228,27/04/2020,18/05/2020,7.9800,1,0.00,3.9900,7.9800
3043,632,95,24/04/2020,23/05/2020,64.1400,3,0.00,30.7872,21.3800
3044,179,621,07/03/2020,21/03/2020,3.7600,2,0.00,1.8048,1.8800
3045,423,589,03/07/2020,18/07/2020,7.6400,1,0.00,3.7436,7.6400
3046,518,1568,13/11/2020,23/11/2020,5.0400,2,0.00,0.1512,2.5200
3047,474,1120,23/04/2020,03/05/2020,842.3520,3,0.20,42.1176,280.5840
3048,240,126,01/03/2020,10/03/2020,238.5600,3,0.00,26.2416,79.5200
3049,73,291,04/11/2020,20/11/2020,99.1360,4,0.20,8.6744,24.5840
3050,605,1137,24/10/2020,02/11/2020,1299.6600,2,0.00,350.9082,649.8300
3051,190,395,25/12/2020,02/01/2021,114.2000,5,0.00,52.5320,22.8400
3052,565,1015,22/05/2020,19/06/2020,46.0000,4,0.00,20.7000,11.5000
3053,130,809,26/04/2020,11/05/2020,179.9400,3,0.00,50.3832,59.9800
3054,202,324,27/11/2020,06/12/2020,977.2920,6,0.10,173.7408,162.7820
3055,731,1774,03/12/2020,19/12/2020,41.2200,1,0.00,11.1294,41.2200
3056,302,1633,24/08/2020,03/09/2020,9.4080,7,0.20,0.7056,1.1440
3057,671,306,11/10/2020,03/11/2020,4.7520,4,0.80,-8.3160,0.3880
3058,149,674,15/12/2020,05/01/2021,9.3600,4,0.80,-16.3800,1.5400
3059,309,1762,02/02/2020,02/03/2020,343.2000,1,0.20,38.6100,343.0000
3060,14,326,30/04/2020,29/05/2020,23.5600,5,0.20,7.0680,4.5120
3061,143,609,20/09/2020,18/10/2020,8.8500,5,0.80,-13.7175,0.9700
3062,183,1322,07/02/2020,20/02/2020,299.9700,3,0.00,131.9868,99.9900
3063,233,2,09/02/2020,12/02/2020,585.5520,3,0.20,73.1940,194.9840
3064,761,1652,10/08/2020,16/08/2020,29.2000,5,0.00,10.5120,5.8400
3065,320,314,20/04/2020,22/04/2020,25.9200,4,0.00,8.2944,6.4800
3066,488,1700,24/05/2020,18/06/2020,208.4400,3,0.00,62.5320,69.4800
3067,279,992,13/12/2020,29/12/2020,48.6400,2,0.20,15.8080,24.1200
3068,271,1629,06/04/2020,22/04/2020,482.6640,8,0.15,85.1760,60.1830
3069,223,1022,12/12/2020,10/01/2021,92.9400,3,0.00,41.8230,30.9800
3070,300,552,01/03/2020,09/03/2020,442.4000,7,0.20,-55.3000,63.0000
3071,503,459,26/02/2020,13/03/2020,11.9600,2,0.00,5.3820,5.9800
3072,367,1104,06/01/2020,29/01/2020,25.9200,4,0.00,12.4416,6.4800
3073,230,283,09/05/2020,08/06/2020,9.7800,2,0.00,4.0098,4.8900
3074,423,1080,27/09/2020,16/10/2020,178.1100,3,0.00,32.0598,59.3700
3075,534,569,28/01/2020,03/02/2020,82.5240,3,0.60,-41.2620,26.9080
3076,239,1538,14/05/2020,12/06/2020,18.3200,5,0.80,-46.7160,2.8640
3077,19,829,17/10/2020,01/11/2020,119.8330,1,0.15,-12.6882,119.6830
3078,676,1731,09/06/2020,28/06/2020,6.3680,2,0.20,2.3880,2.9840
3079,716,381,30/10/2020,23/11/2020,86.3760,3,0.20,30.2316,28.5920
3080,510,1487,18/08/2020,10/09/2020,735.9800,2,0.00,331.1910,367.9900
3081,174,1339,20/03/2020,29/03/2020,22.3680,2,0.20,1.6776,10.9840
3082,194,999,04/06/2020,09/06/2020,4.1800,1,0.00,1.5048,4.1800
3083,618,1091,13/02/2020,22/02/2020,7.4200,2,0.00,3.7100,3.7100
3084,565,1695,17/04/2020,21/04/2020,1.8240,2,0.20,0.6156,0.7120
3085,657,1201,30/06/2020,02/07/2020,13.3600,4,0.00,4.1416,3.3400
3086,255,602,31/01/2020,03/02/2020,700.0560,3,0.30,-130.0104,233.0520
3087,45,846,24/04/2020,19/05/2020,12.1800,7,0.00,3.8976,1.7400
3088,437,710,02/12/2020,09/12/2020,36.6720,2,0.20,11.4600,18.1360
3089,763,129,13/12/2020,19/12/2020,15.1200,5,0.20,4.9140,2.8240
3090,477,1641,02/01/2020,30/01/2020,21.2000,2,0.00,9.1160,10.6000
3091,83,467,14/09/2020,20/09/2020,4164.0500,5,0.00,83.2810,832.8100
3092,271,396,03/05/2020,05/05/2020,145.7640,2,0.10,3.2392,72.7820
3093,139,579,17/01/2020,27/01/2020,33.4000,5,0.00,16.0320,6.6800
3094,347,593,20/01/2020,28/01/2020,214.7000,5,0.00,83.7330,42.9400
3095,487,1253,26/12/2020,12/01/2021,191.8200,3,0.00,74.8098,63.9400
3096,625,301,14/06/2020,17/06/2020,100.2400,10,0.20,33.8310,9.8240
3097,257,1458,23/09/2020,03/10/2020,186.7320,1,0.10,41.4960,186.6320
3098,764,595,08/11/2020,03/12/2020,1652.9400,3,0.00,231.4116,550.9800
3099,741,374,24/02/2020,20/03/2020,9.3200,4,0.00,2.7028,2.3300
3100,55,438,30/08/2020,13/09/2020,140.9700,3,0.00,19.7358,46.9900
3101,759,956,31/10/2020,14/11/2020,730.2000,4,0.00,94.9260,182.5500
3102,220,496,07/07/2020,09/07/2020,124.7920,1,0.20,15.5990,124.5920
3103,99,448,08/12/2020,21/12/2020,163.9600,5,0.20,59.4355,32.5920
3104,706,292,12/10/2020,26/10/2020,271.7640,2,0.10,48.3136,135.7820
3105,165,1503,13/02/2020,20/02/2020,19.4560,4,0.20,2.1888,4.6640
3106,295,385,18/06/2020,20/06/2020,14.9000,5,0.00,1.0430,2.9800
3107,393,238,06/03/2020,22/03/2020,8.7600,2,0.00,4.2048,4.3800
3108,680,1361,03/04/2020,03/05/2020,3.7680,2,0.70,-3.1400,1.1840
3109,34,678,20/04/2020,03/05/2020,48.8960,4,0.20,8.5568,12.0240
3110,70,1787,15/03/2020,05/04/2020,2.6100,1,0.00,1.2006,2.6100
3111,489,1508,12/05/2020,08/06/2020,371.9760,3,0.20,116.2425,123.7920
3112,50,45,30/04/2020,17/05/2020,41.9040,6,0.20,14.1426,6.7840
3113,752,1360,31/05/2020,02/06/2020,36.0480,3,0.20,-0.9012,11.8160
3114,127,199,07/08/2020,08/08/2020,39.0000,3,0.00,17.5500,13.0000
3115,778,197,01/08/2020,05/08/2020,5.8100,1,0.00,1.8011,5.8100
3116,678,1663,03/08/2020,06/08/2020,325.8600,2,0.00,149.8956,162.9300
3117,551,885,15/07/2020,16/07/2020,39.9600,2,0.00,17.1828,19.9800
3118,369,328,15/04/2020,03/05/2020,1.7440,1,0.20,-0.3488,1.5440
3119,577,863,19/10/2020,16/11/2020,3.0080,2,0.20,0.3384,1.3040
3120,555,368,20/08/2020,26/08/2020,387.1360,4,0.20,-14.5176,96.5840
3121,680,1724,02/04/2020,18/04/2020,123.0880,7,0.20,40.0036,17.3840
3122,530,802,09/04/2020,09/05/2020,118.7820,3,0.40,-27.7158,39.1940
3123,447,1296,31/07/2020,02/08/2020,87.6000,5,0.00,42.0480,17.5200
3124,321,1341,16/04/2020,13/05/2020,171.0400,4,0.00,44.4704,42.7600
3125,222,125,27/03/2020,26/04/2020,106.8690,3,0.30,-29.0073,35.3230
3126,286,54,26/04/2020,01/05/2020,164.7920,1,0.20,18.5391,164.5920
3127,464,412,18/12/2020,29/12/2020,3393.6800,8,0.00,610.8624,424.2100
3128,724,246,07/03/2020,23/03/2020,57.5760,3,0.20,21.5910,18.9920
3129,655,129,25/07/2020,28/07/2020,12.0320,8,0.20,2.2560,1.3040
3130,700,933,20/02/2020,13/03/2020,116.4000,8,0.00,52.3800,14.5500
3131,9,825,30/11/2020,04/12/2020,32.3400,10,0.70,-23.7160,2.5340
3132,675,454,24/05/2020,07/06/2020,95.1000,5,0.00,30.4320,19.0200
3133,416,753,24/11/2020,05/12/2020,699.9800,2,0.00,195.9944,349.9900
3134,553,64,14/02/2020,24/02/2020,79.7600,4,0.00,22.3328,19.9400
3135,166,1341,11/02/2020,21/02/2020,239.4560,7,0.20,17.9592,34.0080
3136,140,1394,08/07/2020,24/07/2020,3.9800,5,0.80,-6.5670,-0.0040
3137,19,519,13/02/2020,18/02/2020,1606.2300,9,0.00,481.8690,178.4700
3138,401,973,06/10/2020,05/11/2020,119.5600,2,0.00,54.9976,59.7800
3139,749,1638,12/11/2020,05/12/2020,447.9680,4,0.20,139.9900,111.7920
3140,744,1180,29/06/2020,29/07/2020,1359.9600,5,0.20,118.9965,271.7920
3141,14,902,30/10/2020,29/11/2020,6.5700,3,0.00,1.7739,2.1900
3142,373,1382,01/06/2020,16/06/2020,30.7680,2,0.20,8.0766,15.1840
3143,352,148,16/05/2020,24/05/2020,10.7840,1,0.20,0.8088,10.5840
3144,187,1353,25/06/2020,28/06/2020,1294.7500,5,0.00,336.6350,258.9500
3145,759,1345,07/04/2020,04/05/2020,78.3500,5,0.00,36.8245,15.6700
3146,701,251,12/08/2020,10/09/2020,10.5840,3,0.20,3.4398,3.3280
3147,739,1082,30/04/2020,23/05/2020,5.5600,1,0.20,1.7375,5.3600
3148,589,1814,13/12/2020,12/01/2021,5.4320,2,0.80,-13.5800,1.9160
3149,339,824,27/12/2020,19/01/2021,24.4480,4,0.20,8.8624,5.9120
3150,11,693,19/04/2020,04/05/2020,9892.7400,13,0.00,4946.3700,760.9800
3151,108,1712,16/11/2020,14/12/2020,57.9000,5,0.00,28.9500,11.5800
3152,352,1163,18/07/2020,23/07/2020,2690.9700,3,0.00,1264.7559,896.9900
3153,639,444,16/09/2020,11/10/2020,33.9300,3,0.70,-22.6200,10.6100
3154,174,852,26/03/2020,23/04/2020,39.9600,5,0.20,12.9870,7.7920
3155,250,602,27/12/2020,06/01/2021,933.4080,4,0.30,-173.3472,233.0520
3156,540,139,05/11/2020,13/11/2020,447.6960,2,0.20,33.5772,223.6480
3157,461,1714,09/01/2020,01/02/2020,34.2000,5,0.00,9.2340,6.8400
3158,799,931,27/04/2020,28/04/2020,72.8000,5,0.00,19.6560,14.5600
3159,132,864,11/12/2020,15/12/2020,7.9200,5,0.20,0.6930,1.3840
3160,365,478,07/04/2020,29/04/2020,380.8640,8,0.20,38.0864,47.4080
3161,265,1326,19/12/2020,25/12/2020,186.3040,4,0.20,13.9728,46.3760
3162,463,545,15/03/2020,22/03/2020,2.8920,3,0.80,-4.9164,0.1640
3163,261,985,02/12/2020,19/12/2020,153.5680,2,0.20,-5.7588,76.5840
3164,424,369,14/02/2020,14/03/2020,454.2720,8,0.20,-73.8192,56.5840
3165,138,850,27/10/2020,18/11/2020,512.3580,3,0.30,-14.6388,170.4860
3166,420,1142,03/08/2020,24/08/2020,563.2400,5,0.20,56.3240,112.4480
3167,589,1150,25/04/2020,15/05/2020,257.5680,2,0.20,-28.9764,128.5840
3168,792,968,04/06/2020,04/07/2020,8.6080,2,0.20,3.0128,4.1040
3169,457,65,01/03/2020,03/03/2020,60.8900,1,0.00,15.2225,60.8900
3170,469,337,09/11/2020,14/11/2020,28.8400,2,0.00,9.5172,14.4200
3171,790,45,20/02/2020,19/03/2020,6.9840,1,0.20,2.3571,6.7840
3172,606,420,06/04/2020,01/05/2020,623.4648,7,0.32,-119.1918,88.7464
3173,459,715,10/01/2020,03/02/2020,43.9800,2,0.00,21.9900,21.9900
3174,331,1076,06/10/2020,16/10/2020,8.4480,2,0.20,2.9568,4.0240
3175,174,665,18/03/2020,19/03/2020,1075.0880,14,0.20,94.0702,76.5920
3176,750,1539,08/06/2020,09/06/2020,30.0000,8,0.00,14.4000,3.7500
3177,795,392,06/09/2020,18/09/2020,12.2200,1,0.00,3.6660,12.2200
3178,239,1236,21/07/2020,12/08/2020,64.9440,3,0.20,6.4944,21.4480
3179,636,201,03/10/2020,17/10/2020,1266.8600,7,0.00,291.3778,180.9800
3180,324,229,19/11/2020,26/11/2020,1924.1600,8,0.20,312.6760,240.3200
3181,119,1219,05/09/2020,13/09/2020,47.9760,3,0.20,1.7991,15.7920
3182,32,1219,04/06/2020,14/06/2020,47.9760,3,0.20,1.7991,15.7920
3183,160,181,19/08/2020,01/09/2020,35.8800,3,0.00,10.0464,11.9600
3184,40,1105,18/06/2020,02/07/2020,310.4430,3,0.30,-48.7839,103.1810
3185,557,332,24/02/2020,27/02/2020,159.9900,1,0.00,54.3966,159.9900
3186,170,1430,27/12/2020,05/01/2021,46.9000,5,0.00,13.1320,9.3800
3187,66,1074,16/10/2020,14/11/2020,6.6800,1,0.00,3.2064,6.6800
3188,386,743,24/05/2020,05/06/2020,2.8080,3,0.70,-1.9656,0.2360
3189,287,1502,21/03/2020,23/03/2020,164.8500,3,0.00,47.8065,54.9500
3190,753,570,07/04/2020,12/04/2020,182.9940,3,0.80,-320.2395,60.1980
3191,738,700,17/02/2020,18/02/2020,23.2400,5,0.20,7.5530,4.4480
3192,127,304,28/07/2020,15/08/2020,34.5400,1,0.00,17.2700,34.5400
3193,422,793,08/11/2020,26/11/2020,12.6000,3,0.00,6.1740,4.2000
3194,35,616,25/01/2020,03/02/2020,1999.9600,4,0.00,899.9820,499.9900
3195,284,1440,03/03/2020,19/03/2020,5.9520,1,0.20,0.3720,5.7520
3196,493,1743,21/01/2020,27/01/2020,546.0600,3,0.00,163.8180,182.0200
3197,89,199,24/06/2020,28/06/2020,52.0000,4,0.00,23.4000,13.0000
3198,427,1732,25/01/2020,20/02/2020,10.7100,3,0.00,2.7846,3.5700
3199,341,1688,11/07/2020,15/07/2020,2.2140,3,0.70,-1.4760,0.0380
3200,199,749,07/08/2020,02/09/2020,21.1840,2,0.60,-11.6512,9.9920
3201,472,95,20/11/2020,03/12/2020,51.3120,3,0.20,17.9592,16.9040
3202,654,870,24/04/2020,17/05/2020,15.7120,4,0.20,2.5532,3.7280
3203,579,488,15/06/2020,11/07/2020,9.7280,2,0.20,1.7024,4.6640
3204,609,485,19/04/2020,08/05/2020,69.0080,2,0.20,12.0764,34.3040
3205,582,844,06/09/2020,23/09/2020,17.5200,2,0.20,-3.5040,8.5600
3206,285,113,04/07/2020,06/07/2020,23.9760,3,0.20,7.4925,7.7920
3207,230,1837,18/09/2020,19/09/2020,179.9910,3,0.70,-251.9874,59.2970
3208,460,1425,02/08/2020,24/08/2020,33.7920,8,0.20,10.5600,4.0240
3209,194,1581,16/04/2020,24/04/2020,38.0160,6,0.20,13.7808,6.1360
3210,479,959,26/08/2020,04/09/2020,16.4000,5,0.00,4.2640,3.2800
3211,625,1333,18/07/2020,06/08/2020,32.4000,5,0.00,15.5520,6.4800
3212,318,1592,15/09/2020,27/09/2020,68.4600,7,0.00,25.3302,9.7800
3213,781,827,22/05/2020,06/06/2020,43.1760,3,0.20,15.1116,14.1920
3214,2,367,23/12/2020,08/01/2021,223.9200,4,0.00,109.7208,55.9800
3215,481,301,24/09/2020,03/10/2020,62.6500,5,0.00,29.4455,12.5300
3216,734,953,05/11/2020,10/11/2020,99.9800,2,0.00,7.9984,49.9900
3217,304,261,02/10/2020,07/10/2020,36.2880,7,0.20,12.7008,4.9840
3218,62,1148,16/02/2020,05/03/2020,166.9200,13,0.70,-116.8440,12.1400
3219,251,72,06/09/2020,02/10/2020,72.7800,3,0.60,-70.9605,23.6600
3220,3,71,21/06/2020,02/07/2020,454.9650,5,0.30,-136.4895,90.6930
3221,65,95,08/10/2020,19/10/2020,222.3520,13,0.20,77.8232,16.9040
3222,1,101,11/01/2020,21/01/2020,447.9300,9,0.00,49.2723,49.7700
3223,297,196,02/03/2020,22/03/2020,369.5440,7,0.20,32.3351,52.5920
3224,335,924,28/08/2020,09/09/2020,21.7800,2,0.00,5.6628,10.8900
3225,623,1650,29/05/2020,20/06/2020,19.5600,4,0.00,5.4768,4.8900
3226,87,615,27/05/2020,07/06/2020,2.8800,5,0.80,-4.4640,-0.2240
3227,390,413,25/01/2020,06/02/2020,39.8790,7,0.70,-29.2446,4.9970
3228,42,1153,24/09/2020,06/10/2020,41.4720,8,0.20,14.5152,4.9840
3229,318,1777,20/08/2020,05/09/2020,83.9200,5,0.20,31.4700,16.5840
3230,647,431,07/03/2020,24/03/2020,616.9980,6,0.15,-36.2940,102.6830
3231,760,728,16/10/2020,03/11/2020,28.1600,4,0.00,13.2352,7.0400
3232,621,62,22/06/2020,16/07/2020,16.1400,3,0.00,7.9086,5.3800
3233,114,506,22/03/2020,13/04/2020,51.5200,5,0.20,-10.9480,10.1040
3234,368,1278,05/12/2020,25/12/2020,33.2900,1,0.00,7.9896,33.2900
3235,217,4,02/01/2020,25/01/2020,1044.6300,5,0.40,-295.9785,208.5260
3236,135,554,10/04/2020,15/04/2020,638.7300,9,0.00,166.0698,70.9700
3237,611,983,09/03/2020,22/03/2020,109.9500,1,0.00,36.2835,109.9500
3238,217,1722,28/11/2020,22/12/2020,212.6400,6,0.00,99.9408,35.4400
3239,290,275,17/11/2020,14/12/2020,94.8500,5,0.00,45.5280,18.9700
3240,145,581,28/11/2020,12/12/2020,97.6960,4,0.20,31.7512,24.2240
3241,418,1430,11/03/2020,16/03/2020,15.0080,4,0.60,-12.0064,3.1520
3242,398,1035,03/01/2020,09/01/2020,26.3520,8,0.70,-18.4464,2.5940
3243,646,1715,30/05/2020,01/06/2020,136.4640,2,0.20,15.3522,68.0320
3244,741,123,26/04/2020,18/05/2020,9.5520,8,0.70,-7.3232,0.4940
3245,477,641,20/07/2020,02/08/2020,15.1760,1,0.20,5.3116,14.9760
3246,38,1713,24/06/2020,30/06/2020,706.8600,7,0.00,197.9208,100.9800
3247,32,1226,19/04/2020,25/04/2020,57.5820,3,0.70,-44.1462,18.4940
3248,36,403,25/07/2020,22/08/2020,9.8400,3,0.00,2.8536,3.2800
3249,537,550,23/04/2020,29/04/2020,167.4400,2,0.20,14.6510,83.5200
3250,760,863,16/08/2020,18/08/2020,1.5040,1,0.20,0.1692,1.3040
3251,438,1406,30/01/2020,23/02/2020,545.9160,14,0.40,72.7888,38.5940
3252,625,1097,10/12/2020,13/12/2020,542.9400,3,0.00,152.0232,180.9800
3253,137,1600,04/03/2020,05/03/2020,22.3800,3,0.60,-7.8330,6.8600
3254,336,449,19/07/2020,15/08/2020,2.7400,1,0.00,0.7398,2.7400
3255,251,1216,18/08/2020,17/09/2020,12.0600,5,0.70,-10.0500,1.7120
3256,692,1383,28/11/2020,13/12/2020,11.4160,4,0.80,-18.8364,2.0540
3257,226,619,11/05/2020,28/05/2020,40.7520,3,0.20,15.2820,13.3840
3258,73,1248,15/07/2020,12/08/2020,4.9380,2,0.70,-3.6212,1.7690
3259,445,180,07/02/2020,06/03/2020,1573.4880,7,0.20,196.6860,224.5840
3260,406,269,27/06/2020,02/07/2020,307.1360,4,0.20,26.8744,76.5840
3261,255,1551,22/09/2020,10/10/2020,37.1700,9,0.00,10.4076,4.1300
3262,398,853,22/09/2020,05/10/2020,6.3300,5,0.80,-9.8115,0.4660
3263,524,172,29/02/2020,10/03/2020,49.6320,4,0.20,3.7224,12.2080
3264,755,1146,22/07/2020,04/08/2020,26.4000,5,0.00,11.8800,5.2800
3265,220,1259,04/09/2020,20/09/2020,8.8000,5,0.00,4.2240,1.7600
3266,725,579,09/12/2020,25/12/2020,20.0400,3,0.00,9.6192,6.6800
3267,146,772,17/02/2020,08/03/2020,120.3300,1,0.00,31.2858,120.3300
3268,271,265,21/03/2020,06/04/2020,13.8720,6,0.20,4.6818,2.1120
3269,424,187,18/03/2020,24/03/2020,2.9460,3,0.80,-4.8609,0.1820
3270,282,981,26/10/2020,14/11/2020,20.3400,3,0.00,9.3564,6.7800
3271,553,1130,09/01/2020,22/01/2020,378.0000,2,0.00,136.0800,189.0000
3272,784,214,04/05/2020,17/05/2020,389.6960,8,0.20,43.8408,48.5120
3273,72,48,07/08/2020,11/08/2020,21.8000,2,0.00,6.1040,10.9000
3274,471,1200,30/01/2020,05/02/2020,34.6800,6,0.00,16.9932,5.7800
3275,220,1100,19/09/2020,01/10/2020,244.6150,1,0.30,20.9670,244.3150
3276,359,1004,23/06/2020,28/06/2020,54.1920,6,0.20,4.0644,8.8320
3277,100,259,23/12/2020,04/01/2021,1038.8400,5,0.20,51.9420,207.5680
3278,599,230,09/05/2020,02/06/2020,1125.4880,7,0.20,98.4802,160.5840
3279,590,760,20/03/2020,27/03/2020,247.1880,2,0.40,-49.4376,123.1940
3280,538,129,12/07/2020,18/07/2020,18.8640,9,0.20,6.1308,1.8960
3281,179,1514,26/04/2020,02/05/2020,16.2700,5,0.80,-25.2185,2.4540
3282,659,1150,09/08/2020,28/08/2020,273.6660,2,0.15,-12.8784,136.6830
3283,379,381,05/03/2020,02/04/2020,28.7920,1,0.20,10.0772,28.5920
3284,610,617,05/01/2020,07/01/2020,557.7280,4,0.20,6.9716,139.2320
3285,248,1210,19/02/2020,20/03/2020,341.4880,8,0.30,-73.1760,42.3860
3286,677,1230,14/06/2020,07/07/2020,3.3600,2,0.00,0.8400,1.6800
3287,210,1123,11/12/2020,06/01/2021,44.9600,2,0.00,20.6816,22.4800
3288,252,367,11/04/2020,12/04/2020,223.9200,4,0.00,109.7208,55.9800
3289,148,770,08/02/2020,23/02/2020,13.9600,2,0.00,6.7008,6.9800
3290,573,328,27/09/2020,17/10/2020,1.7440,1,0.20,-0.3488,1.5440
3291,146,988,17/08/2020,03/09/2020,88.7520,3,0.20,11.0940,29.3840
3292,626,1125,26/09/2020,23/10/2020,23.9760,4,0.40,-15.5844,5.5940
3293,612,318,02/08/2020,28/08/2020,388.7040,6,0.20,-4.8588,64.5840
3294,492,1386,06/12/2020,23/12/2020,1292.9400,3,0.00,77.5764,430.9800
3295,441,1610,08/05/2020,20/05/2020,43.1300,1,0.00,18.1146,43.1300
3296,25,833,31/10/2020,23/11/2020,240.7440,4,0.30,-13.7568,59.8860
3297,458,1360,05/07/2020,16/07/2020,36.0480,3,0.20,-0.9012,11.8160
3298,306,697,06/04/2020,29/04/2020,35.3520,9,0.20,12.8151,3.7280
3299,556,348,24/10/2020,04/11/2020,6.5700,3,0.70,-5.0370,1.4900
3300,507,172,21/10/2020,27/10/2020,77.5500,5,0.00,20.1630,15.5100
3301,720,381,28/09/2020,25/10/2020,86.3760,3,0.20,30.2316,28.5920
3302,725,1598,06/05/2020,03/06/2020,5.4720,3,0.20,1.6416,1.6240
3303,603,744,13/08/2020,05/09/2020,11.5200,4,0.00,5.6448,2.8800
3304,108,1337,12/06/2020,15/06/2020,16.5900,1,0.00,5.8065,16.5900
3305,133,1850,13/12/2020,26/12/2020,36.7440,3,0.20,3.6744,12.0480
3306,385,1356,10/11/2020,22/11/2020,705.5440,7,0.20,70.5544,100.5920
3307,786,906,07/09/2020,20/09/2020,110.9800,1,0.00,15.5372,110.9800
3308,679,134,22/01/2020,16/02/2020,9.5220,1,0.70,-6.9828,8.8220
3309,116,8,18/01/2020,08/02/2020,302.3840,2,0.20,30.2384,150.9920
3310,308,1031,30/05/2020,08/06/2020,79.3600,5,0.20,9.9200,15.6720
3311,48,274,18/10/2020,19/10/2020,324.7440,3,0.20,-77.1267,108.0480
3312,399,1227,23/04/2020,18/05/2020,68.9700,3,0.00,19.3116,22.9900
3313,185,106,29/10/2020,13/11/2020,3.3040,1,0.20,1.0738,3.1040
3314,116,855,07/01/2020,22/01/2020,25.9200,4,0.00,12.4416,6.4800
3315,351,149,12/05/2020,07/06/2020,2.2100,1,0.00,0.5967,2.2100
3316,714,1196,19/09/2020,28/09/2020,22.9600,7,0.00,6.6584,3.2800
3317,591,1004,21/07/2020,10/08/2020,54.1920,6,0.20,4.0644,8.8320
3318,564,81,11/12/2020,12/12/2020,64.1700,3,0.00,18.6093,21.3900
3319,53,1479,20/07/2020,01/08/2020,558.4000,2,0.20,41.8800,279.0000
3320,612,288,21/12/2020,06/01/2021,58.3600,5,0.60,-24.8030,11.0720
3321,152,967,04/07/2020,29/07/2020,66.6450,3,0.50,-42.6528,21.7150
3322,570,610,12/06/2020,11/07/2020,13.8720,3,0.20,5.0286,4.4240
3323,542,1059,13/09/2020,01/10/2020,59.4800,2,0.00,8.9220,29.7400
3324,117,89,05/09/2020,30/09/2020,6.4800,1,0.00,3.1104,6.4800
3325,609,178,29/01/2020,21/02/2020,70.7200,4,0.20,-6.1880,17.4800
3326,88,1765,16/09/2020,25/09/2020,19.1360,4,0.20,5.9800,4.5840
3327,477,130,20/11/2020,06/12/2020,10.6880,2,0.20,3.7408,5.1440
3328,59,287,15/05/2020,12/06/2020,7.8300,3,0.00,3.6018,2.6100
3329,308,1532,24/01/2020,06/02/2020,655.9000,5,0.00,275.4780,131.1800
3330,26,1758,22/07/2020,05/08/2020,25.5000,3,0.00,6.6300,8.5000
3331,769,890,18/07/2020,14/08/2020,331.9600,2,0.00,149.3820,165.9800
3332,16,89,18/02/2020,29/02/2020,6.4800,1,0.00,3.1104,6.4800
3333,212,13,17/10/2020,24/10/2020,32.4000,5,0.00,15.5520,6.4800
3334,413,962,02/11/2020,01/12/2020,77.5200,2,0.00,37.9848,38.7600
3335,773,1308,27/07/2020,28/07/2020,7.8960,3,0.20,2.4675,2.4320
3336,683,1160,18/06/2020,17/07/2020,16.9000,5,0.00,6.2530,3.3800
3337,649,589,17/10/2020,04/11/2020,15.2800,2,0.00,7.4872,7.6400
3338,402,209,24/12/2020,09/01/2021,13.5840,1,0.20,1.3584,13.3840
3339,562,946,02/07/2020,28/07/2020,17.9400,3,0.00,8.6112,5.9800
3340,53,1147,30/09/2020,26/10/2020,195.6400,4,0.00,91.9508,48.9100
3341,633,307,15/08/2020,31/08/2020,2879.9520,6,0.20,1007.9832,479.7920
3342,193,1415,25/08/2020,29/08/2020,10.3320,3,0.70,-7.5768,2.7440
3343,154,1177,30/05/2020,06/06/2020,239.9000,2,0.00,71.9700,119.9500
3344,19,131,29/09/2020,15/10/2020,70.8800,2,0.00,33.3136,35.4400
3345,372,855,04/12/2020,21/12/2020,25.9200,4,0.00,12.4416,6.4800
3346,696,16,28/07/2020,07/08/2020,5.9360,7,0.80,-8.9040,0.0480
3347,540,442,23/01/2020,29/01/2020,127.8800,2,0.00,40.9216,63.9400
3348,676,129,07/01/2020,26/01/2020,30.4000,5,0.00,15.2000,6.0800
3349,513,9,04/09/2020,12/09/2020,18.5040,3,0.20,5.7825,5.9680
3350,475,1536,24/11/2020,07/12/2020,32.0880,7,0.20,11.2308,4.3840
3351,21,329,12/11/2020,06/12/2020,14.9700,1,0.00,4.1916,14.9700
3352,785,1441,26/04/2020,01/05/2020,212.1300,3,0.00,14.8491,70.7100
3353,529,821,01/11/2020,08/11/2020,3.5200,2,0.00,1.0208,1.7600
3354,73,68,14/03/2020,21/03/2020,189.7000,5,0.00,89.1590,37.9400
3355,440,1174,02/01/2020,19/01/2020,359.8800,3,0.20,22.4925,119.7600
3356,230,1488,11/06/2020,20/06/2020,25.9000,5,0.00,12.6910,5.1800
3357,106,1458,19/04/2020,23/04/2020,414.9600,2,0.00,124.4880,207.4800
3358,797,1544,29/02/2020,14/03/2020,12.6240,2,0.20,-2.5248,6.1120
3359,645,529,26/05/2020,28/05/2020,107.4240,9,0.20,33.5700,11.7360
3360,269,581,06/02/2020,11/02/2020,24.4240,1,0.20,7.9378,24.2240
3361,535,825,06/01/2020,28/01/2020,4.3120,2,0.80,-6.8992,1.3560
3362,731,1037,15/01/2020,11/02/2020,21.8400,3,0.00,10.4832,7.2800
3363,176,688,22/09/2020,03/10/2020,73.9800,2,0.00,19.9746,36.9900
3364,779,1144,23/06/2020,16/07/2020,120.5760,8,0.20,33.1584,14.8720
3365,308,79,27/03/2020,12/04/2020,17.8560,4,0.20,6.2496,4.2640
3366,170,196,05/10/2020,06/10/2020,369.5440,7,0.20,32.3351,52.5920
3367,5,1794,01/11/2020,18/11/2020,11.1760,1,0.20,0.8382,10.9760
3368,74,969,22/08/2020,05/09/2020,20.7360,4,0.20,7.2576,4.9840
3369,78,149,04/10/2020,24/10/2020,5.3040,3,0.20,0.4641,1.5680
3370,13,334,16/01/2020,09/02/2020,538.9200,9,0.00,80.8380,59.8800
3371,308,901,06/03/2020,23/03/2020,17.6160,4,0.70,-14.0928,3.7040
3372,270,1734,26/01/2020,31/01/2020,1478.2720,8,0.20,92.3920,184.5840
3373,317,401,02/05/2020,10/05/2020,140.7360,4,0.20,12.3144,34.9840
3374,219,154,16/08/2020,12/09/2020,71.8800,6,0.00,33.0648,11.9800
3375,723,152,16/09/2020,19/09/2020,29.9000,5,0.00,13.4550,5.9800
3376,535,1257,07/10/2020,27/10/2020,123.9200,5,0.20,9.2940,24.5840
3377,301,957,17/11/2020,19/11/2020,1089.7500,3,0.00,305.1300,363.2500
3378,162,1394,08/01/2020,21/01/2020,6.3680,2,0.20,2.1492,2.9840
3379,425,34,22/09/2020,18/10/2020,17.1200,4,0.00,7.7040,4.2800
3380,593,234,16/10/2020,29/10/2020,247.1040,6,0.20,-58.6872,40.9840
3381,73,477,04/08/2020,06/08/2020,78.1500,1,0.00,34.3860,78.1500
3382,13,1206,23/11/2020,15/12/2020,13.0800,2,0.00,6.0168,6.5400
3383,730,1522,24/04/2020,30/04/2020,10.0200,3,0.00,4.4088,3.3400
3384,151,34,07/11/2020,21/11/2020,35.4400,1,0.00,16.6568,35.4400
3385,9,1587,18/06/2020,05/07/2020,280.7820,3,0.40,-60.8361,93.1940
3386,205,129,02/11/2020,21/11/2020,11.6800,4,0.00,5.2560,2.9200
3387,303,1474,04/05/2020,14/05/2020,44.3840,1,0.20,15.5344,44.1840
3388,132,500,25/01/2020,02/02/2020,451.1520,3,0.20,0.0000,150.1840
3389,427,1654,17/11/2020,25/11/2020,14.3520,3,0.20,5.2026,4.5840
3390,615,1522,14/11/2020,09/12/2020,5.3440,4,0.60,-2.1376,0.7360
3391,565,418,04/09/2020,18/09/2020,277.4000,5,0.00,133.1520,55.4800
3392,125,4,11/12/2020,30/12/2020,957.5775,5,0.45,-383.0310,191.0655
3393,598,721,07/02/2020,26/02/2020,141.9000,5,0.00,58.1790,28.3800
3394,719,148,19/02/2020,29/02/2020,80.8800,6,0.00,21.0288,13.4800
3395,385,227,16/06/2020,12/07/2020,66.6880,1,0.20,4.1680,66.4880
3396,152,1401,29/09/2020,30/09/2020,31.0080,1,0.20,11.2404,30.8080
3397,369,616,25/09/2020,14/10/2020,1999.9600,5,0.20,624.9875,399.7920
3398,687,1183,23/11/2020,13/12/2020,19.9680,2,0.70,-13.3120,9.2840
3399,630,86,20/09/2020,29/09/2020,9.8560,4,0.20,3.4496,2.2640
3400,546,551,13/11/2020,10/12/2020,30.1440,2,0.20,3.0144,14.8720
3401,267,78,22/10/2020,06/11/2020,208.1600,1,0.00,56.2032,208.1600
3402,732,726,04/06/2020,10/06/2020,59.9040,2,0.20,14.2272,29.7520
3403,114,1695,29/04/2020,24/05/2020,5.4720,6,0.20,1.8468,0.7120
3404,744,798,17/11/2020,06/12/2020,6.2300,5,0.80,-9.6565,0.4460
3405,718,1642,05/04/2020,27/04/2020,15.8400,2,0.20,5.5440,7.7200
3406,98,930,22/07/2020,21/08/2020,71.0000,4,0.00,27.6900,17.7500
3407,422,377,20/07/2020,04/08/2020,56.5600,4,0.00,14.7056,14.1400
3408,60,1820,16/08/2020,29/08/2020,32.0640,3,0.60,-12.8256,10.0880
3409,294,476,23/09/2020,28/09/2020,283.9200,5,0.20,17.7450,56.5840
3410,446,464,23/11/2020,02/12/2020,132.5200,5,0.20,34.7865,26.3040
3411,195,149,04/01/2020,25/01/2020,10.6080,6,0.20,0.9282,1.5680
3412,671,866,02/06/2020,25/06/2020,242.9400,3,0.00,4.8588,80.9800
3413,293,1575,31/05/2020,30/06/2020,36.4400,4,0.00,12.0252,9.1100
3414,654,236,19/04/2020,03/05/2020,21.7280,4,0.20,3.8024,5.2320
3415,395,522,11/09/2020,27/09/2020,183.9600,5,0.20,20.6955,36.5920
3416,599,1203,08/01/2020,11/01/2020,294.6200,5,0.80,-766.0120,58.1240
3417,5,1066,15/07/2020,30/07/2020,273.9600,2,0.00,10.9584,136.9800
3418,697,926,22/11/2020,22/12/2020,18.4500,5,0.00,8.6715,3.6900
3419,150,1077,06/12/2020,11/12/2020,200.9700,3,0.00,50.2425,66.9900
3420,800,1304,06/03/2020,26/03/2020,320.6400,4,0.00,89.7792,80.1600
3421,54,129,27/03/2020,30/03/2020,11.3400,3,0.00,5.2164,3.7800
3422,68,837,14/12/2020,23/12/2020,251.5800,7,0.00,113.2110,35.9400
3423,216,199,01/01/2020,22/01/2020,26.0000,2,0.00,11.7000,13.0000
3424,385,224,18/07/2020,17/08/2020,31.9840,2,0.20,11.1944,15.7920
3425,416,786,06/07/2020,07/07/2020,17.1200,4,0.00,4.9648,4.2800
3426,633,1432,10/02/2020,10/03/2020,377.9700,3,0.00,98.2722,125.9900
3427,720,1536,11/02/2020,03/03/2020,22.9200,4,0.00,11.0016,5.7300
3428,626,1434,03/08/2020,05/08/2020,30.5280,8,0.20,9.5400,3.6160
3429,477,922,12/02/2020,19/02/2020,71.9700,3,0.00,16.5531,23.9900
3430,112,45,01/11/2020,23/11/2020,20.9520,3,0.20,7.0713,6.7840
3431,771,122,13/10/2020,22/10/2020,1441.3000,7,0.00,245.0210,205.9000
3432,382,1027,22/03/2020,31/03/2020,16.9100,1,0.00,4.5657,16.9100
3433,155,292,01/09/2020,30/09/2020,317.0580,3,0.30,-18.1176,105.3860
3434,176,1262,16/07/2020,22/07/2020,26.4900,1,0.00,7.4172,26.4900
3435,401,1214,30/09/2020,08/10/2020,11.9760,4,0.70,-9.1816,2.2940
3436,302,698,12/07/2020,03/08/2020,8.5590,1,0.70,-6.5619,7.8590
3437,104,716,02/01/2020,24/01/2020,539.9100,3,0.40,-116.9805,179.5700
3438,151,1504,02/09/2020,12/09/2020,32.4000,5,0.00,15.5520,6.4800
3439,385,489,11/11/2020,10/12/2020,51.7500,5,0.00,24.8400,10.3500
3440,709,850,23/01/2020,12/02/2020,853.9300,5,0.30,-24.3980,170.4860
3441,37,96,27/02/2020,24/03/2020,64.9000,5,0.00,18.8210,12.9800
3442,1,424,17/06/2020,06/07/2020,37.9400,2,0.00,18.2112,18.9700
3443,736,126,19/07/2020,28/07/2020,159.0400,5,0.60,-194.8240,31.2080
3444,742,1226,14/08/2020,09/09/2020,447.8600,7,0.00,210.4942,63.9800
3445,342,878,04/02/2020,12/02/2020,2575.9440,7,0.20,257.5944,367.7920
3446,241,635,22/10/2020,19/11/2020,87.2800,8,0.00,41.0216,10.9100
3447,154,247,07/11/2020,12/11/2020,362.9200,2,0.00,105.2468,181.4600
3448,207,616,06/03/2020,21/03/2020,1999.9600,4,0.00,899.9820,499.9900
3449,235,1508,26/06/2020,18/07/2020,464.9700,3,0.00,209.2365,154.9900
3450,673,589,19/02/2020,04/03/2020,7.6400,1,0.00,3.7436,7.6400
3451,431,966,01/12/2020,12/12/2020,521.9600,2,0.00,88.7332,260.9800
3452,165,681,05/03/2020,17/03/2020,32.4000,5,0.00,15.5520,6.4800
3453,680,906,03/09/2020,18/09/2020,199.7640,2,0.10,8.8784,99.7820
3454,460,914,11/02/2020,28/02/2020,209.7000,2,0.00,100.6560,104.8500
3455,759,473,20/11/2020,21/11/2020,54.7920,6,0.70,-40.1808,8.4320
3456,672,1713,20/02/2020,18/03/2020,161.5680,2,0.20,16.1568,80.5840
3457,281,708,27/09/2020,03/10/2020,8.9040,2,0.70,-6.5296,3.7520
3458,679,1056,18/11/2020,18/12/2020,201.5840,2,0.20,20.1584,100.5920
3459,416,1190,16/11/2020,13/12/2020,24.1800,2,0.00,7.2540,12.0900
3460,523,735,02/10/2020,26/10/2020,33.5520,1,0.20,12.5820,33.3520
3461,572,1291,23/11/2020,04/12/2020,60.0480,9,0.20,22.5180,6.4720
3462,422,1410,04/04/2020,08/04/2020,62.3520,6,0.20,-10.9116,10.1920
3463,280,82,20/08/2020,08/09/2020,200.9840,7,0.20,62.8075,28.5120
3464,146,1442,14/02/2020,26/02/2020,218.3760,3,0.20,-10.9188,72.5920
3465,701,1796,27/04/2020,04/05/2020,337.0880,4,0.20,16.8544,84.0720
3466,140,688,07/08/2020,24/08/2020,88.7760,3,0.20,7.7679,29.3920
3467,28,1461,12/04/2020,20/04/2020,56.3000,2,0.00,15.7640,28.1500
3468,3,326,04/11/2020,24/11/2020,70.6800,12,0.00,31.0992,5.8900
3469,170,396,10/04/2020,22/04/2020,145.7640,2,0.10,3.2392,72.7820
3470,106,1333,28/12/2020,18/01/2021,31.1040,6,0.20,10.8864,4.9840
3471,422,84,27/09/2020,02/10/2020,603.9200,5,0.20,-67.9410,120.5840
3472,555,1027,01/02/2020,25/02/2020,33.8200,2,0.00,9.1314,16.9100
3473,380,1106,29/11/2020,05/12/2020,8.5600,2,0.00,3.8520,4.2800
3474,501,1787,09/05/2020,30/05/2020,6.2640,3,0.20,2.0358,1.8880
3475,425,20,16/03/2020,10/04/2020,213.4800,3,0.20,16.0110,70.9600
3476,29,650,30/05/2020,08/06/2020,8.6400,3,0.00,2.4192,2.8800
3477,441,2,09/11/2020,21/11/2020,975.9200,5,0.20,121.9900,194.9840
3478,510,195,10/11/2020,01/12/2020,50.3520,3,0.20,-8.1822,16.5840
3479,757,369,24/06/2020,12/07/2020,70.9800,1,0.00,4.9686,70.9800
3480,131,633,24/11/2020,24/12/2020,149.9500,5,0.00,31.4895,29.9900
3481,303,23,06/09/2020,06/10/2020,25.8600,3,0.00,6.7236,8.6200
3482,196,1308,05/01/2020,21/01/2020,7.8960,3,0.20,2.4675,2.4320
3483,23,212,24/11/2020,14/12/2020,21.9800,1,0.00,0.2198,21.9800
3484,226,348,07/04/2020,13/04/2020,13.1400,9,0.80,-21.6810,0.6600
3485,368,328,30/05/2020,07/06/2020,31.9200,4,0.00,9.2568,7.9800
3486,308,24,15/08/2020,30/08/2020,71.3720,2,0.30,-1.0196,35.3860
3487,516,937,15/10/2020,26/10/2020,74.4500,5,0.00,20.1015,14.8900
3488,249,1004,01/11/2020,20/11/2020,33.8700,3,0.00,8.8062,11.2900
3489,692,624,06/06/2020,24/06/2020,674.0580,3,0.30,-19.2588,224.3860
3490,181,471,10/02/2020,09/03/2020,783.9600,5,0.20,78.3960,156.5920
3491,566,356,10/10/2020,17/10/2020,23.9680,2,0.20,2.3968,11.7840
3492,14,1100,31/01/2020,23/02/2020,1048.3500,5,0.40,-69.8900,209.2700
3493,582,90,27/12/2020,08/01/2021,12.9600,2,0.00,6.2208,6.4800
3494,34,411,03/11/2020,16/11/2020,51.3120,3,0.20,18.6006,16.9040
3495,20,917,05/04/2020,03/05/2020,20.8200,3,0.00,7.4952,6.9400
3496,697,656,25/01/2020,16/02/2020,110.5280,4,0.20,38.6848,27.4320
3497,529,1597,14/12/2020,17/12/2020,60.1200,9,0.00,28.8576,6.6800
3498,541,1462,05/12/2020,25/12/2020,29.1600,2,0.00,10.7892,14.5800
3499,733,1124,29/04/2020,23/05/2020,99.9800,2,0.00,42.9914,49.9900
3500,433,893,23/12/2020,14/01/2021,299.9700,3,0.00,56.9943,99.9900
3501,282,569,01/03/2020,30/03/2020,137.5400,2,0.00,55.0160,68.7700
3502,484,1064,17/08/2020,28/08/2020,8.9600,2,0.00,2.7776,4.4800
3503,582,1070,23/01/2020,18/02/2020,3.1680,2,0.20,-0.7128,1.3840
3504,336,1392,06/01/2020,11/01/2020,350.9730,3,0.10,152.0883,116.8910
3505,98,34,16/11/2020,08/12/2020,14.9400,3,0.00,7.0218,4.9800
3506,151,840,04/01/2020,18/01/2020,8.7200,4,0.00,2.8776,2.1800
3507,405,1130,25/09/2020,22/10/2020,850.5000,5,0.10,245.7000,170.0000
3508,523,72,27/01/2020,31/01/2020,181.9500,3,0.00,38.2095,60.6500
3509,209,1446,12/07/2020,04/08/2020,498.2600,7,0.00,134.5302,71.1800
3510,118,396,01/12/2020,29/12/2020,259.1360,4,0.20,-25.9136,64.5840
3511,344,168,15/12/2020,01/01/2021,194.5280,2,0.20,24.3160,97.0640
3512,430,681,09/09/2020,18/09/2020,38.8800,6,0.00,18.6624,6.4800
3513,301,522,25/03/2020,26/03/2020,183.9600,5,0.20,20.6955,36.5920
3514,269,1643,15/09/2020,26/09/2020,20.2400,1,0.00,8.7032,20.2400
3515,689,98,30/01/2020,05/02/2020,95.9760,3,0.20,-10.7973,31.7920
3516,23,632,03/02/2020,07/02/2020,177.4500,5,0.50,-78.0780,34.9900
3517,193,1384,07/11/2020,06/12/2020,20.7360,4,0.20,7.2576,4.9840
3518,56,1730,26/06/2020,23/07/2020,177.6800,2,0.00,46.1968,88.8400
3519,597,1360,10/11/2020,08/12/2020,15.0200,1,0.00,2.7036,15.0200
3520,314,127,13/01/2020,05/02/2020,79.9600,5,0.20,7.9960,15.7920
3521,210,191,05/07/2020,13/07/2020,22.7500,7,0.00,6.5975,3.2500
3522,505,840,08/05/2020,11/05/2020,6.5400,3,0.00,2.1582,2.1800
3523,281,149,03/08/2020,07/08/2020,10.6080,6,0.20,0.9282,1.5680
3524,519,366,12/01/2020,30/01/2020,31.5000,10,0.00,15.1200,3.1500
3525,316,58,08/12/2020,25/12/2020,36.4000,5,0.00,17.4720,7.2800
3526,489,1765,22/10/2020,30/10/2020,41.8600,7,0.00,18.8370,5.9800
3527,620,1187,09/03/2020,11/03/2020,33.9900,3,0.00,14.6157,11.3300
3528,457,325,30/10/2020,24/11/2020,2.7800,1,0.00,0.7228,2.7800
3529,208,423,16/08/2020,28/08/2020,44.7500,5,0.00,20.5850,8.9500
3530,687,154,19/11/2020,09/12/2020,4.4640,1,0.20,1.6740,4.2640
3531,413,663,28/10/2020,10/11/2020,271.7640,2,0.10,60.3920,135.7820
3532,743,906,03/10/2020,31/10/2020,155.3720,2,0.30,-35.5136,77.3860
3533,30,791,15/12/2020,26/12/2020,187.0560,9,0.20,11.6910,20.5840
3534,459,1544,08/05/2020,05/06/2020,7.8900,1,0.00,0.3156,7.8900
3535,4,808,17/05/2020,11/06/2020,40.8800,7,0.00,10.6288,5.8400
3536,354,737,05/02/2020,09/02/2020,147.5680,2,0.20,-3.6892,73.5840
3537,55,159,18/08/2020,02/09/2020,662.8800,3,0.20,74.5740,220.7600
3538,759,431,02/09/2020,12/09/2020,290.3520,3,0.20,-36.2940,96.5840
3539,573,300,19/08/2020,27/08/2020,899.1360,4,0.20,-146.1096,224.5840
3540,138,129,21/02/2020,09/03/2020,31.5600,5,0.20,9.8625,6.1120
3541,437,716,14/07/2020,04/08/2020,2399.6000,8,0.00,647.8920,299.9500
3542,33,1277,25/03/2020,07/04/2020,15.5520,3,0.20,5.4432,4.9840
3543,568,734,25/11/2020,17/12/2020,360.3800,2,0.00,93.6988,180.1900
3544,399,354,30/10/2020,01/11/2020,19.4400,3,0.00,9.3312,6.4800
3545,618,1022,19/10/2020,02/11/2020,123.9200,5,0.20,38.7250,24.5840
3546,220,17,29/11/2020,16/12/2020,443.9200,4,0.00,8.8784,110.9800
3547,292,466,30/03/2020,21/04/2020,136.2600,9,0.00,5.4504,15.1400
3548,761,761,30/10/2020,16/11/2020,42.6800,4,0.00,19.6328,10.6700
3549,296,1206,28/07/2020,08/08/2020,15.6960,3,0.20,5.1012,5.0320
3550,52,484,23/10/2020,11/11/2020,981.3720,2,0.30,-140.1960,490.3860
3551,464,1640,30/07/2020,04/08/2020,15.5520,3,0.20,5.4432,4.9840
3552,789,118,02/09/2020,03/09/2020,37.7600,1,0.00,10.5728,37.7600
3553,513,504,21/09/2020,14/10/2020,2.9200,1,0.20,0.3650,2.7200
3554,472,6,05/01/2020,21/01/2020,20.9400,3,0.00,6.0726,6.9800
3555,84,615,15/09/2020,03/10/2020,2.8800,5,0.80,-4.4640,-0.2240
3556,199,1260,21/01/2020,15/02/2020,54.8160,3,0.20,17.8152,18.0720
3557,421,78,20/03/2020,08/04/2020,208.1600,1,0.00,56.2032,208.1600
3558,306,1660,26/05/2020,06/06/2020,38.5200,9,0.00,18.1044,4.2800
3559,250,1823,15/09/2020,02/10/2020,53.3520,3,0.20,16.0056,17.5840
3560,675,368,08/12/2020,09/12/2020,387.1360,4,0.20,-14.5176,96.5840
3561,788,905,26/01/2020,09/02/2020,196.2100,7,0.00,98.1050,28.0300
3562,678,1541,11/09/2020,20/09/2020,11.5200,4,0.20,3.7440,2.6800
3563,797,456,02/04/2020,09/04/2020,21.1680,9,0.20,2.3814,2.1520
3564,483,854,11/01/2020,27/01/2020,164.2200,3,0.00,50.9082,54.7400
3565,624,1043,24/07/2020,29/07/2020,14.2000,4,0.00,6.6740,3.5500
3566,636,1274,13/03/2020,14/03/2020,499.9800,2,0.00,114.9954,249.9900
3567,125,723,13/02/2020,19/02/2020,845.7280,13,0.20,84.5728,64.8560
3568,753,1440,19/06/2020,27/06/2020,5.9520,1,0.20,0.3720,5.7520
3569,628,255,30/09/2020,08/10/2020,59.7120,6,0.20,5.9712,9.7520
3570,631,610,14/12/2020,02/01/2021,5.7800,1,0.00,2.8322,5.7800
3571,794,72,06/07/2020,25/07/2020,303.2500,5,0.00,63.6825,60.6500
3572,65,707,16/07/2020,10/08/2020,14.0880,3,0.20,4.9308,4.4960
3573,659,215,16/12/2020,20/12/2020,17.7600,2,0.00,8.8800,8.8800
3574,697,610,04/11/2020,30/11/2020,13.8720,3,0.20,5.0286,4.4240
3575,623,1158,29/10/2020,22/11/2020,3.7500,1,0.00,1.8000,3.7500
3576,456,1105,15/11/2020,29/11/2020,103.4810,1,0.30,-16.2613,103.1810
3577,30,263,25/02/2020,25/03/2020,384.5920,2,0.20,-81.7258,192.0960
3578,196,850,29/08/2020,24/09/2020,195.1840,1,0.20,19.5184,194.9840
3579,440,1428,27/06/2020,24/07/2020,177.5680,2,0.20,-37.7332,88.5840
3580,739,183,29/08/2020,11/09/2020,9.5520,3,0.20,1.5522,2.9840
3581,578,1201,14/09/2020,09/10/2020,5.3440,2,0.20,0.7348,2.4720
3582,147,338,20/01/2020,24/01/2020,29.7900,3,0.00,8.6391,9.9300
3583,675,623,23/03/2020,08/04/2020,77.7200,1,0.60,-66.0620,77.1200
3584,80,779,12/11/2020,04/12/2020,184.6600,7,0.00,84.9436,26.3800
3585,104,1318,03/03/2020,04/03/2020,431.9760,3,0.20,-75.5958,143.7920
3586,73,275,25/03/2020,17/04/2020,189.7000,10,0.00,91.0560,18.9700
3587,774,1712,07/09/2020,27/09/2020,55.5840,6,0.20,20.8440,9.0640
3588,261,465,05/12/2020,19/12/2020,1282.4100,5,0.10,213.7350,256.3820
3589,101,819,25/10/2020,31/10/2020,122.6880,9,0.20,39.8736,13.4320
3590,545,1692,25/07/2020,13/08/2020,48.5760,3,0.20,9.7152,15.9920
3591,288,1214,12/08/2020,09/09/2020,9.9800,5,0.80,-16.4670,1.1960
3592,771,247,19/07/2020,07/08/2020,580.6720,4,0.20,65.3256,144.9680
3593,188,358,11/12/2020,13/12/2020,57.5840,2,0.20,0.7198,28.5920
3594,306,1637,30/11/2020,15/12/2020,23.6160,8,0.20,7.9704,2.7520
3595,486,992,05/01/2020,26/01/2020,27.3600,3,0.70,-21.8880,8.4200
3596,221,1363,16/10/2020,24/10/2020,75.3840,9,0.60,-20.7306,7.7760
3597,174,1712,11/01/2020,19/01/2020,55.5840,6,0.20,20.8440,9.0640
3598,308,1767,12/03/2020,23/03/2020,17.9400,3,0.00,8.7906,5.9800
3599,717,1091,11/08/2020,02/09/2020,7.4200,2,0.00,3.7100,3.7100
3600,252,394,04/08/2020,27/08/2020,236.5000,10,0.00,68.5850,23.6500
3601,467,1134,18/09/2020,13/10/2020,10.3680,2,0.20,3.6288,4.9840
3602,771,1501,05/04/2020,24/04/2020,52.6800,3,0.20,19.7550,17.3600
3603,13,311,29/07/2020,26/08/2020,1.2400,1,0.00,0.5828,1.2400
3604,423,1118,09/09/2020,30/09/2020,144.9500,5,0.00,42.0355,28.9900
3605,361,937,07/08/2020,29/08/2020,14.8900,1,0.00,4.0203,14.8900
3606,390,522,18/12/2020,26/12/2020,73.5840,2,0.20,8.2782,36.5920
3607,14,1264,17/09/2020,05/10/2020,239.9760,3,0.20,26.9973,79.7920
3608,178,871,17/12/2020,04/01/2021,599.9000,10,0.00,191.9680,59.9900
3609,800,136,18/05/2020,23/05/2020,16.4640,7,0.20,1.4406,2.1520
3610,59,486,07/12/2020,20/12/2020,9.0200,2,0.00,3.5178,4.5100
3611,504,1078,25/11/2020,03/12/2020,49.4080,4,0.20,18.5280,12.1520
3612,415,640,08/10/2020,25/10/2020,15.9360,4,0.20,5.1792,3.7840
3613,303,875,25/12/2020,05/01/2021,12.8160,3,0.20,4.3254,4.0720
3614,306,1070,20/03/2020,18/04/2020,3.9600,2,0.00,0.0792,1.9800
3615,296,1239,27/06/2020,02/07/2020,20.9600,4,0.20,6.8120,5.0400
3616,97,910,25/07/2020,15/08/2020,62.9100,3,0.00,22.6476,20.9700
3617,521,758,31/01/2020,15/02/2020,123.9200,4,0.00,55.7640,30.9800
3618,616,1190,13/11/2020,13/12/2020,36.2700,3,0.00,10.8810,12.0900
3619,102,1361,08/07/2020,27/07/2020,2.5120,2,0.80,-4.3960,0.4560
3620,61,898,25/12/2020,22/01/2021,82.2600,3,0.00,33.7266,27.4200
3621,406,1192,25/08/2020,28/08/2020,5.1040,4,0.80,-8.6768,0.4760
3622,134,278,05/06/2020,10/06/2020,292.1000,4,0.50,-175.2600,72.5250
3623,771,1708,01/10/2020,03/10/2020,221.9800,2,0.00,62.1544,110.9900
3624,247,1199,11/11/2020,05/12/2020,512.1900,5,0.30,-65.8530,102.1380
3625,128,442,02/12/2020,16/12/2020,409.2160,8,0.20,61.3824,50.9520
3626,269,436,10/10/2020,14/10/2020,449.1500,5,0.00,8.9830,89.8300
3627,471,1083,04/11/2020,16/11/2020,148.2880,7,0.20,29.6576,20.9840
3628,416,1520,25/06/2020,09/07/2020,15.5100,1,0.00,3.8775,15.5100
3629,490,154,17/05/2020,15/06/2020,39.7600,7,0.00,18.6872,5.6800
3630,303,227,06/12/2020,21/12/2020,166.7200,2,0.00,41.6800,83.3600
3631,91,80,05/11/2020,25/11/2020,35.7600,12,0.00,10.0128,2.9800
3632,626,1339,10/04/2020,25/04/2020,27.9600,2,0.00,7.2696,13.9800
3633,730,825,03/07/2020,07/07/2020,22.6380,7,0.70,-16.6012,2.5340
3634,702,71,02/03/2020,05/03/2020,389.9700,3,0.00,35.0973,129.9900
3635,520,1501,03/08/2020,06/08/2020,52.6800,3,0.20,19.7550,17.3600
3636,252,1243,02/03/2020,08/03/2020,275.4900,1,0.50,-170.8038,274.9900
3637,693,519,22/11/2020,27/11/2020,1606.2300,9,0.00,481.8690,178.4700
3638,83,1649,17/03/2020,01/04/2020,842.9400,3,0.00,160.1586,280.9800
3639,84,359,26/04/2020,07/05/2020,9.5680,2,0.20,3.4684,4.5840
3640,372,734,18/11/2020,02/12/2020,540.5700,3,0.00,140.5482,180.1900
3641,789,153,06/10/2020,04/11/2020,67.9800,2,0.00,14.9556,33.9900
3642,592,1500,14/03/2020,02/04/2020,32.5440,2,0.20,-7.7292,16.0720
3643,186,360,25/07/2020,05/08/2020,71.6320,11,0.20,17.9080,6.3120
3644,202,454,27/02/2020,10/03/2020,95.1000,5,0.00,30.4320,19.0200
3645,611,807,19/07/2020,13/08/2020,139.9300,7,0.00,34.9825,19.9900
3646,299,1019,20/12/2020,31/12/2020,52.4160,9,0.20,15.0696,5.6240
3647,481,67,03/04/2020,06/04/2020,167.9680,4,0.20,62.9880,41.7920
3648,618,972,13/09/2020,06/10/2020,264.1800,7,0.00,68.6868,37.7400
3649,149,178,16/01/2020,21/01/2020,70.7200,4,0.20,-6.1880,17.4800
3650,431,1135,19/02/2020,28/02/2020,22.7840,1,0.20,4.8416,22.5840
3651,93,535,27/12/2020,22/01/2021,20.3200,5,0.20,3.5560,3.8640
3652,182,1570,21/06/2020,30/06/2020,434.6460,3,0.10,62.7822,144.7820
3653,300,247,05/07/2020,13/07/2020,544.3800,3,0.00,157.8702,181.4600
3654,621,1248,06/01/2020,12/01/2020,26.3360,4,0.20,9.2176,6.3840
3655,213,465,07/05/2020,05/06/2020,598.4580,3,0.30,-42.7470,199.1860
3656,24,535,31/03/2020,18/04/2020,15.2400,3,0.00,5.1816,5.0800
3657,34,1581,13/07/2020,03/08/2020,19.0080,3,0.20,6.8904,6.1360
3658,394,49,21/08/2020,22/08/2020,7.6440,4,0.70,-5.8604,1.2110
3659,578,1366,16/12/2020,22/12/2020,22.2300,1,0.00,9.7812,22.2300
3660,207,1219,06/01/2020,25/01/2020,47.9760,3,0.20,1.7991,15.7920
3661,542,1459,08/04/2020,20/04/2020,8.4000,5,0.00,0.3360,1.6800
3662,336,1377,02/08/2020,20/08/2020,2.9920,4,0.80,-4.4880,-0.0520
3663,298,300,10/06/2020,12/06/2020,899.1360,4,0.20,-146.1096,224.5840
3664,702,1231,11/04/2020,13/04/2020,1214.8500,3,0.00,352.3065,404.9500
3665,84,1721,13/10/2020,29/10/2020,28.8000,9,0.20,10.0800,3.0000
3666,375,227,18/11/2020,05/12/2020,66.6880,1,0.20,4.1680,66.4880
3667,257,896,06/10/2020,20/10/2020,494.9820,3,0.40,-115.4958,164.5940
3668,762,65,15/09/2020,30/09/2020,383.6070,7,0.10,63.9345,54.7010
3669,550,963,18/03/2020,31/03/2020,10.5840,7,0.20,-2.3814,1.3120
3670,349,504,21/05/2020,15/06/2020,5.8400,2,0.20,0.7300,2.7200
3671,425,250,14/09/2021,27/09/2021,6.3700,7,0.80,-9.5550,0.1100
3672,439,176,15/04/2021,19/04/2021,23.2000,2,0.20,1.4500,11.4000
3673,459,222,06/07/2021,25/07/2021,1007.2320,6,0.20,75.5424,167.6720
3674,597,1176,26/01/2021,10/02/2021,462.5640,2,0.10,97.6524,231.1820
3675,628,14,25/09/2021,03/10/2021,849.9500,5,0.00,390.9770,169.9900
3676,595,1354,08/10/2021,07/11/2021,69.5760,4,0.70,-143.7904,16.6940
3677,209,175,03/01/2021,19/01/2021,119.9600,4,0.00,33.5888,29.9900
3678,10,652,05/05/2021,06/05/2021,399.9800,2,0.00,171.9914,199.9900
3679,321,541,12/05/2021,10/06/2021,23.8400,4,0.20,3.2780,5.7600
3680,418,107,21/11/2021,10/12/2021,271.9680,4,0.20,54.3936,67.7920
3681,644,1196,06/01/2021,07/01/2021,20.9920,8,0.20,2.3616,2.4240
3682,313,742,03/10/2021,19/10/2021,511.5000,5,0.00,132.9900,102.3000
3683,744,250,08/05/2021,16/05/2021,36.4000,8,0.00,18.2000,4.5500
3684,276,1222,05/05/2021,19/05/2021,5.9040,2,0.20,1.9926,2.7520
3685,65,1685,01/05/2021,15/05/2021,96.0800,2,0.00,46.1184,48.0400
3686,230,69,04/06/2021,18/06/2021,18.4640,4,0.20,6.9240,4.4160
3687,794,781,24/05/2021,12/06/2021,197.9700,3,0.00,57.4113,65.9900
3688,788,205,02/03/2021,13/03/2021,11.1680,4,0.20,3.6296,2.5920
3689,171,807,12/05/2021,04/06/2021,139.9300,7,0.00,34.9825,19.9900
3690,329,575,16/02/2021,01/03/2021,191.9840,2,0.20,4.7996,95.7920
3691,87,375,29/12/2021,17/01/2022,24.4000,2,0.20,7.9300,12.0000
3692,254,381,23/05/2021,26/05/2021,28.7920,1,0.20,10.0772,28.5920
3693,20,381,22/11/2021,14/12/2021,43.1880,4,0.70,-31.6712,10.0970
3694,26,360,05/05/2021,25/05/2021,71.6320,11,0.20,17.9080,6.3120
3695,524,244,01/12/2021,02/12/2021,7.5600,6,0.00,0.3024,1.2600
3696,252,500,24/09/2021,22/10/2021,1522.6380,9,0.10,169.1820,169.0820
3697,755,1494,03/05/2021,23/05/2021,31.1200,4,0.00,0.3112,7.7800
3698,454,255,19/09/2021,09/10/2021,37.3200,3,0.00,10.4496,12.4400
3699,2,479,28/11/2021,11/12/2021,108.9600,3,0.00,32.6880,36.3200
3700,11,1311,01/08/2021,20/08/2021,19.5400,2,0.00,7.2298,9.7700
3701,732,1186,03/08/2021,30/08/2021,1071.0000,9,0.00,171.3600,119.0000
3702,30,706,05/10/2021,23/10/2021,70.0080,3,0.20,24.5028,23.1360
3703,205,483,16/06/2021,21/06/2021,32.0640,6,0.20,11.2224,5.1440
3704,563,1429,12/10/2021,25/10/2021,25.9200,4,0.00,12.4416,6.4800
3705,746,1100,24/07/2021,14/08/2021,1747.2500,5,0.00,629.0100,349.4500
3706,161,701,27/05/2021,08/06/2021,83.7600,12,0.00,1.6752,6.9800
3707,122,769,27/07/2021,19/08/2021,637.4400,8,0.20,135.4560,79.4800
3708,370,178,02/08/2021,30/08/2021,132.6000,6,0.00,17.2380,22.1000
3709,584,1217,19/06/2021,27/06/2021,119.9760,3,0.20,22.4955,39.7920
3710,261,716,10/06/2021,11/06/2021,479.9200,2,0.20,41.9930,239.7600
3711,375,1297,31/05/2021,04/06/2021,9.5400,3,0.00,4.3884,3.1800
3712,547,445,28/08/2021,20/09/2021,59.8080,3,0.20,19.4376,19.7360
3713,345,63,07/07/2021,17/07/2021,97.8200,2,0.00,45.9754,48.9100
3714,498,1285,10/04/2021,26/04/2021,2678.9400,6,0.00,241.1046,446.4900
3715,427,754,11/11/2021,30/11/2021,13.9840,2,0.20,4.7196,6.7920
3716,456,1268,22/05/2021,09/06/2021,21.7920,4,0.20,7.6272,5.2480
3717,525,1357,06/01/2021,08/01/2021,75.0000,3,0.00,18.0000,25.0000
3718,704,1420,12/01/2021,26/01/2021,59.9700,3,0.00,0.0000,19.9900
3719,481,1161,07/10/2021,28/10/2021,185.8800,6,0.00,83.6460,30.9800
3720,719,211,15/01/2021,17/01/2021,373.4700,5,0.40,-112.0410,74.2940
3721,435,1067,09/11/2021,05/12/2021,6.4800,1,0.00,3.1104,6.4800
3722,231,630,20/06/2021,17/07/2021,544.0080,3,0.20,40.8006,181.1360
3723,701,1151,27/04/2021,24/05/2021,24.9600,3,0.20,4.3680,8.1200
3724,125,178,23/10/2021,01/11/2021,66.3000,3,0.00,8.6190,22.1000
3725,762,396,14/02/2021,26/02/2021,129.5680,2,0.20,-12.9568,64.5840
3726,517,394,19/10/2021,17/11/2021,236.5000,10,0.00,68.5850,23.6500
3727,7,815,15/07/2021,05/08/2021,26.7000,2,0.00,7.4760,13.3500
3728,340,85,08/01/2021,22/01/2021,59.9700,3,0.00,20.3898,19.9900
3729,480,697,23/01/2021,10/02/2021,34.3700,7,0.00,16.8413,4.9100
3730,237,434,02/12/2021,07/12/2021,39.9600,4,0.00,10.3896,9.9900
3731,75,1406,23/09/2021,08/10/2021,259.9600,4,0.00,124.7808,64.9900
3732,748,847,19/05/2021,06/06/2021,10.1920,7,0.20,3.1850,1.2560
3733,71,1303,10/05/2021,31/05/2021,14.6240,2,0.20,5.1184,7.1120
3734,493,979,05/08/2021,18/08/2021,4.4700,3,0.80,-7.8225,0.6900
3735,544,1130,12/06/2021,28/06/2021,378.0000,2,0.00,136.0800,189.0000
3736,703,931,19/06/2021,26/06/2021,65.5200,5,0.10,12.3760,13.0040
3737,679,449,29/09/2021,03/10/2021,2.7400,1,0.00,0.7398,2.7400
3738,536,209,07/01/2021,27/01/2021,54.3360,4,0.20,5.4336,13.3840
3739,501,1247,06/03/2021,04/04/2021,15.5400,3,0.00,7.6146,5.1800
3740,3,1049,13/07/2021,26/07/2021,13.3440,2,0.20,1.0008,6.4720
3741,626,1452,11/01/2021,29/01/2021,25.9200,4,0.00,12.4416,6.4800
3742,474,1746,23/03/2021,26/03/2021,141.5520,3,0.20,-26.5410,46.9840
3743,362,1649,11/11/2021,25/11/2021,1685.8800,6,0.00,320.3172,280.9800
3744,391,1318,04/02/2021,19/02/2021,1619.9100,9,0.00,97.1946,179.9900
3745,778,1801,31/01/2021,12/02/2021,15.5520,3,0.20,5.4432,4.9840
3746,413,1791,30/11/2021,09/12/2021,11.8200,3,0.00,4.7280,3.9400
3747,664,492,26/03/2021,20/04/2021,48.0320,4,0.20,15.6104,11.8080
3748,411,1695,18/08/2021,11/09/2021,5.4720,6,0.20,1.8468,0.7120
3749,150,973,08/09/2021,20/09/2021,478.2400,8,0.00,219.9904,59.7800
3750,201,69,05/01/2021,08/01/2021,4.6160,1,0.20,1.7310,4.4160
3751,665,1804,02/01/2021,08/01/2021,5.9800,1,0.00,2.9302,5.9800
3752,709,969,19/01/2021,13/02/2021,45.3600,7,0.00,21.7728,6.4800
3753,395,575,05/10/2021,14/10/2021,359.9700,3,0.00,79.1934,119.9900
3754,456,891,11/08/2021,24/08/2021,48.6900,9,0.00,23.8581,5.4100
3755,221,1350,21/04/2021,23/04/2021,2.8800,1,0.00,1.4112,2.8800
3756,59,198,19/06/2021,11/07/2021,220.7760,3,0.20,-44.1552,73.3920
3757,701,1283,12/05/2021,15/05/2021,98.1120,7,0.20,18.3960,13.8160
3758,274,700,14/08/2021,08/09/2021,5.2290,3,0.70,-4.1832,1.0430
3759,103,506,27/02/2021,17/03/2021,25.7600,2,0.00,0.7728,12.8800
3760,278,1428,06/02/2021,27/02/2021,332.9400,3,0.00,9.9882,110.9800
3761,569,1518,13/04/2021,23/04/2021,47.0400,4,0.00,15.9936,11.7600
3762,748,740,16/05/2021,31/05/2021,3.1680,2,0.80,-4.7520,0.7840
3763,167,36,03/03/2021,04/03/2021,190.9200,5,0.60,-147.9630,37.5840
3764,490,833,23/09/2021,15/10/2021,257.9400,3,0.00,67.0644,85.9800
3765,699,398,18/07/2021,05/08/2021,2.9100,1,0.00,1.3677,2.9100
3766,209,639,01/03/2021,12/03/2021,1091.1680,4,0.20,68.1980,272.5920
3767,727,390,03/07/2021,10/07/2021,7.9680,2,0.20,2.8884,3.7840
3768,648,652,06/11/2021,10/11/2021,399.9800,2,0.00,171.9914,199.9900
3769,528,1607,19/11/2021,21/11/2021,165.6000,3,0.20,-6.2100,55.0000
3770,726,1544,20/01/2021,03/02/2021,18.9360,3,0.20,-3.7872,6.1120
3771,36,1699,16/08/2021,09/09/2021,44.7360,8,0.20,4.4736,5.3920
3772,679,986,07/12/2021,20/12/2021,71.9760,3,0.20,8.9970,23.7920
3773,614,244,17/01/2021,02/02/2021,2.5200,2,0.00,0.1008,1.2600
3774,761,95,19/01/2021,29/01/2021,222.3520,13,0.20,77.8232,16.9040
3775,411,1338,31/05/2021,26/06/2021,60.1440,6,0.20,20.2986,9.8240
3776,169,354,17/03/2021,14/04/2021,19.4400,3,0.00,9.3312,6.4800
3777,512,23,02/07/2021,15/07/2021,41.3760,6,0.20,3.1032,6.6960
3778,118,922,25/05/2021,31/05/2021,71.9700,3,0.00,16.5531,23.9900
3779,179,643,22/02/2021,01/03/2021,22.2300,1,0.00,7.3359,22.2300
3780,741,1747,28/02/2021,27/03/2021,102.5820,1,0.10,6.8388,102.4820
3781,124,1184,05/03/2021,23/03/2021,17.9400,3,0.00,3.0498,5.9800
3782,584,64,29/07/2021,05/08/2021,139.5800,7,0.00,39.0824,19.9400
3783,32,354,08/02/2021,07/03/2021,19.4400,3,0.00,9.3312,6.4800
3784,148,1631,20/12/2021,15/01/2022,94.4280,3,0.60,-42.4926,30.8760
3785,343,866,02/12/2021,14/12/2021,194.3520,3,0.20,-43.7292,64.5840
3786,466,1244,13/01/2021,20/01/2021,54.3680,4,0.20,4.0776,13.3920
3787,390,680,10/05/2021,07/06/2021,18.0600,7,0.00,4.6956,2.5800
3788,214,670,23/04/2021,28/04/2021,447.8600,7,0.00,219.4514,63.9800
3789,746,1665,09/03/2021,29/03/2021,110.3520,3,0.20,8.2764,36.5840
3790,9,1674,28/06/2021,27/07/2021,59.9900,7,0.00,21.5964,8.5700
3791,83,39,01/09/2021,04/09/2021,201.9600,2,0.00,50.4900,100.9800
3792,348,743,04/06/2021,28/06/2021,2.8080,3,0.70,-1.9656,0.2360
3793,590,463,25/12/2021,01/01/2022,91.9600,5,0.20,-20.6910,18.1920
3794,245,958,27/05/2021,20/06/2021,279.9000,5,0.00,137.1510,55.9800
3795,479,1402,17/05/2021,31/05/2021,25.9200,4,0.00,12.4416,6.4800
3796,665,769,24/09/2021,24/10/2021,717.1200,9,0.20,152.3880,79.4800
3797,783,966,10/01/2021,25/01/2021,652.4500,5,0.50,-430.6170,129.9900
3798,606,1291,17/01/2021,23/01/2021,33.3600,4,0.00,16.6800,8.3400
3799,714,773,28/10/2021,31/10/2021,28.7280,3,0.20,1.7955,9.3760
3800,122,392,20/04/2021,15/05/2021,73.3200,6,0.00,21.9960,12.2200
3801,144,1233,20/08/2021,16/09/2021,2003.9200,5,0.20,-25.0490,400.5840
3802,296,308,19/04/2021,25/04/2021,40.4100,9,0.00,18.5886,4.4900
3803,206,960,28/06/2021,09/07/2021,199.9800,2,0.00,53.9946,99.9900
3804,371,1840,23/02/2021,27/02/2021,207.1840,1,0.20,25.8980,206.9840
3805,484,945,26/04/2021,02/05/2021,10.6800,2,0.00,5.0196,5.3400
3806,626,1832,13/11/2021,01/12/2021,44.1000,6,0.00,20.7270,7.3500
3807,656,129,29/09/2021,25/10/2021,4.5120,3,0.20,0.8460,1.3040
3808,277,361,06/08/2021,10/08/2021,35.9100,3,0.00,9.6957,11.9700
3809,111,530,02/05/2021,08/05/2021,242.6240,8,0.20,27.2952,30.1280
3810,710,928,30/03/2021,06/04/2021,10.3680,2,0.20,3.6288,4.9840
3811,46,1205,30/07/2021,03/08/2021,46.3440,3,0.20,4.6344,15.2480
3812,111,1400,06/06/2021,24/06/2021,18.7040,7,0.20,2.3380,2.4720
3813,107,1421,03/03/2021,10/03/2021,15.8000,4,0.00,5.0560,3.9500
3814,395,606,16/01/2021,30/01/2021,11.2320,8,0.70,-8.2368,0.7040
3815,320,366,02/08/2021,25/08/2021,9.4500,3,0.00,4.5360,3.1500
3816,158,121,02/02/2021,20/02/2021,600.5580,3,0.30,-8.5794,199.8860
3817,262,508,01/12/2021,23/12/2021,18.0880,7,0.20,6.5569,2.3840
3818,557,243,20/05/2021,27/05/2021,17.5200,3,0.00,8.2344,5.8400
3819,277,1787,11/07/2021,13/07/2021,6.2640,3,0.20,2.0358,1.8880
3820,482,19,08/02/2021,13/02/2021,8.5600,2,0.00,2.4824,4.2800
3821,524,1264,09/02/2021,10/02/2021,319.9680,4,0.20,35.9964,79.7920
3822,564,329,15/07/2021,08/08/2021,14.9700,1,0.00,4.1916,14.9700
3823,746,893,14/08/2021,09/09/2021,424.9575,5,0.15,19.9980,84.8415
3824,429,626,21/12/2021,14/01/2022,38.8200,6,0.00,19.4100,6.4700
3825,773,719,31/05/2021,16/06/2021,171.2880,3,0.20,-6.4233,56.8960
3826,442,84,27/08/2021,18/09/2021,528.4300,5,0.30,-143.4310,105.3860
3827,667,10,16/11/2021,08/12/2021,22.9800,1,0.00,6.8940,22.9800
3828,784,556,19/08/2021,26/08/2021,335.7200,5,0.20,113.3055,66.9440
3829,7,583,05/11/2021,25/11/2021,43.3720,7,0.80,-69.3952,5.3960
3830,590,312,05/06/2021,26/06/2021,17.8560,4,0.20,1.1160,4.2640
3831,229,1119,20/01/2021,25/01/2021,89.5680,4,0.20,-1.1196,22.1920
3832,675,307,29/11/2021,26/12/2021,959.9840,2,0.20,335.9944,479.7920
3833,376,84,21/08/2021,07/09/2021,301.9600,2,0.00,33.2156,150.9800
3834,521,94,05/01/2021,28/01/2021,44.1280,4,0.20,12.1352,10.8320
3835,367,1327,03/04/2021,07/04/2021,826.1100,3,0.00,322.1829,275.3700
3836,762,491,02/05/2021,24/05/2021,15.5520,3,0.20,5.4432,4.9840
3837,569,684,07/10/2021,22/10/2021,30.0160,4,0.20,3.0016,7.3040
3838,782,570,09/02/2021,11/02/2021,487.9840,2,0.20,152.4950,243.7920
3839,334,899,20/12/2021,29/12/2021,675.0600,3,0.00,87.7578,225.0200
3840,76,393,04/11/2021,15/11/2021,194.9400,3,0.00,23.3928,64.9800
3841,629,693,04/09/2021,15/09/2021,1369.7640,6,0.70,-913.1760,227.5940
3842,474,1775,08/10/2021,20/10/2021,46.2400,4,0.20,15.6060,11.3600
3843,49,498,13/10/2021,23/10/2021,5.7920,2,0.80,-9.5568,2.0960
3844,726,1225,24/07/2021,09/08/2021,22.9600,7,0.00,6.6584,3.2800
3845,196,1019,20/03/2021,11/04/2021,29.1200,4,0.00,12.5216,7.2800
3846,469,374,29/08/2021,25/09/2021,11.6500,5,0.00,3.3785,2.3300
3847,210,1387,15/07/2021,02/08/2021,22.3860,7,0.80,-35.8176,2.3980
3848,661,1226,17/12/2021,18/12/2021,563.0240,11,0.20,190.0206,50.9840
3849,741,212,12/06/2021,03/07/2021,52.7520,3,0.20,-12.5286,17.3840
3850,565,833,12/01/2021,01/02/2021,300.9300,5,0.30,-34.3920,59.8860
3851,472,1564,09/07/2021,20/07/2021,439.9920,1,0.20,164.9970,439.7920
3852,3,1138,23/08/2021,05/09/2021,431.9760,4,0.40,-100.7944,107.5940
3853,554,1073,12/11/2021,14/11/2021,109.9200,2,0.00,53.8608,54.9600
3854,657,1038,14/03/2021,08/04/2021,71.9760,3,0.20,0.8997,23.7920
3855,682,710,26/03/2021,20/04/2021,36.6720,2,0.20,11.4600,18.1360
3856,376,603,30/06/2021,04/07/2021,44.8400,5,0.20,5.6050,8.7680
3857,740,610,09/01/2021,07/02/2021,9.2480,2,0.20,3.3524,4.4240
3858,315,1032,19/01/2021,05/02/2021,9.4500,3,0.00,4.5360,3.1500
3859,523,824,29/12/2021,27/01/2022,42.7840,7,0.20,15.5092,5.9120
3860,378,306,02/07/2021,14/07/2021,11.8800,2,0.00,5.3460,5.9400
3861,639,641,13/11/2021,25/11/2021,37.9400,2,0.00,18.2112,18.9700
3862,630,737,01/01/2021,02/01/2021,332.0280,9,0.60,-348.6294,36.2920
3863,411,625,15/07/2021,10/08/2021,19.1940,7,0.70,-12.7960,2.0420
3864,114,181,07/02/2021,27/02/2021,57.4080,6,0.20,5.7408,9.3680
3865,396,537,25/08/2021,29/08/2021,15.2400,5,0.20,5.1435,2.8480
3866,454,1051,15/10/2021,17/10/2021,13.9000,5,0.00,5.5600,2.7800
3867,389,364,13/10/2021,30/10/2021,1004.0240,7,0.20,-112.9527,143.2320
3868,608,1204,07/02/2021,21/02/2021,314.3520,3,0.20,-15.7176,104.5840
3869,313,1794,28/04/2021,23/05/2021,5.5880,2,0.80,-15.0876,1.9940
3870,750,1535,07/11/2021,15/11/2021,109.5920,1,0.20,8.2194,109.3920
3871,648,1402,13/03/2021,26/03/2021,19.4400,3,0.00,9.3312,6.4800
3872,471,773,15/03/2021,08/04/2021,1.7800,1,0.00,0.4984,1.7800
3873,381,917,07/07/2021,31/07/2021,38.8640,7,0.20,7.7728,5.3520
3874,351,848,22/11/2021,14/12/2021,428.6800,7,0.00,0.0000,61.2400
3875,517,313,16/04/2021,22/04/2021,7.9920,1,0.20,2.6973,7.7920
3876,555,1421,16/06/2021,01/07/2021,15.8000,5,0.20,2.3700,2.9600
3877,308,419,05/01/2021,26/01/2021,363.6480,4,0.20,-86.3664,90.7120
3878,574,849,25/09/2021,29/09/2021,801.6000,5,0.50,-448.8960,159.8200
3879,176,1133,22/12/2021,21/01/2022,62.9580,3,0.30,-2.6982,20.6860
3880,270,1153,25/04/2021,06/05/2021,12.9600,2,0.00,6.2208,6.4800
3881,268,1496,20/02/2021,03/03/2021,15.9360,4,0.20,5.1792,3.7840
3882,425,331,08/06/2021,27/06/2021,53.4240,3,0.20,4.6746,17.6080
3883,81,735,30/07/2021,15/08/2021,25.1640,2,0.70,-16.7760,11.8820
3884,477,1245,19/03/2021,30/03/2021,16.7400,3,0.00,4.8546,5.5800
3885,134,262,30/11/2021,07/12/2021,254.0580,7,0.70,-169.3720,35.5940
3886,523,378,20/10/2021,06/11/2021,32.7000,3,0.00,8.5020,10.9000
3887,136,1575,03/08/2021,23/08/2021,51.0160,7,0.20,8.2901,7.0880
3888,239,1135,25/11/2021,27/11/2021,22.7840,1,0.20,4.8416,22.5840
3889,679,1263,25/03/2021,26/03/2021,114.4600,2,0.00,28.6150,57.2300
3890,726,1418,22/03/2021,24/03/2021,64.3840,1,0.20,8.0480,64.1840
3891,735,1111,19/04/2021,17/05/2021,36.6000,3,0.00,15.3720,12.2000
3892,543,1298,10/02/2021,02/03/2021,13.0230,1,0.70,-10.4184,12.3230
3893,468,1454,21/09/2021,15/10/2021,15.5700,3,0.70,-11.9370,4.4900
3894,131,1378,05/01/2021,11/01/2021,26.6400,1,0.00,7.4592,26.6400
3895,779,618,03/10/2021,20/10/2021,4.1300,1,0.00,1.8998,4.1300
3896,257,1079,14/04/2021,21/04/2021,1.8100,1,0.00,0.6516,1.8100
3897,525,723,23/07/2021,29/07/2021,130.1120,2,0.20,13.0112,64.8560
3898,722,1017,07/10/2021,11/10/2021,24.9000,5,0.00,11.7030,4.9800
3899,657,40,26/01/2021,12/02/2021,1113.5040,12,0.20,125.2692,92.5920
3900,632,736,08/10/2021,09/10/2021,314.5320,2,0.40,-83.8752,156.8660
3901,315,255,18/02/2021,16/03/2021,9.9520,1,0.20,0.9952,9.7520
3902,209,1190,31/10/2021,24/11/2021,24.1800,2,0.00,7.2540,12.0900
3903,468,1160,12/06/2021,14/06/2021,3.3800,1,0.00,1.2506,3.3800
3904,80,23,25/04/2021,06/05/2021,77.5800,9,0.00,20.1708,8.6200
3905,35,1511,03/02/2021,05/03/2021,379.9600,5,0.20,47.4950,75.7920
3906,744,1539,20/11/2021,13/12/2021,6.0000,2,0.20,2.1000,2.8000
3907,460,425,28/06/2021,09/07/2021,95.7600,6,0.20,7.1820,15.7600
3908,755,749,24/08/2021,21/09/2021,63.5520,6,0.60,-34.9536,9.9920
3909,669,1661,16/11/2021,18/11/2021,1347.5200,8,0.20,84.2200,168.2400
3910,559,21,11/01/2021,01/02/2021,22.7200,4,0.20,7.3840,5.4800
3911,117,434,06/02/2021,08/02/2021,39.9600,4,0.00,10.3896,9.9900
3912,625,426,24/01/2021,31/01/2021,26.4600,9,0.00,11.9070,2.9400
3913,164,902,05/11/2021,30/11/2021,1.7520,1,0.20,0.1533,1.5520
3914,740,1078,21/11/2021,06/12/2021,18.5280,4,0.70,-12.3520,3.9320
3915,145,496,29/05/2021,22/06/2021,467.9700,3,0.00,140.3910,155.9900
3916,7,1131,03/01/2021,11/01/2021,87.9600,3,0.20,7.6965,29.1200
3917,487,307,03/06/2021,18/06/2021,1439.9760,4,0.40,191.9968,359.5940
3918,423,422,03/01/2021,14/01/2021,92.5200,6,0.00,24.9804,15.4200
3919,582,704,23/04/2021,22/05/2021,15.9200,5,0.20,2.7860,2.9840
3920,702,1445,01/11/2021,14/11/2021,10.4400,6,0.70,-7.6560,1.0400
3921,252,152,26/10/2021,16/11/2021,5.9800,1,0.00,2.6910,5.9800
3922,145,1203,26/05/2021,08/06/2021,294.6200,5,0.80,-766.0120,58.1240
3923,567,1560,13/04/2021,06/05/2021,17.2800,6,0.00,7.9488,2.8800
3924,282,502,28/12/2021,12/01/2022,8.8200,3,0.00,2.3814,2.9400
3925,475,4,06/08/2021,02/09/2021,1044.6300,5,0.40,-295.9785,208.5260
3926,287,1150,30/05/2021,25/06/2021,257.5680,2,0.20,-28.9764,128.5840
3927,641,299,27/12/2021,03/01/2022,67.7800,2,0.00,16.9450,33.8900
3928,691,251,02/04/2021,10/04/2021,30.8700,7,0.00,14.2002,4.4100
3929,444,333,24/02/2021,04/03/2021,9.2400,1,0.20,0.9240,9.0400
3930,496,1610,21/02/2021,14/03/2021,34.5040,2,0.60,-15.5268,16.6520
3931,653,1104,27/01/2021,05/02/2021,5.1840,1,0.20,1.8144,4.9840
3932,389,1544,21/11/2021,30/11/2021,15.7800,2,0.00,0.6312,7.8900
3933,213,626,26/12/2021,20/01/2022,15.5280,3,0.20,5.8230,4.9760
3934,194,1604,27/07/2021,05/08/2021,58.7300,7,0.00,14.6825,8.3900
3935,170,200,07/09/2021,01/10/2021,35.5200,3,0.20,13.3200,11.6400
3936,127,1803,09/07/2021,20/07/2021,5.8720,2,0.20,2.1286,2.7360
3937,570,491,05/08/2021,17/08/2021,58.3200,9,0.00,27.9936,6.4800
3938,472,164,09/12/2021,04/01/2022,166.4400,3,0.00,79.8912,55.4800
3939,387,1049,06/12/2021,28/12/2021,16.6800,2,0.00,4.3368,8.3400
3940,62,165,18/09/2021,10/10/2021,340.1440,7,0.20,21.2590,48.3920
3941,305,1091,29/04/2021,24/05/2021,7.4200,2,0.00,3.7100,3.7100
3942,270,266,18/12/2021,30/12/2021,895.9440,7,0.20,190.3881,127.7920
3943,192,798,18/09/2021,12/10/2021,9.3450,5,0.70,-6.5415,1.1690
3944,3,1412,05/12/2021,08/12/2021,683.1440,4,0.30,0.0000,170.4860
3945,675,1341,30/03/2021,02/04/2021,85.5200,2,0.00,22.2352,42.7600
3946,347,1708,15/03/2021,07/04/2021,221.9800,2,0.00,62.1544,110.9900
3947,487,333,22/08/2021,26/08/2021,23.1000,2,0.00,6.4680,11.5500
3948,521,153,12/08/2021,24/08/2021,54.3840,2,0.20,1.3596,26.9920
3949,60,300,17/04/2021,06/05/2021,1348.7040,6,0.20,-219.1644,224.5840
3950,595,1397,04/04/2021,01/05/2021,108.5760,3,0.20,8.1432,35.9920
3951,626,338,29/08/2021,09/09/2021,29.7900,3,0.00,8.6391,9.9300
3952,539,158,21/09/2021,25/09/2021,459.8800,4,0.00,13.7964,114.9700
3953,574,1777,19/06/2021,26/06/2021,6.2940,1,0.70,-4.1960,5.5940
3954,574,1645,14/06/2021,20/06/2021,34.6560,2,0.20,5.6316,17.1280
3955,523,324,02/06/2021,20/06/2021,144.7840,1,0.20,10.8588,144.5840
3956,402,164,07/04/2021,12/04/2021,110.9600,2,0.00,53.2608,55.4800
3957,45,410,09/11/2021,12/11/2021,159.9840,2,0.20,43.9956,79.7920
3958,470,280,26/05/2021,05/06/2021,6.5600,2,0.00,1.9024,3.2800
3959,534,436,25/02/2021,16/03/2021,215.5920,3,0.20,-48.5082,71.6640
3960,29,171,04/07/2021,16/07/2021,13.1200,5,0.20,3.7720,2.4240
3961,100,806,26/01/2021,08/02/2021,3.7620,3,0.70,-2.7588,0.5540
3962,557,1808,26/10/2021,10/11/2021,315.7760,8,0.20,31.5776,39.2720
3963,545,199,09/09/2021,16/09/2021,39.0000,3,0.00,17.5500,13.0000
3964,356,1614,09/08/2021,17/08/2021,135.9500,1,0.00,39.4255,135.9500
3965,88,1798,08/04/2021,16/04/2021,249.5840,2,0.20,15.5990,124.5920
3966,598,785,19/05/2021,23/05/2021,9.1560,3,0.80,-13.7340,2.2520
3967,357,334,17/12/2021,23/12/2021,538.9200,9,0.00,80.8380,59.8800
3968,292,1176,15/07/2021,02/08/2021,1079.3160,6,0.30,-15.4188,179.5860
3969,563,806,04/07/2021,30/07/2021,0.8360,1,0.80,-1.3376,0.0360
3970,21,1214,03/05/2021,10/05/2021,11.9760,4,0.70,-9.1816,2.2940
3971,568,879,26/08/2021,25/09/2021,39.9900,1,0.00,11.5971,39.9900
3972,57,115,23/10/2021,04/11/2021,787.5300,3,0.00,165.3813,262.5100
3973,127,58,16/03/2021,26/03/2021,11.6480,2,0.20,4.0768,5.6240
3974,292,907,10/05/2021,29/05/2021,63.9920,1,0.20,-7.1991,63.7920
3975,611,704,07/03/2021,15/03/2021,15.9200,4,0.00,5.4128,3.9800
3976,284,32,09/12/2021,12/12/2021,5.7150,5,0.70,-4.7625,0.4430
3977,574,1528,08/10/2021,07/11/2021,10.7500,5,0.00,3.5475,2.1500
3978,49,295,23/02/2021,21/03/2021,25.0600,7,0.00,12.5300,3.5800
3979,707,332,20/05/2021,04/06/2021,479.9700,3,0.00,163.1898,159.9900
3980,385,257,03/06/2021,09/06/2021,4.3680,7,0.70,-3.3488,-0.0760
3981,389,1470,13/05/2021,14/05/2021,171.9600,5,0.20,45.1395,34.1920
3982,388,595,04/07/2021,14/07/2021,1652.9400,3,0.00,231.4116,550.9800
3983,135,761,03/08/2021,06/08/2021,64.0200,6,0.00,29.4492,10.6700
3984,741,701,05/08/2021,25/08/2021,48.8600,7,0.00,0.9772,6.9800
3985,547,154,21/04/2021,11/05/2021,18.6880,2,0.20,7.0080,9.1440
3986,175,1695,09/05/2021,03/06/2021,1.8240,2,0.20,0.6156,0.7120
3987,312,1787,22/10/2021,14/11/2021,2.6100,1,0.00,1.2006,2.6100
3988,625,80,29/10/2021,19/11/2021,5.9600,2,0.00,1.6688,2.9800
3989,494,2,28/11/2021,21/12/2021,731.9400,3,0.00,219.5820,243.9800
3990,333,617,12/05/2021,05/06/2021,366.0090,3,0.30,-47.0583,121.7030
3991,659,763,16/03/2021,06/04/2021,7.7120,2,0.20,1.7352,3.6560
3992,231,124,09/07/2021,21/07/2021,69.7120,2,0.20,8.7140,34.6560
3993,466,469,15/05/2021,18/05/2021,858.2400,4,0.10,143.0400,214.4600
3994,21,672,01/07/2021,05/07/2021,11.5200,4,0.00,3.3408,2.8800
3995,749,1214,28/01/2021,06/02/2021,1.9960,1,0.80,-3.2934,1.1960
3996,649,549,08/10/2021,16/10/2021,10.3680,2,0.20,3.7584,4.9840
3997,313,77,02/06/2021,21/06/2021,38.6000,4,0.00,11.5800,9.6500
3998,506,592,16/09/2021,15/10/2021,8.9640,6,0.70,-6.5736,0.7940
3999,211,1070,23/01/2021,16/02/2021,3.1680,2,0.20,-0.7128,1.3840
4000,553,3,17/07/2021,25/07/2021,58.4800,8,0.00,27.4856,7.3100
4001,613,195,29/06/2021,07/07/2021,50.3520,3,0.20,-8.1822,16.5840
4002,720,786,10/01/2021,13/01/2021,23.9680,7,0.20,2.6964,3.2240
4003,516,34,10/05/2021,16/05/2021,49.1200,4,0.00,23.0864,12.2800
4004,165,670,01/11/2021,17/11/2021,102.3680,2,0.20,37.1084,50.9840
4005,492,1391,02/02/2021,18/02/2021,8.9520,2,0.80,-14.7708,3.6760
4006,445,1282,22/01/2021,08/02/2021,17.9400,3,0.00,8.7906,5.9800
4007,496,1496,23/03/2021,03/04/2021,15.9360,4,0.20,5.1792,3.7840
4008,727,1050,20/05/2021,16/06/2021,508.7040,6,0.20,0.0000,84.5840
4009,680,1040,13/07/2021,09/08/2021,3.9840,1,0.20,1.4442,3.7840
4010,183,1523,02/03/2021,06/03/2021,384.1740,7,0.10,29.8802,54.7820
4011,49,512,03/01/2021,18/01/2021,10.3680,2,0.20,3.6288,4.9840
4012,621,506,15/06/2021,20/06/2021,64.4000,5,0.00,1.9320,12.8800
4013,434,368,06/04/2021,10/04/2021,302.4500,5,0.50,-199.6170,59.9900
4014,158,141,07/07/2021,30/07/2021,384.4500,11,0.00,103.8015,34.9500
4015,519,1201,20/04/2021,26/04/2021,2.6720,1,0.20,0.3674,2.4720
4016,644,1066,08/11/2021,08/12/2021,219.1680,2,0.20,-43.8336,109.3840
4017,653,1113,15/10/2021,23/10/2021,20.8600,2,0.00,9.3870,10.4300
4018,579,520,18/06/2021,06/07/2021,274.8000,5,0.00,134.6520,54.9600
4019,503,1415,02/07/2021,03/07/2021,13.7760,6,0.80,-22.0416,1.4960
4020,582,154,10/12/2021,25/12/2021,4.4640,1,0.20,1.6740,4.2640
4021,468,492,10/02/2021,20/02/2021,4.5030,1,0.70,-3.6024,3.8030
4022,504,1219,19/07/2021,31/07/2021,59.9700,3,0.00,13.7931,19.9900
4023,745,1389,02/10/2021,14/10/2021,785.8800,6,0.00,212.1876,130.9800
4024,760,356,29/06/2021,30/06/2021,14.9800,1,0.00,4.1944,14.9800
4025,196,312,14/11/2021,18/11/2021,35.7120,8,0.20,2.2320,4.2640
4026,342,1567,12/06/2021,22/06/2021,11.5400,1,0.00,3.4620,11.5400
4027,661,1267,22/05/2021,28/05/2021,111.0000,2,0.00,14.4300,55.5000
4028,555,706,04/03/2021,18/03/2021,145.8500,5,0.00,70.0080,29.1700
4029,31,912,16/06/2021,22/06/2021,18.9000,3,0.00,8.6940,6.3000
4030,512,519,08/06/2021,04/07/2021,892.3500,5,0.00,267.7050,178.4700
4031,277,1098,05/04/2021,11/04/2021,2.2200,1,0.00,0.6660,2.2200
4032,484,538,08/03/2021,10/03/2021,304.2300,3,0.00,9.1269,101.4100
4033,608,177,19/02/2021,11/03/2021,5.7280,8,0.80,-9.1648,-0.0840
4034,323,520,12/07/2021,27/07/2021,131.9040,3,0.20,47.8152,43.7680
4035,160,975,24/04/2021,24/05/2021,337.9800,2,0.00,101.3940,168.9900
4036,332,1463,14/06/2021,03/07/2021,11.0900,1,0.00,5.4341,11.0900
4037,700,640,02/05/2021,07/05/2021,23.9040,6,0.20,7.7688,3.7840
4038,490,1352,06/01/2021,21/01/2021,47.7900,3,0.00,16.2486,15.9300
4039,252,566,24/05/2021,30/05/2021,62.2400,8,0.00,28.0080,7.7800
4040,488,1666,10/02/2021,06/03/2021,8.7360,3,0.60,-4.8048,2.3120
4041,236,791,17/10/2021,10/11/2021,127.3020,7,0.30,-9.0930,17.8860
4042,798,1274,07/04/2021,06/05/2021,2249.9100,9,0.00,517.4793,249.9900
4043,732,634,12/06/2021,13/06/2021,186.6900,3,0.00,87.7443,62.2300
4044,175,365,29/12/2021,12/01/2022,48.4000,5,0.00,23.2320,9.6800
4045,711,1453,15/08/2021,20/08/2021,68.6400,11,0.00,17.1600,6.2400
4046,447,1320,06/09/2021,29/09/2021,1349.9100,9,0.00,661.4559,149.9900
4047,88,324,14/08/2021,29/08/2021,144.7840,1,0.20,10.8588,144.5840
4048,347,1578,20/11/2021,21/11/2021,25.0600,2,0.00,11.7782,12.5300
4049,449,858,25/06/2021,04/07/2021,8.2600,2,0.00,3.8822,4.1300
4050,383,262,16/07/2021,17/07/2021,254.0580,7,0.70,-169.3720,35.5940
4051,713,1076,06/08/2021,03/09/2021,26.4000,5,0.00,12.6720,5.2800
4052,687,1592,06/06/2021,08/06/2021,29.3400,3,0.00,10.8558,9.7800
4053,105,656,29/03/2021,13/04/2021,20.7240,2,0.70,-15.1976,9.6620
4054,332,545,13/07/2021,23/07/2021,9.6400,2,0.00,4.4344,4.8200
4055,479,545,26/07/2021,04/08/2021,15.4240,4,0.20,5.0128,3.6560
4056,174,903,03/03/2021,07/03/2021,37.4400,6,0.00,16.8480,6.2400
4057,202,1510,27/09/2021,15/10/2021,65.5840,2,0.20,23.7742,32.5920
4058,713,816,28/02/2021,10/03/2021,328.7760,3,0.20,28.7679,109.3920
4059,376,462,17/12/2021,03/01/2022,3.1360,2,0.80,-4.7040,0.7680
4060,345,361,26/07/2021,13/08/2021,60.6900,7,0.00,16.3863,8.6700
4061,609,1461,20/08/2021,27/08/2021,56.3000,2,0.00,15.7640,28.1500
4062,5,778,13/06/2021,10/07/2021,25.9200,5,0.20,9.0720,4.9840
4063,303,912,22/02/2021,03/03/2021,56.7000,9,0.00,26.0820,6.3000
4064,139,1133,16/03/2021,23/03/2021,149.9000,5,0.00,40.4730,29.9800
4065,687,78,11/01/2021,03/02/2021,208.1600,1,0.00,56.2032,208.1600
4066,515,4,16/04/2021,05/05/2021,1044.6300,5,0.40,-295.9785,208.5260
4067,354,226,28/04/2021,29/04/2021,12.1320,9,0.60,-8.4924,0.7480
4068,42,52,10/12/2021,30/12/2021,269.9700,3,0.00,51.2943,89.9900
4069,621,1202,23/03/2021,03/04/2021,9.4200,2,0.00,0.4710,4.7100
4070,144,154,22/05/2021,10/06/2021,23.4720,3,0.20,8.8020,7.6240
4071,710,86,11/08/2021,19/08/2021,6.1600,2,0.00,2.9568,3.0800
4072,150,787,28/09/2021,08/10/2021,175.2300,11,0.00,61.3305,15.9300
4073,484,1032,25/11/2021,27/11/2021,5.0400,2,0.20,1.7640,2.3200
4074,240,1442,23/03/2021,31/03/2021,127.3860,2,0.30,-25.4772,63.3930
4075,587,351,27/09/2021,03/10/2021,18.6930,3,0.70,-14.3313,5.5310
4076,153,467,01/11/2021,09/11/2021,4663.7360,7,0.20,-1049.3406,666.0480
4077,208,777,04/09/2021,26/09/2021,41.3280,7,0.20,14.9814,5.7040
4078,110,700,01/12/2021,31/12/2021,23.2400,5,0.20,7.5530,4.4480
4079,776,1828,02/09/2021,10/09/2021,27.3600,4,0.00,7.3872,6.8400
4080,135,324,08/10/2021,30/10/2021,253.3720,2,0.30,-14.4784,126.3860
4081,39,743,24/10/2021,23/11/2021,14.9760,6,0.20,5.4288,2.2960
4082,723,1115,22/03/2021,10/04/2021,5.3400,2,0.00,1.4952,2.6700
4083,599,808,01/06/2021,07/06/2021,23.3600,4,0.00,6.0736,5.8400
4084,769,1046,09/11/2021,30/11/2021,13.4400,3,0.00,6.5856,4.4800
4085,549,938,30/06/2021,08/07/2021,677.5800,5,0.40,-158.1020,135.1160
4086,156,306,01/06/2021,18/06/2021,5.3460,3,0.70,-4.4550,1.0820
4087,447,620,19/09/2021,07/10/2021,258.6960,3,0.20,64.6740,86.0320
4088,369,1523,05/12/2021,11/12/2021,121.9600,2,0.00,20.7332,60.9800
4089,619,1368,06/03/2021,29/03/2021,601.4700,3,0.50,-300.7350,199.9900
4090,28,1794,08/03/2021,21/03/2021,11.1760,1,0.20,0.8382,10.9760
4091,626,695,27/09/2021,20/10/2021,115.2960,3,0.20,40.3536,38.2320
4092,478,927,19/01/2021,04/02/2021,122.1200,4,0.00,56.1752,30.5300
4093,676,542,08/06/2021,01/07/2021,209.5680,2,0.20,-23.5764,104.5840
4094,799,718,09/09/2021,04/10/2021,563.8080,4,0.20,21.1428,140.7520
4095,317,1780,28/06/2021,15/07/2021,216.4000,4,0.00,56.2640,54.1000
4096,27,1128,06/04/2021,24/04/2021,11.8080,4,0.20,3.9852,2.7520
4097,177,123,22/03/2021,11/04/2021,5.9700,5,0.70,-4.5770,0.4940
4098,108,181,19/06/2021,26/06/2021,38.2720,4,0.20,3.8272,9.3680
4099,72,434,01/02/2021,22/02/2021,15.9840,2,0.20,1.1988,7.7920
4100,571,1772,10/04/2021,30/04/2021,10.3320,3,0.60,-5.9409,2.8440
4101,293,444,03/08/2021,21/08/2021,33.9300,3,0.70,-22.6200,10.6100
4102,66,560,10/10/2021,01/11/2021,30.3600,5,0.20,8.7285,5.8720
4103,748,1560,03/02/2021,21/02/2021,14.4000,5,0.00,6.6240,2.8800
4104,571,408,27/11/2021,22/12/2021,2563.0560,8,0.10,313.2624,320.2820
4105,10,1551,20/04/2021,21/04/2021,37.1700,9,0.00,10.4076,4.1300
4106,727,85,27/06/2021,23/07/2021,19.9900,1,0.00,6.7966,19.9900
4107,613,262,10/12/2021,13/12/2021,96.7840,4,0.80,-145.1760,23.3960
4108,410,995,26/06/2021,06/07/2021,69.2800,2,0.00,33.2544,34.6400
4109,523,344,15/12/2021,06/01/2022,83.9760,3,0.20,-1.0497,27.7920
4110,700,584,12/12/2021,16/12/2021,139.9200,5,0.60,-150.4140,27.3840
4111,434,1793,30/09/2021,19/10/2021,1323.9000,5,0.00,383.9310,264.7800
4112,422,1148,10/11/2021,12/11/2021,128.4000,3,0.00,62.9160,42.8000
4113,271,862,11/10/2021,15/10/2021,340.1820,3,0.40,-73.7061,112.9940
4114,464,178,03/08/2021,02/09/2021,132.6000,6,0.00,17.2380,22.1000
4115,480,30,20/04/2021,05/05/2021,4.8960,3,0.20,1.6524,1.4320
4116,749,1549,23/11/2021,16/12/2021,102.2400,4,0.20,-16.6140,25.3600
4117,616,429,04/11/2021,01/12/2021,383.9520,6,0.20,76.7904,63.7920
4118,231,1398,14/03/2021,08/04/2021,574.9100,2,0.30,156.0470,287.1550
4119,330,34,21/10/2021,08/11/2021,70.9800,7,0.00,34.7802,10.1400
4120,269,1317,24/12/2021,22/01/2022,19.1360,4,0.20,6.9368,4.5840
4121,662,1154,23/03/2021,10/04/2021,195.6400,5,0.20,-44.0190,38.9280
4122,249,1539,06/09/2021,13/09/2021,18.7500,5,0.00,9.0000,3.7500
4123,639,1768,20/04/2021,11/05/2021,79.9600,5,0.20,-17.9910,15.7920
4124,550,1074,03/11/2021,29/11/2021,5.3440,1,0.20,1.8704,5.1440
4125,523,1184,07/06/2021,24/06/2021,17.9400,3,0.00,3.0498,5.9800
4126,378,1127,13/11/2021,21/11/2021,68.5200,3,0.00,31.5192,22.8400
4127,58,11,23/10/2021,02/11/2021,142.1820,1,0.40,-37.9152,141.7820
4128,192,455,12/08/2021,15/08/2021,19.8900,9,0.00,5.3703,2.2100
4129,316,114,06/05/2021,21/05/2021,27.1800,1,0.00,12.7746,27.1800
4130,473,852,18/10/2021,30/10/2021,39.9600,5,0.20,12.9870,7.7920
4131,675,250,17/08/2021,19/08/2021,10.9200,3,0.20,4.0950,3.4400
4132,244,853,23/10/2021,01/11/2021,35.4480,7,0.20,12.8499,4.8640
4133,459,1561,10/04/2021,26/04/2021,81.4000,5,0.00,21.1640,16.2800
4134,685,27,19/12/2021,27/12/2021,1497.6660,2,0.15,140.9568,748.6830
4135,666,810,11/10/2021,23/10/2021,368.9700,3,0.00,40.5867,122.9900
4136,372,1594,29/05/2021,13/06/2021,599.1650,5,0.15,35.2450,119.6830
4137,203,820,07/11/2021,15/11/2021,447.8400,4,0.00,98.5248,111.9600
4138,381,865,03/04/2021,05/04/2021,1.9440,3,0.70,-1.4256,-0.0520
4139,58,1399,05/12/2021,14/12/2021,22638.4800,6,0.50,-1811.0784,3772.5800
4140,730,1312,12/05/2021,05/06/2021,211.2480,6,0.20,15.8436,35.0080
4141,600,247,15/10/2021,01/11/2021,580.6720,4,0.20,65.3256,144.9680
4142,647,1763,18/02/2021,08/03/2021,212.8000,2,0.00,95.7600,106.4000
4143,685,805,16/08/2021,10/09/2021,25.9200,6,0.20,9.0720,4.1200
4144,784,1695,19/07/2021,13/08/2021,5.4720,6,0.20,1.8468,0.7120
4145,6,125,24/02/2021,11/03/2021,81.4240,2,0.20,-9.1602,40.5120
4146,201,761,05/07/2021,18/07/2021,64.0200,6,0.00,29.4492,10.6700
4147,337,917,30/10/2021,20/11/2021,27.7600,4,0.00,9.9936,6.9400
4148,691,1383,14/08/2021,30/08/2021,42.8100,3,0.00,20.1207,14.2700
4149,444,1084,02/08/2021,24/08/2021,532.7200,2,0.20,53.2720,266.1600
4150,315,411,22/04/2021,26/04/2021,4.2760,1,0.80,-6.6278,3.4760
4151,392,1485,27/04/2021,14/05/2021,421.3720,2,0.30,-6.0196,210.3860
4152,750,1625,29/03/2021,13/04/2021,15.8400,3,0.00,7.1280,5.2800
4153,154,1095,23/02/2021,20/03/2021,239.9700,3,0.00,86.3892,79.9900
4154,136,835,21/02/2021,22/02/2021,7.5600,3,0.20,2.6460,2.3200
4155,697,1082,16/08/2021,28/08/2021,34.7500,5,0.00,15.6375,6.9500
4156,198,1413,06/12/2021,14/12/2021,184.7040,6,0.20,13.8528,30.5840
4157,197,797,03/09/2021,19/09/2021,2.5560,3,0.70,-1.7892,0.1520
4158,792,492,15/02/2021,17/02/2021,4.5030,1,0.70,-3.6024,3.8030
4159,280,1744,22/09/2021,24/09/2021,55.9840,2,0.20,4.1988,27.7920
4160,362,1002,10/02/2021,02/03/2021,6.4800,1,0.00,3.1104,6.4800
4161,217,126,04/04/2021,01/05/2021,159.0400,5,0.60,-194.8240,31.2080
4162,350,906,10/12/2021,08/01/2022,155.3720,2,0.30,-35.5136,77.3860
4163,455,1523,15/05/2021,05/06/2021,146.3520,3,0.20,-5.4882,48.5840
4164,683,1596,05/08/2021,02/09/2021,20.1200,2,0.00,9.2552,10.0600
4165,324,129,19/09/2021,13/10/2021,3.0080,2,0.20,0.5640,1.3040
4166,690,211,07/08/2021,28/08/2021,1618.3700,13,0.00,356.0414,124.4900
4167,388,774,14/02/2021,11/03/2021,1352.0320,4,0.20,84.5020,337.8080
4168,526,1315,28/06/2021,26/07/2021,61.1200,5,0.20,22.1560,12.0240
4169,756,751,12/05/2021,16/05/2021,45.3600,4,0.00,22.2264,11.3400
4170,628,265,17/05/2021,31/05/2021,14.4500,5,0.00,6.7915,2.8900
4171,494,906,22/01/2021,18/02/2021,199.7640,2,0.10,8.8784,99.7820
4172,89,396,06/03/2021,02/04/2021,113.3720,2,0.30,-29.1528,56.3860
4173,194,793,17/09/2021,19/09/2021,6.7200,2,0.20,2.4360,3.1600
4174,513,591,19/07/2021,25/07/2021,199.9800,2,0.00,75.9924,99.9900
4175,613,987,12/03/2021,27/03/2021,2.7800,1,0.00,1.3622,2.7800
4176,15,1632,13/03/2021,22/03/2021,12.9600,2,0.00,6.3504,6.4800
4177,3,968,27/03/2021,02/04/2021,8.6080,2,0.20,3.0128,4.1040
4178,537,1108,07/05/2021,21/05/2021,241.9600,2,0.00,33.8744,120.9800
4179,793,489,01/04/2021,25/04/2021,51.7500,5,0.00,24.8400,10.3500
4180,240,212,22/01/2021,23/01/2021,87.9200,4,0.00,0.8792,21.9800
4181,269,484,11/07/2021,28/07/2021,981.3720,2,0.30,-140.1960,490.3860
4182,269,419,05/04/2021,09/04/2021,272.7360,3,0.20,-64.7748,90.7120
4183,536,723,01/04/2021,04/04/2021,487.9200,6,0.00,136.6176,81.3200
4184,756,1661,26/02/2021,08/03/2021,421.1000,2,0.00,105.2750,210.5500
4185,340,1583,27/05/2021,05/06/2021,17.5840,7,0.20,-4.1762,2.3120
4186,447,1209,26/01/2021,06/02/2021,28.7520,3,0.20,10.0632,9.3840
4187,615,1810,25/08/2021,05/09/2021,29.9250,5,0.70,-21.9450,5.2850
4188,627,1263,08/11/2021,01/12/2021,286.1500,5,0.00,71.5375,57.2300
4189,276,978,29/07/2021,08/08/2021,158.3760,3,0.20,13.8579,52.5920
4190,679,481,08/10/2021,12/10/2021,82.6400,2,0.00,7.4376,41.3200
4191,179,521,06/08/2021,26/08/2021,3.2820,2,0.70,-2.6256,0.9410
4192,537,1015,09/08/2021,24/08/2021,6.9000,3,0.80,-12.0750,1.5000
4193,253,1334,21/06/2021,29/06/2021,8.9200,4,0.00,3.9248,2.2300
4194,556,95,21/08/2021,15/09/2021,222.3520,13,0.20,77.8232,16.9040
4195,693,1742,17/02/2021,06/03/2021,50.1360,3,0.20,-11.2806,16.5120
4196,649,86,30/04/2021,24/05/2021,3.0800,1,0.00,1.4784,3.0800
4197,369,995,17/07/2021,31/07/2021,138.5600,4,0.00,66.5088,34.6400
4198,432,1339,13/05/2021,31/05/2021,27.9600,2,0.00,7.2696,13.9800
4199,432,1473,29/01/2021,16/02/2021,383.9600,5,0.20,38.3960,76.5920
4200,119,1116,28/10/2021,06/11/2021,65.5840,2,0.20,23.7742,32.5920
4201,373,1170,30/04/2021,13/05/2021,18.9600,2,0.00,8.5320,9.4800
4202,215,1379,19/06/2021,13/07/2021,9.2400,3,0.00,2.9568,3.0800
4203,430,345,17/01/2021,24/01/2021,241.1700,2,0.70,-168.8190,119.8850
4204,717,16,25/07/2021,28/07/2021,2.5440,3,0.80,-3.8160,0.0480
4205,507,676,05/08/2021,21/08/2021,22.7200,4,0.00,6.5888,5.6800
4206,211,335,25/07/2021,23/08/2021,92.9400,3,0.00,41.8230,30.9800
4207,61,547,27/07/2021,16/08/2021,826.0000,5,0.00,214.7600,165.2000
4208,29,208,25/03/2021,19/04/2021,479.9880,4,0.70,-383.9904,119.2970
4209,746,658,01/06/2021,28/06/2021,159.9800,2,0.00,47.9940,79.9900
4210,439,124,22/03/2021,28/03/2021,243.9920,7,0.20,30.4990,34.6560
4211,93,974,24/12/2021,14/01/2022,25.1600,2,0.00,8.5544,12.5800
4212,751,1603,14/01/2021,06/02/2021,39.9200,4,0.00,11.1776,9.9800
4213,236,205,04/06/2021,04/07/2021,16.7520,6,0.20,5.4444,2.5920
4214,495,1557,08/03/2021,21/03/2021,21.3600,8,0.00,8.1168,2.6700
4215,417,1317,01/04/2021,09/04/2021,19.1360,4,0.20,6.9368,4.5840
4216,47,1116,30/09/2021,23/10/2021,229.5440,7,0.20,83.2097,32.5920
4217,552,1500,15/11/2021,06/12/2021,40.6800,2,0.00,0.4068,20.3400
4218,62,12,27/09/2021,19/10/2021,284.8200,1,0.00,74.0532,284.8200
4219,734,463,26/01/2021,20/02/2021,128.7440,7,0.20,-28.9674,18.1920
4220,260,399,09/04/2021,07/05/2021,47.6160,3,0.20,3.5712,15.6720
4221,277,1528,26/07/2021,19/08/2021,3.4400,2,0.20,0.5590,1.5200
4222,696,423,20/02/2021,03/03/2021,44.7500,5,0.00,20.5850,8.9500
4223,746,116,21/06/2021,30/06/2021,157.7940,1,0.70,-115.7156,157.0940
4224,410,200,06/04/2021,17/04/2021,59.2000,5,0.20,22.2000,11.6400
4225,651,107,25/06/2021,28/06/2021,254.9700,3,0.00,91.7892,84.9900
4226,333,1449,09/02/2021,25/02/2021,11.3760,3,0.60,-5.6880,3.1920
4227,77,1031,18/05/2021,03/06/2021,15.8720,1,0.20,1.9840,15.6720
4228,454,813,15/07/2021,14/08/2021,5.0400,2,0.20,1.7640,2.3200
4229,785,1372,15/12/2021,31/12/2021,95.1440,7,0.20,10.7037,13.3920
4230,657,1220,06/01/2021,21/01/2021,217.5840,2,0.20,19.0386,108.5920
4231,722,1058,13/03/2021,19/03/2021,29.7900,3,0.00,12.5118,9.9300
4232,259,328,31/03/2021,18/04/2021,5.8880,2,0.20,-1.3248,2.7440
4233,216,215,18/05/2021,13/06/2021,17.7600,2,0.00,8.8800,8.8800
4234,573,1487,03/06/2021,13/06/2021,1471.9600,5,0.20,459.9875,294.1920
4235,751,1317,25/04/2021,09/05/2021,17.9400,3,0.00,8.7906,5.9800
4236,606,1511,30/08/2021,05/09/2021,227.9760,3,0.20,28.4970,75.7920
4237,583,719,04/08/2021,31/08/2021,99.9180,2,0.30,-18.5562,49.6590
4238,74,822,13/09/2021,08/10/2021,58.5800,2,0.00,19.3314,29.2900
4239,557,613,27/01/2021,07/02/2021,30.9600,2,0.20,10.0620,15.2800
4240,460,205,24/09/2021,09/10/2021,13.9600,4,0.00,6.4216,3.4900
4241,5,174,21/06/2021,17/07/2021,503.9600,4,0.00,131.0296,125.9900
4242,131,45,06/06/2021,08/06/2021,10.4760,6,0.80,-17.2854,0.9460
4243,420,15,25/02/2021,13/03/2021,68.8100,5,0.80,-123.8580,12.9620
4244,661,1387,09/03/2021,17/03/2021,63.9600,4,0.00,30.7008,15.9900
4245,184,328,13/08/2021,03/09/2021,63.8400,8,0.00,18.5136,7.9800
4246,325,1093,31/12/2021,13/01/2022,723.9200,5,0.20,-81.4410,144.5840
4247,552,495,07/10/2021,31/10/2021,5.9400,3,0.00,0.0000,1.9800
4248,257,292,07/02/2021,09/03/2021,603.9200,5,0.20,45.2940,120.5840
4249,304,650,10/06/2021,13/06/2021,6.9120,3,0.20,0.6912,2.1040
4250,390,1240,17/12/2021,15/01/2022,94.9200,4,0.40,15.8200,23.3300
4251,734,1241,25/12/2021,14/01/2022,22.1400,3,0.00,6.4206,7.3800
4252,792,1085,23/02/2021,05/03/2021,99.2800,2,0.20,12.4100,49.4400
4253,725,237,11/05/2021,06/06/2021,295.4000,5,0.20,-62.7725,58.8800
4254,78,233,12/12/2021,21/12/2021,180.9600,2,0.00,81.4320,90.4800
4255,203,1285,15/05/2021,26/05/2021,1071.5760,4,0.40,-553.6476,267.4940
4256,711,1107,13/03/2021,20/03/2021,286.4000,1,0.20,25.0600,286.2000
4257,87,308,29/09/2021,28/10/2021,17.9600,4,0.00,8.2616,4.4900
4258,570,936,23/06/2021,01/07/2021,663.0720,6,0.20,-165.7680,110.3120
4259,502,856,20/10/2021,31/10/2021,12.7680,2,0.20,0.9576,6.1840
4260,335,79,10/06/2021,06/07/2021,31.2480,7,0.20,10.9368,4.2640
4261,248,948,20/12/2021,02/01/2022,105.5200,5,0.20,34.2940,20.9040
4262,475,1555,17/01/2021,31/01/2021,153.8240,11,0.20,38.4560,13.7840
4263,753,1724,29/04/2021,28/05/2021,123.0880,7,0.20,40.0036,17.3840
4264,18,995,26/06/2021,07/07/2021,41.5680,6,0.80,-66.5088,6.1280
4265,258,1226,09/10/2021,30/10/2021,153.5520,3,0.20,51.8238,50.9840
4266,754,411,05/07/2021,06/07/2021,19.2420,3,0.70,-13.4694,5.7140
4267,464,1107,09/06/2021,01/07/2021,1432.0000,5,0.20,125.3000,286.2000
4268,176,729,27/11/2021,30/11/2021,49.5300,3,0.00,23.7744,16.5100
4269,615,803,15/09/2021,03/10/2021,1.4480,1,0.20,0.2353,1.2480
4270,355,35,31/05/2021,03/06/2021,235.1880,2,0.40,-43.1178,117.1940
4271,231,801,07/09/2021,17/09/2021,13.0200,7,0.00,0.3906,1.8600
4272,14,703,28/11/2021,05/12/2021,4.5400,1,0.00,2.0430,4.5400
4273,356,393,13/04/2021,27/04/2021,194.9400,3,0.00,23.3928,64.9800
4274,711,678,10/05/2021,26/05/2021,30.5600,5,0.60,-19.8640,5.5120
4275,699,363,19/10/2021,16/11/2021,21.7200,4,0.00,10.6428,5.4300
4276,750,245,03/01/2021,01/02/2021,46.5100,1,0.00,1.8604,46.5100
4277,464,998,27/07/2021,16/08/2021,6.8480,2,0.20,0.5992,3.2240
4278,791,1211,30/09/2021,26/10/2021,31.6800,6,0.00,9.8208,5.2800
4279,214,1333,27/05/2021,22/06/2021,32.4000,5,0.00,15.5520,6.4800
4280,663,364,07/10/2021,14/10/2021,215.1480,2,0.40,-103.9882,107.1740
4281,675,381,23/01/2021,12/02/2021,172.7520,6,0.20,60.4632,28.5920
4282,159,1277,20/07/2021,12/08/2021,12.9600,2,0.00,6.2208,6.4800
4283,546,544,17/02/2021,08/03/2021,203.8800,5,0.20,20.3880,40.5760
4284,602,977,20/08/2021,21/08/2021,60.6720,2,0.20,14.4096,30.1360
4285,770,1732,21/10/2021,09/11/2021,14.2800,4,0.00,3.7128,3.5700
4286,113,379,04/01/2021,10/01/2021,1212.9600,8,0.30,-69.3120,151.3200
4287,588,1087,17/06/2021,03/07/2021,13.6160,2,0.20,3.5742,6.6080
4288,92,361,01/01/2021,19/01/2021,20.8080,3,0.20,1.8207,6.7360
4289,689,224,05/07/2021,29/07/2021,59.9700,3,0.00,28.7856,19.9900
4290,368,401,22/01/2021,08/02/2021,219.9000,5,0.00,59.3730,43.9800
4291,142,81,26/11/2021,23/12/2021,21.3900,1,0.00,6.2031,21.3900
4292,475,115,12/04/2021,17/04/2021,472.5180,3,0.40,-149.6307,157.1060
4293,765,251,04/08/2021,26/08/2021,10.5840,3,0.20,3.4398,3.3280
4294,460,1674,01/09/2021,08/09/2021,25.7100,3,0.00,9.2556,8.5700
4295,461,261,20/04/2021,26/04/2021,36.2880,7,0.20,12.7008,4.9840
4296,266,1135,14/12/2021,01/01/2022,85.4400,3,0.00,31.6128,28.4800
4297,398,1820,07/12/2021,23/12/2021,32.0640,3,0.60,-12.8256,10.0880
4298,121,603,21/04/2021,09/05/2021,44.8400,5,0.20,5.6050,8.7680
4299,202,352,28/01/2021,15/02/2021,37.8960,4,0.70,-29.0536,8.7740
4300,661,749,31/01/2021,28/02/2021,63.5520,6,0.60,-34.9536,9.9920
4301,689,1681,06/02/2021,07/03/2021,117.5760,3,0.20,11.7576,38.9920
4302,567,38,17/02/2021,03/03/2021,913.4300,5,0.30,-52.1960,182.3860
4303,66,549,10/11/2021,11/11/2021,15.5520,3,0.20,5.6376,4.9840
4304,4,1468,21/02/2021,17/03/2021,44.7840,2,0.20,4.4784,22.1920
4305,302,1013,08/11/2021,09/11/2021,502.4880,3,0.20,-87.9354,167.2960
4306,548,1424,06/03/2021,07/03/2021,30.9300,1,0.00,12.6813,30.9300
4307,107,884,27/09/2021,26/10/2021,1399.9800,2,0.00,629.9910,699.9900
4308,111,185,24/05/2021,26/05/2021,6.0480,3,0.20,1.5876,1.8160
4309,791,860,13/04/2021,22/04/2021,5.7800,2,0.00,2.7166,2.8900
4310,704,795,04/09/2021,27/09/2021,5.5800,1,0.00,2.1762,5.5800
4311,503,966,24/11/2021,05/12/2021,913.4300,5,0.30,-169.6370,182.3860
4312,569,1661,21/02/2021,16/03/2021,1347.5200,8,0.20,84.2200,168.2400
4313,786,391,20/04/2021,02/05/2021,215.5440,4,0.30,-58.5048,53.5860
4314,540,1105,24/07/2021,19/08/2021,591.3200,4,0.00,112.3508,147.8300
4315,685,1485,01/12/2021,26/12/2021,1474.8020,7,0.30,-21.0686,210.3860
4316,325,1484,22/05/2021,26/05/2021,135.9840,2,0.20,16.9980,67.7920
4317,737,1042,10/08/2021,30/08/2021,76.6400,2,0.20,26.8240,38.1200
4318,518,414,14/11/2021,15/11/2021,231.7200,2,0.00,11.5860,115.8600
4319,599,1040,10/09/2021,26/09/2021,7.9680,2,0.20,2.8884,3.7840
4320,731,346,08/10/2021,29/10/2021,2.9600,1,0.20,0.7770,2.7600
4321,115,799,05/06/2021,10/06/2021,86.0580,7,0.70,-63.1092,11.5940
4322,371,1066,02/04/2021,26/04/2021,219.1680,2,0.20,-43.8336,109.3840
4323,539,286,26/05/2021,12/06/2021,22.8480,3,0.60,-17.7072,7.0160
4324,435,798,06/11/2021,21/11/2021,18.6900,3,0.00,9.1581,6.2300
4325,688,427,02/07/2021,11/07/2021,563.4000,4,0.00,67.6080,140.8500
4326,328,657,24/06/2021,03/07/2021,733.9500,7,0.00,352.2960,104.8500
4327,485,288,19/12/2021,22/12/2021,145.9000,5,0.00,62.7370,29.1800
4328,182,282,03/08/2021,14/08/2021,144.6000,3,0.00,41.9340,48.2000
4329,286,773,29/04/2021,07/05/2021,7.5800,1,0.00,2.9562,7.5800
4330,468,1326,10/03/2021,19/03/2021,291.1000,5,0.00,75.6860,58.2200
4331,736,189,01/10/2021,21/10/2021,27.1800,3,0.00,12.2310,9.0600
4332,236,402,04/01/2021,12/01/2021,30.4800,3,0.00,7.9248,10.1600
4333,718,31,27/10/2021,15/11/2021,86.3040,6,0.20,9.7092,14.1840
4334,330,76,13/12/2021,07/01/2022,18.1600,2,0.20,1.8160,8.8800
4335,535,564,08/10/2021,30/10/2021,11.7360,3,0.20,1.0269,3.7120
4336,786,688,26/05/2021,13/06/2021,110.9700,5,0.40,-24.0435,21.7940
4337,740,48,26/09/2021,08/10/2021,43.6000,5,0.20,4.3600,8.5200
4338,82,1399,23/06/2021,13/07/2021,22638.4800,6,0.50,-1811.0784,3772.5800
4339,235,96,23/07/2021,15/08/2021,25.9600,2,0.00,7.5284,12.9800
4340,597,154,08/09/2021,14/09/2021,28.4000,5,0.00,13.3480,5.6800
4341,472,44,24/11/2021,16/12/2021,55.1760,3,0.20,15.8631,18.1920
4342,368,1483,12/05/2021,01/06/2021,19.9200,3,0.00,9.5616,6.6400
4343,708,390,30/07/2021,03/08/2021,7.9680,2,0.20,2.8884,3.7840
4344,531,300,16/07/2021,02/08/2021,1123.9200,5,0.20,-182.6370,224.5840
4345,749,346,16/02/2021,25/02/2021,7.4000,2,0.00,3.0340,3.7000
4346,389,836,29/01/2021,25/02/2021,248.5700,7,0.00,67.1139,35.5100
4347,278,1652,08/10/2021,17/10/2021,29.2000,5,0.00,10.5120,5.8400
4348,354,1557,23/10/2021,19/11/2021,16.0200,6,0.00,6.0876,2.6700
4349,414,971,26/02/2021,10/03/2021,419.4000,5,0.20,146.7900,83.6800
4350,325,1142,15/10/2021,01/11/2021,112.6480,1,0.20,11.2648,112.4480
4351,239,1417,26/07/2021,10/08/2021,214.9000,5,0.00,62.3210,42.9800
4352,165,1723,30/01/2021,14/02/2021,105.5520,6,0.20,35.6238,17.3920
4353,360,1282,28/07/2021,30/07/2021,11.9600,2,0.00,5.8604,5.9800
4354,571,1265,10/09/2021,22/09/2021,3.0400,1,0.00,1.0336,3.0400
4355,149,337,09/10/2021,30/10/2021,8.6520,3,0.80,-20.3322,2.0840
4356,74,1779,30/07/2021,04/08/2021,56.0700,7,0.00,25.2315,8.0100
4357,747,1033,06/07/2021,13/07/2021,354.9000,5,0.00,17.7450,70.9800
4358,536,1069,24/09/2021,10/10/2021,314.5500,3,0.00,150.9840,104.8500
4359,413,320,16/04/2021,19/04/2021,38.3400,9,0.00,15.7194,4.2600
4360,152,1213,29/09/2021,17/10/2021,16.0600,1,0.00,4.1756,16.0600
4361,450,24,04/05/2021,20/05/2021,122.3520,3,0.20,13.7646,40.5840
4362,146,1101,23/08/2021,27/08/2021,96.2560,8,0.20,31.2832,11.8320
4363,45,1332,04/11/2021,21/11/2021,9.1100,1,0.00,4.0995,9.1100
4364,373,65,14/09/2021,14/10/2021,304.4500,5,0.00,76.1125,60.8900
4365,433,1521,11/09/2021,16/09/2021,29.9600,7,0.00,13.4820,4.2800
4366,433,1026,10/05/2021,04/06/2021,11.6700,3,0.00,3.0342,3.8900
4367,441,224,04/01/2021,24/01/2021,279.8600,14,0.00,134.3328,19.9900
4368,265,63,17/08/2021,27/08/2021,342.3700,7,0.00,160.9139,48.9100
4369,265,1553,17/08/2021,14/09/2021,6.4800,1,0.00,3.1752,6.4800
4370,651,314,12/02/2021,24/02/2021,10.3680,2,0.20,1.5552,4.9840
4371,791,1784,13/06/2021,25/06/2021,13.5920,1,0.20,-0.3398,13.3920
4372,743,1055,27/09/2021,12/10/2021,3.8900,1,0.00,1.8672,3.8900
4373,60,915,05/06/2021,24/06/2021,3.1680,2,0.20,0.9900,1.3840
4374,128,1379,16/09/2021,11/10/2021,4.9280,2,0.20,0.7392,2.2640
4375,583,618,15/02/2021,06/03/2021,20.6500,5,0.00,9.4990,4.1300
4376,43,855,06/04/2021,22/04/2021,25.9200,4,0.00,12.4416,6.4800
4377,17,646,12/06/2021,16/06/2021,63.9800,7,0.00,21.7532,9.1400
4378,702,497,21/04/2021,30/04/2021,91.8400,8,0.00,45.0016,11.4800
4379,308,1189,23/04/2021,14/05/2021,18.2800,5,0.20,6.3980,3.4560
4380,547,908,27/12/2021,02/01/2022,107.9400,3,0.00,26.9850,35.9800
4381,357,1655,01/02/2021,03/03/2021,344.2200,2,0.40,-189.3210,171.7100
4382,25,1753,16/06/2021,20/06/2021,86.3520,6,0.20,8.6352,14.1920
4383,566,1597,28/11/2021,21/12/2021,26.7200,5,0.20,9.3520,5.1440
4384,716,31,22/11/2021,04/12/2021,71.9200,4,0.00,20.8568,17.9800
4385,12,112,02/10/2021,15/10/2021,11.8000,4,0.00,5.6640,2.9500
4386,729,750,11/09/2021,12/09/2021,3.6000,2,0.00,1.7280,1.8000
4387,447,575,10/06/2021,10/07/2021,191.9840,2,0.20,4.7996,95.7920
4388,338,35,04/07/2021,24/07/2021,391.9800,2,0.00,113.6742,195.9900
4389,606,96,15/06/2021,29/06/2021,20.7680,2,0.20,2.3364,10.1840
4390,501,286,17/12/2021,06/01/2022,15.2320,1,0.20,1.7136,15.0320
4391,632,1163,13/03/2021,24/03/2021,896.9900,1,0.00,421.5853,896.9900
4392,153,77,15/09/2021,12/10/2021,38.6000,4,0.00,11.5800,9.6500
4393,548,247,19/12/2021,13/01/2022,290.3360,2,0.20,32.6628,144.9680
4394,604,1324,25/04/2021,10/05/2021,1.3440,1,0.20,0.4704,1.1440
4395,134,1134,13/08/2021,23/08/2021,5.1840,1,0.20,1.8144,4.9840
4396,145,1275,09/10/2021,20/10/2021,7.9680,2,0.20,2.6892,3.7840
4397,321,815,03/10/2021,20/10/2021,106.8000,10,0.20,10.6800,10.4800
4398,578,893,10/10/2021,24/10/2021,89.9910,3,0.70,-152.9847,29.2970
4399,249,1173,23/04/2021,05/05/2021,5.7600,2,0.00,2.8224,2.8800
4400,226,1533,20/07/2021,19/08/2021,127.7640,6,0.70,-191.6460,20.5940
4401,641,1191,26/05/2021,17/06/2021,97.3000,7,0.00,28.2170,13.9000
4402,467,126,12/07/2021,19/07/2021,397.6000,5,0.00,43.7360,79.5200
4403,491,329,31/05/2021,09/06/2021,104.7900,7,0.00,29.3412,14.9700
4404,720,286,16/11/2021,04/12/2021,38.0800,5,0.60,-29.5120,7.0160
4405,441,1114,16/02/2021,02/03/2021,132.6960,3,0.20,9.9522,44.0320
4406,560,59,03/01/2021,06/01/2021,60.6000,5,0.20,20.4525,11.9200
4407,326,873,20/12/2021,16/01/2022,1112.9400,3,0.00,222.5880,370.9800
4408,207,1248,10/03/2021,14/03/2021,26.3360,4,0.20,9.2176,6.3840
4409,729,57,23/07/2021,09/08/2021,170.3520,3,0.20,-17.0352,56.5840
4410,362,669,05/08/2021,15/08/2021,2548.5600,6,0.20,286.7130,424.5600
4411,418,1034,04/01/2021,14/01/2021,26.8500,3,0.00,5.1015,8.9500
4412,104,823,03/09/2021,05/09/2021,2.3040,1,0.20,0.2592,2.1040
4413,733,1517,16/01/2021,13/02/2021,120.9600,2,0.40,-28.2240,60.0800
4414,701,659,05/12/2021,29/12/2021,40.6800,3,0.20,-7.1190,13.3600
4415,329,55,11/02/2021,08/03/2021,173.8000,5,0.00,43.4500,34.7600
4416,267,366,07/02/2021,09/03/2021,9.4500,3,0.00,4.5360,3.1500
4417,697,1034,30/05/2021,07/06/2021,26.8500,3,0.00,5.1015,8.9500
4418,567,1218,15/12/2021,05/01/2022,1421.6640,8,0.40,-734.5264,177.3080
4419,688,622,05/07/2021,20/07/2021,477.1500,5,0.00,28.6290,95.4300
4420,509,404,24/09/2021,28/09/2021,35.1200,4,0.00,9.1312,8.7800
4421,762,756,08/01/2021,07/02/2021,6.6720,3,0.20,2.1684,2.0240
4422,295,1652,18/05/2021,21/05/2021,29.2000,5,0.00,10.5120,5.8400
4423,207,556,29/12/2021,04/01/2022,268.5760,4,0.20,90.6444,66.9440
4424,535,1138,04/12/2021,20/12/2021,719.9600,5,0.20,53.9970,143.7920
4425,441,1828,10/12/2021,31/12/2021,10.9440,2,0.20,0.9576,5.2720
4426,211,901,27/11/2021,13/12/2021,30.8280,7,0.70,-24.6624,3.7040
4427,44,1393,22/11/2021,09/12/2021,824.9500,5,0.00,247.4850,164.9900
4428,214,1248,07/01/2021,16/01/2021,26.3360,4,0.20,9.2176,6.3840
4429,299,183,20/03/2021,09/04/2021,6.3680,2,0.20,1.0348,2.9840
4430,186,807,28/02/2021,10/03/2021,59.9700,3,0.00,14.9925,19.9900
4431,613,1418,10/12/2021,21/12/2021,160.9600,2,0.00,48.2880,80.4800
4432,340,705,03/12/2021,12/12/2021,108.7840,2,0.20,6.7990,54.1920
4433,539,1614,20/02/2021,12/03/2021,135.9500,1,0.00,39.4255,135.9500
4434,485,840,24/07/2021,03/08/2021,10.9000,5,0.00,3.5970,2.1800
4435,192,834,11/10/2021,13/10/2021,286.9300,7,0.00,140.5957,40.9900
4436,591,337,29/06/2021,26/07/2021,28.8400,2,0.00,9.5172,14.4200
4437,798,1604,13/08/2021,10/09/2021,58.7300,7,0.00,14.6825,8.3900
4438,355,1146,30/11/2021,02/12/2021,12.6720,3,0.20,3.9600,4.0240
4439,64,531,24/10/2021,12/11/2021,48.6640,7,0.20,15.8158,6.7520
4440,421,792,04/05/2021,31/05/2021,526.4500,5,0.00,31.5870,105.2900
4441,94,967,27/12/2021,21/01/2022,71.0880,2,0.20,-1.7772,35.3440
4442,96,1138,10/12/2021,16/12/2021,719.9600,5,0.20,53.9970,143.7920
4443,459,34,18/06/2021,19/06/2021,167.9400,3,0.00,82.2906,55.9800
4444,542,154,01/01/2021,31/01/2021,31.1200,4,0.00,14.6264,7.7800
4445,443,185,24/06/2021,12/07/2021,7.5600,3,0.00,3.0996,2.5200
4446,617,897,05/07/2021,19/07/2021,46.8720,7,0.20,3.5154,6.4960
4447,99,1047,09/06/2021,14/06/2021,136.7840,1,0.20,5.1294,136.5840
4448,700,171,27/04/2021,21/05/2021,16.4000,5,0.00,7.0520,3.2800
4449,79,897,06/02/2021,11/02/2021,33.4800,4,0.00,8.7048,8.3700
4450,646,735,05/01/2021,01/02/2021,88.0740,7,0.70,-58.7160,11.8820
4451,454,655,16/08/2021,07/09/2021,561.5840,2,0.20,70.1980,280.5920
4452,536,1256,01/01/2021,29/01/2021,666.3440,7,0.20,66.6344,94.9920
4453,584,1530,13/04/2021,10/05/2021,19.4400,3,0.00,9.3312,6.4800
4454,410,919,10/10/2021,03/11/2021,114.2000,5,0.00,52.5320,22.8400
4455,98,332,07/01/2021,10/01/2021,159.9900,1,0.00,54.3966,159.9900
4456,402,643,14/07/2021,17/07/2021,66.6900,3,0.00,22.0077,22.2300
4457,426,1445,25/01/2021,24/02/2021,8.7000,5,0.70,-6.3800,1.0400
4458,724,1385,08/01/2021,07/02/2021,164.8800,3,0.00,80.7912,54.9600
4459,319,876,16/10/2021,27/10/2021,8.0960,2,0.20,2.7324,3.8480
4460,528,784,25/08/2021,05/09/2021,86.6200,2,0.00,8.6620,43.3100
4461,688,641,14/08/2021,08/09/2021,91.0560,6,0.20,31.8696,14.9760
4462,750,1438,29/05/2021,18/06/2021,42.8000,10,0.00,19.2600,4.2800
4463,235,59,06/08/2021,12/08/2021,36.3600,3,0.20,12.2715,11.9200
4464,691,1141,25/04/2021,25/05/2021,393.2500,5,0.00,129.7725,78.6500
4465,562,835,22/06/2021,27/06/2021,5.0400,2,0.20,1.7640,2.3200
4466,422,892,17/07/2021,26/07/2021,557.5850,5,0.30,0.0000,111.2170
4467,346,301,12/02/2021,20/02/2021,62.6500,5,0.00,29.4455,12.5300
4468,562,23,10/10/2021,21/10/2021,60.3400,7,0.00,15.6884,8.6200
4469,496,1349,24/12/2021,03/01/2022,1676.8800,6,0.00,83.8440,279.4800
4470,104,1643,03/10/2021,22/10/2021,60.7200,3,0.00,26.1096,20.2400
4471,757,532,22/07/2021,12/08/2021,120.7840,1,0.20,13.5882,120.5840
4472,300,630,28/11/2021,13/12/2021,680.0100,3,0.00,176.8026,226.6700
4473,277,1273,03/07/2021,12/07/2021,22.2480,3,0.20,7.5087,7.2160
4474,14,953,08/04/2021,26/04/2021,99.9800,2,0.00,7.9984,49.9900
4475,210,1336,18/04/2021,06/05/2021,217.5840,2,0.20,-29.9178,108.5920
4476,235,1258,10/06/2021,22/06/2021,427.6440,14,0.10,80.7772,30.4460
4477,213,1097,19/02/2021,07/03/2021,434.3520,3,0.20,43.4352,144.5840
4478,519,608,16/07/2021,02/08/2021,29.4600,6,0.00,14.4354,4.9100
4479,533,1427,07/03/2021,18/03/2021,48.9400,1,0.00,24.4700,48.9400
4480,316,355,09/12/2021,28/12/2021,122.7100,7,0.00,36.8130,17.5300
4481,353,1637,02/01/2021,12/01/2021,5.9040,2,0.20,1.9926,2.7520
4482,15,187,07/03/2021,22/03/2021,2.9460,3,0.80,-4.8609,0.1820
4483,370,1684,05/09/2021,27/09/2021,16.7760,3,0.20,4.8231,5.3920
4484,262,1339,24/08/2021,05/09/2021,13.9800,1,0.00,3.6348,13.9800
4485,748,341,15/07/2021,07/08/2021,41.2800,2,0.00,19.8144,20.6400
4486,325,331,25/07/2021,27/07/2021,53.4240,3,0.20,4.6746,17.6080
4487,649,1130,22/11/2021,28/11/2021,453.6000,3,0.20,90.7200,151.0000
4488,685,1653,29/07/2021,30/07/2021,43.9600,2,0.00,20.6612,21.9800
4489,664,303,25/12/2021,27/12/2021,345.0000,5,0.00,86.2500,69.0000
4490,74,1679,08/08/2021,11/08/2021,27.5520,3,0.20,-0.3444,8.9840
4491,448,475,24/09/2021,03/10/2021,254.9000,5,0.00,68.8230,50.9800
4492,52,831,26/06/2021,27/06/2021,699.9300,7,0.00,181.9818,99.9900
4493,358,1813,05/06/2021,01/07/2021,160.0000,8,0.00,62.4000,20.0000
4494,612,23,25/03/2021,01/04/2021,8.6200,1,0.00,2.2412,8.6200
4495,351,798,29/04/2021,12/05/2021,6.2300,5,0.80,-9.6565,0.4460
4496,416,551,08/07/2021,18/07/2021,56.5200,3,0.00,15.8256,18.8400
4497,448,34,10/08/2021,02/09/2021,11.9520,3,0.20,4.0338,3.7840
4498,195,197,08/01/2021,24/01/2021,40.6700,7,0.00,12.6077,5.8100
4499,594,1051,18/02/2021,06/03/2021,13.9000,5,0.00,5.5600,2.7800
4500,606,640,13/05/2021,22/05/2021,15.9360,4,0.20,5.1792,3.7840
4501,545,1779,12/08/2021,07/09/2021,56.0700,7,0.00,25.2315,8.0100
4502,302,713,16/07/2021,13/08/2021,257.4990,3,0.15,24.2352,85.6830
4503,200,1082,20/01/2021,04/02/2021,16.6800,3,0.20,5.2125,5.3600
4504,713,214,28/02/2021,05/03/2021,389.6960,8,0.20,43.8408,48.5120
4505,623,418,10/11/2021,26/11/2021,277.4000,5,0.00,133.1520,55.4800
4506,541,30,17/02/2021,15/03/2021,4.8960,3,0.20,1.6524,1.4320
4507,477,1331,16/12/2021,11/01/2022,6.0000,2,0.20,2.1000,2.8000
4508,620,1162,28/10/2021,11/11/2021,27.7200,3,0.20,3.4650,9.0400
4509,704,1255,25/08/2021,05/09/2021,67.5600,3,0.20,8.4450,22.3200
4510,7,1522,27/11/2021,14/12/2021,24.0480,9,0.20,7.2144,2.4720
4511,701,1485,16/10/2021,25/10/2021,1805.8800,6,0.00,523.7052,300.9800
4512,351,1074,11/02/2021,21/02/2021,13.3600,2,0.00,6.4128,6.6800
4513,771,1245,11/03/2021,18/03/2021,17.8560,4,0.20,2.0088,4.2640
4514,268,972,03/07/2021,23/07/2021,120.7680,4,0.20,9.0576,29.9920
4515,609,1100,11/04/2021,20/04/2021,209.6700,1,0.40,-13.9780,209.2700
4516,782,1117,23/01/2021,09/02/2021,10.5280,4,0.20,3.4216,2.4320
4517,660,491,16/07/2021,05/08/2021,25.9200,4,0.00,12.4416,6.4800
4518,293,904,21/04/2021,08/05/2021,102.3360,4,0.20,-12.7920,25.3840
4519,406,690,16/06/2021,30/06/2021,41.5520,2,0.60,-19.7372,20.1760
4520,793,155,11/01/2021,27/01/2021,13.8400,4,0.80,-22.1440,2.6600
4521,557,993,26/05/2021,29/05/2021,301.9600,2,0.00,45.2940,150.9800
4522,737,575,05/08/2021,06/08/2021,239.9800,2,0.00,52.7956,119.9900
4523,284,899,26/03/2021,16/04/2021,540.0480,3,0.20,-47.2542,179.8160
4524,435,199,19/10/2021,25/10/2021,41.6000,4,0.20,13.0000,10.2000
4525,690,646,08/06/2021,19/06/2021,18.2800,2,0.00,6.2152,9.1400
4526,147,824,29/10/2021,15/11/2021,24.4480,4,0.20,8.8624,5.9120
4527,729,9,21/01/2021,18/02/2021,24.6720,4,0.20,7.7100,5.9680
4528,396,169,17/10/2021,08/11/2021,161.9600,2,0.00,45.3488,80.9800
4529,161,905,28/02/2021,13/03/2021,11.2120,2,0.80,-16.8180,4.8060
4530,202,1695,12/12/2021,03/01/2022,1.8240,2,0.20,0.6156,0.7120
4531,30,178,17/04/2021,23/04/2021,132.6000,6,0.00,17.2380,22.1000
4532,5,874,05/02/2021,04/03/2021,14.3520,3,0.20,0.8970,4.5840
4533,798,1027,27/05/2021,12/06/2021,67.6400,5,0.20,5.9185,13.3280
4534,609,1521,13/05/2021,21/05/2021,34.2400,8,0.00,15.4080,4.2800
4535,475,569,10/01/2021,19/01/2021,165.0480,3,0.20,41.2620,54.8160
4536,654,188,03/11/2021,02/12/2021,40.1400,6,0.00,19.6686,6.6900
4537,752,405,06/05/2021,21/05/2021,665.4080,2,0.20,66.5408,332.5040
4538,415,1293,30/08/2021,14/09/2021,19.4400,3,0.00,9.3312,6.4800
4539,283,1501,19/01/2021,04/02/2021,122.9200,7,0.20,46.0950,17.3600
4540,157,855,17/03/2021,20/03/2021,25.9200,4,0.00,12.4416,6.4800
4541,482,707,06/10/2021,09/10/2021,46.9600,8,0.00,22.5408,5.8700
4542,352,237,06/07/2021,18/07/2021,221.5500,3,0.00,6.6465,73.8500
4543,135,766,07/04/2021,26/04/2021,2.9340,3,0.80,-4.9878,0.1780
4544,588,335,18/08/2021,28/08/2021,61.9600,2,0.00,27.8820,30.9800
4545,468,792,24/03/2021,12/04/2021,526.4500,5,0.00,31.5870,105.2900
4546,620,191,22/07/2021,12/08/2021,39.0000,12,0.00,11.3100,3.2500
4547,183,1548,26/10/2021,05/11/2021,44.7840,1,0.20,16.2342,44.5840
4548,184,129,04/08/2021,23/08/2021,9.4320,3,0.20,3.0654,2.9440
4549,593,1075,01/11/2021,23/11/2021,11.8400,8,0.00,5.6832,1.4800
4550,512,1684,20/07/2021,11/08/2021,20.9700,3,0.00,9.0171,6.9900
4551,605,227,16/05/2021,10/06/2021,166.7200,2,0.00,41.6800,83.3600
4552,17,461,10/07/2021,28/07/2021,404.9000,5,0.00,16.1960,80.9800
4553,330,1129,25/02/2021,19/03/2021,9.9600,2,0.00,4.5816,4.9800
4554,750,1216,08/12/2021,05/01/2022,12.0600,5,0.70,-10.0500,1.7120
4555,722,154,27/11/2021,15/12/2021,9.7800,1,0.00,4.8900,9.7800
4556,570,44,01/02/2021,23/02/2021,36.7840,2,0.20,10.5754,18.1920
4557,299,307,23/03/2021,19/04/2021,2999.9500,5,0.00,1439.9760,599.9900
4558,327,976,12/03/2021,09/04/2021,86.2720,4,0.20,31.2736,21.3680
4559,238,697,12/12/2021,01/01/2022,35.3520,9,0.20,12.8151,3.7280
4560,728,69,05/12/2021,07/12/2021,28.8500,5,0.00,14.4250,5.7700
4561,115,1179,26/08/2021,28/08/2021,32.4000,5,0.00,15.5520,6.4800
4562,703,1342,01/08/2021,18/08/2021,13.1200,5,0.20,1.1480,2.4240
4563,393,1195,02/10/2021,22/10/2021,545.8800,6,0.00,70.9644,90.9800
4564,402,622,20/04/2021,05/05/2021,477.1500,5,0.00,28.6290,95.4300
4565,186,890,02/01/2021,06/01/2021,663.9200,5,0.20,207.4750,132.5840
4566,187,764,10/10/2021,25/10/2021,2309.6500,7,0.00,762.1845,329.9500
4567,640,567,29/07/2021,16/08/2021,17.9200,5,0.20,1.1200,3.3840
4568,625,886,02/02/2021,13/02/2021,63.9680,2,0.20,0.0000,31.7840
4569,174,1242,13/11/2021,02/12/2021,47.9920,7,0.20,3.5994,6.6560
4570,513,490,25/02/2021,28/02/2021,1335.6800,4,0.20,-217.0480,333.7200
4571,687,1513,15/12/2021,11/01/2022,77.9520,3,0.20,-11.6928,25.7840
4572,309,480,11/11/2021,19/11/2021,503.9600,4,0.00,125.9900,125.9900
4573,511,581,07/11/2021,11/11/2021,427.4200,14,0.00,196.6132,30.5300
4574,253,1168,05/09/2021,04/10/2021,7.3800,5,0.70,-5.4120,0.7760
4575,108,154,13/12/2021,18/12/2021,39.7600,7,0.00,18.6872,5.6800
4576,495,7,11/08/2021,20/08/2021,5.4600,3,0.00,1.4742,1.8200
4577,146,948,06/01/2021,18/01/2021,79.1400,3,0.00,36.4044,26.3800
4578,778,806,05/08/2021,24/08/2021,2.5080,2,0.70,-1.8392,0.5540
4579,441,1388,29/06/2021,18/07/2021,323.9820,3,0.40,-80.9955,107.5940
4580,175,352,24/05/2021,03/06/2021,75.7920,3,0.20,25.5798,25.0640
4581,182,1244,05/11/2021,20/11/2021,27.1840,2,0.20,2.0388,13.3920
4582,428,1655,04/12/2021,26/12/2021,172.1100,1,0.40,-94.6605,171.7100
4583,471,224,05/07/2021,31/07/2021,119.9400,10,0.40,15.9920,11.5940
4584,641,809,09/08/2021,31/08/2021,143.9520,3,0.20,14.3952,47.7840
4585,239,140,09/03/2021,16/03/2021,93.8880,4,0.20,12.9096,23.2720
4586,135,752,18/10/2021,04/11/2021,13.5680,4,0.20,3.2224,3.1920
4587,656,1188,20/10/2021,29/10/2021,30.0800,2,0.20,-5.2640,14.8400
4588,528,482,17/02/2021,06/03/2021,13.7600,2,0.20,4.6440,6.6800
4589,400,109,28/02/2021,25/03/2021,303.8400,8,0.00,91.1520,37.9800
4590,12,437,07/05/2021,29/05/2021,7.3800,2,0.00,3.3948,3.6900
4591,402,1368,10/02/2021,25/02/2021,481.1760,2,0.40,-120.2940,240.1880
4592,563,634,20/05/2021,17/06/2021,124.4600,2,0.00,58.4962,62.2300
4593,389,1437,24/10/2021,11/11/2021,310.1200,2,0.00,80.6312,155.0600
4594,398,574,05/02/2021,23/02/2021,21.9300,3,0.00,10.3071,7.3100
4595,100,285,20/01/2021,13/02/2021,466.7680,2,0.20,52.5114,233.1840
4596,3,781,16/04/2021,07/05/2021,263.9600,4,0.00,76.5484,65.9900
4597,591,127,26/05/2021,04/06/2021,23.9880,2,0.40,-4.7976,11.5940
4598,179,539,02/10/2021,24/10/2021,59.9000,2,0.00,23.9600,29.9500
4599,590,911,22/08/2021,01/09/2021,371.2000,5,0.20,41.7600,74.0400
4600,641,1829,04/09/2021,13/09/2021,1035.8000,4,0.00,269.3080,258.9500
4601,268,1594,26/11/2021,30/11/2021,493.4300,5,0.30,-70.4900,98.3860
4602,556,876,20/01/2021,23/01/2021,3.0360,3,0.80,-5.0094,0.2120
4603,463,939,01/06/2021,17/06/2021,37.5200,4,0.00,18.0096,9.3800
4604,379,1273,13/03/2021,10/04/2021,22.2480,3,0.20,7.5087,7.2160
4605,547,1249,30/05/2021,24/06/2021,45.6800,2,0.00,21.0128,22.8400
4606,117,1202,21/02/2021,06/03/2021,18.8400,5,0.20,-3.5325,3.5680
4607,567,11,08/09/2021,24/09/2021,1706.1840,9,0.20,85.3092,189.3760
4608,758,217,23/01/2021,16/02/2021,300.9040,1,0.20,11.2839,300.7040
4609,794,203,30/04/2021,24/05/2021,134.3760,3,0.20,6.7188,44.5920
4610,212,1177,06/05/2021,17/05/2021,239.9000,2,0.00,71.9700,119.9500
4611,275,1233,24/06/2021,30/06/2021,4007.8400,10,0.20,-50.0980,400.5840
4612,527,1382,24/02/2021,18/03/2021,76.9200,4,0.00,31.5372,19.2300
4613,150,1179,13/02/2021,11/03/2021,6.4800,1,0.00,3.1104,6.4800
4614,220,1269,30/11/2021,05/12/2021,16.0320,3,0.20,5.6112,5.1440
4615,584,175,02/11/2021,13/11/2021,119.9600,4,0.00,33.5888,29.9900
4616,444,310,05/09/2021,28/09/2021,2036.8600,7,0.00,366.6348,290.9800
4617,88,600,07/04/2021,11/04/2021,209.9700,3,0.00,58.7916,69.9900
4618,422,1626,25/11/2021,21/12/2021,49.1200,4,0.00,23.0864,12.2800
4619,568,858,02/12/2021,15/12/2021,33.0400,8,0.00,15.5288,4.1300
4620,455,711,18/04/2021,20/04/2021,37.4080,7,0.20,13.0928,5.1440
4621,633,1642,14/04/2021,13/05/2021,31.6800,4,0.20,11.0880,7.7200
4622,679,723,28/06/2021,13/07/2021,162.6400,2,0.00,45.5392,81.3200
4623,132,977,01/06/2021,06/06/2021,75.8400,2,0.00,29.5776,37.9200
4624,676,398,13/01/2021,30/01/2021,8.7300,3,0.00,4.1031,2.9100
4625,125,1746,11/06/2021,07/07/2021,353.8800,6,0.00,17.6940,58.9800
4626,549,753,22/09/2021,27/09/2021,1049.9700,5,0.40,-209.9940,209.5940
4627,30,1331,09/02/2021,13/02/2021,22.5000,6,0.00,10.8000,3.7500
4628,473,39,22/10/2021,28/10/2021,201.9600,2,0.00,50.4900,100.9800
4629,638,92,26/04/2021,20/05/2021,49.4400,3,0.00,24.2256,16.4800
4630,402,1684,21/09/2021,06/10/2021,16.7760,3,0.20,4.8231,5.3920
4631,413,896,03/08/2021,02/09/2021,1099.9600,5,0.20,82.4970,219.7920
4632,52,881,02/01/2021,12/01/2021,387.7200,5,0.20,-67.8510,77.3440
4633,563,1829,10/08/2021,08/09/2021,1035.8000,4,0.00,269.3080,258.9500
4634,145,593,14/12/2021,04/01/2022,214.7000,5,0.00,83.7330,42.9400
4635,439,954,10/01/2021,12/01/2021,114.5200,7,0.00,11.4520,16.3600
4636,116,1515,23/05/2021,12/06/2021,203.5200,3,0.00,54.9504,67.8400
4637,696,438,26/11/2021,26/12/2021,140.9700,3,0.00,19.7358,46.9900
4638,645,899,22/02/2021,05/03/2021,180.0160,1,0.20,-15.7514,179.8160
4639,26,1423,30/05/2021,23/06/2021,38.8800,6,0.00,18.6624,6.4800
4640,413,814,10/03/2021,28/03/2021,134.9700,3,0.00,64.7856,44.9900
4641,698,1514,02/04/2021,05/04/2021,65.0800,4,0.00,31.8892,16.2700
4642,648,548,17/08/2021,02/09/2021,18.7500,5,0.00,9.0000,3.7500
4643,651,64,27/12/2021,13/01/2022,139.5800,7,0.00,39.0824,19.9400
4644,114,83,17/08/2021,29/08/2021,230.3760,3,0.20,-48.9549,76.5920
4645,588,386,27/08/2021,31/08/2021,714.3000,5,0.00,207.1470,142.8600
4646,159,1042,03/09/2021,08/09/2021,143.7000,3,0.00,68.9760,47.9000
4647,451,411,04/07/2021,06/07/2021,4.2760,1,0.80,-6.6278,3.4760
4648,190,1421,10/11/2021,07/12/2021,7.9000,2,0.00,2.5280,3.9500
4649,615,1258,18/08/2021,29/08/2021,427.6440,14,0.10,80.7772,30.4460
4650,529,45,17/08/2021,03/09/2021,7.8570,3,0.70,-6.0237,1.9190
4651,334,1305,28/11/2021,16/12/2021,362.1360,3,0.20,-54.3204,120.5120
4652,45,998,24/07/2021,27/07/2021,30.8160,9,0.20,2.6964,3.2240
4653,26,955,08/01/2021,16/01/2021,12.8160,3,0.20,4.1652,4.0720
4654,148,705,20/04/2021,02/05/2021,543.9200,8,0.00,135.9800,67.9900
4655,672,575,02/09/2021,06/09/2021,299.9750,5,0.50,-167.9860,59.4950
4656,180,1692,21/03/2021,29/03/2021,48.5760,3,0.20,9.7152,15.9920
4657,48,154,02/02/2021,26/02/2021,15.5600,2,0.00,7.3132,7.7800
4658,546,624,30/05/2021,21/06/2021,674.0580,3,0.30,-19.2588,224.3860
4659,748,1251,30/01/2021,22/02/2021,81.0800,4,0.00,22.7024,20.2700
4660,478,1190,30/01/2021,14/02/2021,48.3600,5,0.20,6.0450,9.4720
4661,790,94,12/12/2021,23/12/2021,44.1280,4,0.20,12.1352,10.8320
4662,144,1404,16/02/2021,16/03/2021,51.9680,2,0.20,10.3936,25.7840
4663,270,10,17/03/2021,07/04/2021,114.9000,5,0.00,34.4700,22.9800
4664,183,232,27/12/2021,05/01/2022,53.7200,4,0.00,15.0416,13.4300
4665,625,848,28/12/2021,05/01/2022,306.2000,5,0.00,0.0000,61.2400
4666,421,1288,24/06/2021,05/07/2021,265.9300,7,0.00,63.8232,37.9900
4667,496,769,23/02/2021,24/03/2021,637.4400,8,0.20,135.4560,79.4800
4668,664,833,02/09/2021,03/09/2021,257.9400,3,0.00,67.0644,85.9800
4669,344,411,16/12/2021,05/01/2022,32.0700,5,0.70,-22.4490,5.7140
4670,173,1095,19/04/2021,14/05/2021,159.9800,2,0.00,57.5928,79.9900
4671,347,916,24/04/2021,21/05/2021,20.6400,5,0.20,2.3220,3.9280
4672,704,1173,04/07/2021,05/07/2021,8.6400,3,0.00,4.2336,2.8800
4673,399,710,10/02/2021,20/02/2021,146.6880,8,0.20,45.8400,18.1360
4674,311,10,14/06/2021,18/06/2021,91.9200,5,0.20,11.4900,18.1840
4675,736,794,17/05/2021,28/05/2021,282.8880,9,0.20,56.5776,31.2320
4676,590,92,13/12/2021,03/01/2022,14.8320,3,0.70,-10.3824,4.2440
4677,308,1652,22/03/2021,04/04/2021,37.3760,8,0.20,7.4752,4.4720
4678,767,692,07/09/2021,21/09/2021,44.9100,6,0.70,-35.9280,6.7850
4679,246,1669,02/01/2021,19/01/2021,25.6320,3,0.20,3.8448,8.3440
4680,244,818,26/07/2021,13/08/2021,186.5400,3,0.00,50.3658,62.1800
4681,99,34,01/09/2021,19/09/2021,11.9520,3,0.20,4.0338,3.7840
4682,541,1558,13/09/2021,07/10/2021,47.3200,7,0.20,5.9150,6.5600
4683,590,676,08/10/2021,17/10/2021,22.7200,4,0.00,6.5888,5.6800
4684,107,1042,07/09/2021,11/09/2021,143.7000,3,0.00,68.9760,47.9000
4685,42,832,23/08/2021,01/09/2021,22.9600,7,0.00,6.6584,3.2800
4686,769,1542,18/05/2021,07/06/2021,10.3680,2,0.20,3.6288,4.9840
4687,590,1273,17/01/2021,12/02/2021,46.3500,5,0.00,21.7845,9.2700
4688,670,789,11/08/2021,31/08/2021,8.8400,5,0.20,2.9835,1.5680
4689,336,819,20/11/2021,02/12/2021,122.6880,9,0.20,39.8736,13.4320
4690,278,292,17/10/2021,04/11/2021,362.3520,3,0.20,27.1764,120.5840
4691,708,658,01/12/2021,25/12/2021,239.9700,3,0.00,71.9910,79.9900
4692,375,116,18/04/2021,19/04/2021,631.1760,4,0.70,-462.8624,157.0940
4693,297,391,27/07/2021,15/08/2021,207.8460,3,0.10,2.3094,69.1820
4694,63,1510,21/06/2021,05/07/2021,65.5840,2,0.20,23.7742,32.5920
4695,694,677,29/05/2021,26/06/2021,7.3100,1,0.00,3.4357,7.3100
4696,714,708,22/10/2021,31/10/2021,23.7440,2,0.20,8.3104,11.6720
4697,487,212,11/01/2021,26/01/2021,52.7520,3,0.20,-12.5286,17.3840
4698,547,1427,10/11/2021,02/12/2021,78.3040,2,0.20,29.3640,38.9520
4699,692,1674,14/10/2021,20/10/2021,42.8500,5,0.00,15.4260,8.5700
4700,153,523,23/04/2021,18/05/2021,14.7300,3,0.00,7.2177,4.9100
4701,266,1836,03/06/2021,30/06/2021,6.3600,2,0.00,0.0636,3.1800
4702,24,219,04/08/2021,09/08/2021,617.9760,3,0.20,-7.7247,205.7920
4703,179,65,10/05/2021,16/05/2021,383.6070,7,0.10,63.9345,54.7010
4704,345,265,17/05/2021,18/05/2021,18.4960,8,0.20,6.2424,2.1120
4705,210,497,20/01/2021,11/02/2021,45.9200,4,0.00,22.5008,11.4800
4706,506,750,23/08/2021,07/09/2021,10.0800,7,0.20,3.5280,1.2400
4707,545,225,13/07/2021,28/07/2021,347.3610,7,0.30,-69.4722,49.3230
4708,515,865,11/05/2021,05/06/2021,5.1840,3,0.20,1.8144,1.5280
4709,382,1314,29/12/2021,28/01/2022,1499.9500,5,0.00,449.9850,299.9900
4710,676,1448,04/09/2021,20/09/2021,1259.9700,3,0.00,327.5922,419.9900
4711,672,53,14/10/2021,25/10/2021,4.3600,2,0.00,1.7876,2.1800
4712,105,700,10/04/2021,21/04/2021,9.2960,2,0.20,3.0212,4.4480
4713,614,1317,15/02/2021,24/02/2021,41.8600,7,0.00,20.5114,5.9800
4714,344,720,03/02/2021,25/02/2021,81.2000,5,0.00,12.1800,16.2400
4715,308,299,09/12/2021,23/12/2021,54.2240,2,0.20,3.3890,26.9120
4716,172,613,18/08/2021,27/08/2021,58.0500,3,0.00,26.7030,19.3500
4717,296,659,20/05/2021,09/06/2021,67.8000,4,0.00,4.0680,16.9500
4718,29,1297,27/08/2021,18/09/2021,1.9080,2,0.70,-1.5264,0.2540
4719,214,1849,30/08/2021,01/09/2021,1499.9700,5,0.40,-374.9925,299.5940
4720,124,1340,28/11/2021,29/11/2021,26.3760,4,0.40,2.6376,6.1940
4721,416,640,21/10/2021,22/10/2021,23.9040,6,0.20,7.7688,3.7840
4722,800,1245,12/06/2021,18/06/2021,16.7400,3,0.00,4.8546,5.5800
4723,734,1290,12/04/2021,17/04/2021,547.1360,4,0.20,-68.3920,136.5840
4724,293,978,08/07/2021,15/07/2021,263.9600,4,0.00,71.2692,65.9900
4725,54,169,28/09/2021,30/09/2021,113.3720,2,0.30,-3.2392,56.3860
4726,293,1187,20/05/2021,11/06/2021,22.6600,2,0.00,9.7438,11.3300
4727,423,395,09/10/2021,28/10/2021,159.8800,7,0.00,73.5448,22.8400
4728,276,613,27/11/2021,02/12/2021,92.8800,6,0.20,30.1860,15.2800
4729,660,280,04/11/2021,06/11/2021,9.8400,3,0.00,2.8536,3.2800
4730,477,605,19/04/2021,03/05/2021,84.9800,1,0.00,18.6956,84.9800
4731,101,1448,17/03/2021,16/04/2021,4367.8960,13,0.20,327.5922,335.7920
4732,607,1088,02/10/2021,18/10/2021,102.3360,8,0.20,14.0712,12.5920
4733,27,410,13/12/2021,11/01/2022,299.9700,3,0.00,125.9874,99.9900
4734,111,1185,05/12/2021,14/12/2021,5.2480,4,0.20,1.6400,1.1120
4735,357,351,13/08/2021,31/08/2021,31.1550,5,0.70,-23.8855,5.5310
4736,113,670,30/10/2021,08/11/2021,102.3680,2,0.20,37.1084,50.9840
4737,718,1452,21/12/2021,22/12/2021,20.7360,4,0.20,7.2576,4.9840
4738,280,1211,23/09/2021,24/09/2021,25.3440,6,0.20,3.4848,4.0240
4739,72,474,23/11/2021,21/12/2021,2.6880,1,0.20,0.8400,2.4880
4740,94,980,23/04/2021,21/05/2021,68.7420,9,0.70,-48.1194,6.9380
4741,595,1553,07/11/2021,29/11/2021,12.9600,2,0.00,6.3504,6.4800
4742,422,634,14/06/2021,01/07/2021,99.5680,2,0.20,33.6042,49.5840
4743,556,1195,06/05/2021,12/05/2021,363.9200,5,0.20,-31.8430,72.5840
4744,327,1850,25/10/2021,08/11/2021,36.7440,3,0.20,3.6744,12.0480
4745,153,1382,08/10/2021,27/10/2021,30.7680,2,0.20,8.0766,15.1840
4746,645,1395,13/12/2021,02/01/2022,15.7000,5,0.00,7.0650,3.1400
4747,51,1476,12/06/2021,20/06/2021,9.8720,2,0.20,3.4552,4.7360
4748,31,518,30/01/2021,23/02/2021,494.3760,4,0.40,-115.3544,123.1940
4749,441,129,02/01/2021,01/02/2021,4.5120,3,0.20,0.8460,1.3040
4750,216,953,06/05/2021,25/05/2021,99.9800,2,0.00,7.9984,49.9900
4751,718,1016,02/09/2021,12/09/2021,23.1280,7,0.20,2.8910,3.1040
4752,207,1666,07/02/2021,23/02/2021,36.4000,5,0.00,13.8320,7.2800
4753,280,475,18/04/2021,23/04/2021,203.9200,4,0.00,55.0584,50.9800
4754,341,134,06/09/2021,10/09/2021,76.1760,3,0.20,26.6616,25.1920
4755,88,436,14/11/2021,14/12/2021,628.8100,7,0.00,12.5762,89.8300
4756,577,1554,20/10/2021,15/11/2021,3.1040,1,0.20,0.3492,2.9040
4757,309,361,30/06/2021,28/07/2021,83.7900,7,0.00,22.6233,11.9700
4758,438,485,09/01/2021,15/01/2021,86.2600,2,0.00,29.3284,43.1300
4759,726,818,08/04/2021,02/05/2021,62.1800,1,0.00,16.7886,62.1800
4760,773,62,08/04/2021,21/04/2021,51.6480,12,0.20,18.7224,4.1040
4761,534,1601,16/12/2021,10/01/2022,5.2480,2,0.20,0.5904,2.4240
4762,593,774,06/03/2021,27/03/2021,1352.0320,4,0.20,84.5020,337.8080
4763,418,1736,25/01/2021,02/02/2021,239.9700,3,0.00,2.3997,79.9900
4764,422,661,17/09/2021,11/10/2021,27.9300,3,0.00,8.0997,9.3100
4765,363,810,22/02/2021,15/03/2021,368.9700,3,0.00,40.5867,122.9900
4766,344,739,09/10/2021,31/10/2021,31.1040,6,0.20,10.8864,4.9840
4767,299,1269,03/06/2021,03/07/2021,20.0400,3,0.00,9.6192,6.6800
4768,51,704,04/06/2021,04/07/2021,15.9200,5,0.20,2.7860,2.9840
4769,326,445,15/09/2021,01/10/2021,4.9840,1,0.80,-8.4728,4.1840
4770,203,1538,03/04/2021,03/05/2021,54.9600,3,0.00,15.9384,18.3200
4771,171,154,19/09/2021,17/10/2021,31.1200,4,0.00,14.6264,7.7800
4772,610,343,16/06/2021,29/06/2021,409.5900,3,0.40,-122.8770,136.1300
4773,380,109,11/09/2021,09/10/2021,75.9600,2,0.00,22.7880,37.9800
4774,456,749,30/01/2021,12/02/2021,26.4800,1,0.00,10.0624,26.4800
4775,149,1446,23/03/2021,20/04/2021,128.1240,2,0.10,24.2012,63.9620
4776,524,678,22/10/2021,24/10/2021,30.5600,2,0.00,10.3904,15.2800
4777,533,1083,11/10/2021,04/11/2021,211.8400,8,0.00,76.2624,26.4800
4778,95,437,28/12/2021,24/01/2022,8.8560,3,0.20,2.8782,2.7520
4779,570,1626,29/04/2021,24/05/2021,24.5600,2,0.00,11.5432,12.2800
4780,70,1142,12/03/2021,29/03/2021,563.2400,5,0.20,56.3240,112.4480
4781,524,1317,05/10/2021,18/10/2021,29.9000,5,0.00,14.6510,5.9800
4782,615,470,29/10/2021,14/11/2021,63.9200,4,0.00,3.1960,15.9800
4783,42,661,01/12/2021,16/12/2021,27.9300,3,0.00,8.0997,9.3100
4784,603,187,24/03/2021,20/04/2021,3.9280,1,0.20,1.3257,3.7280
4785,89,1729,30/11/2021,17/12/2021,1640.7000,5,0.00,459.3960,328.1400
4786,257,1594,16/06/2021,20/06/2021,119.8330,1,0.15,7.0490,119.6830
4787,278,53,17/06/2021,25/06/2021,4.3600,2,0.00,1.7876,2.1800
4788,164,367,04/10/2021,16/10/2021,55.9800,1,0.00,27.4302,55.9800
4789,497,652,14/02/2021,20/02/2021,799.9600,4,0.00,343.9828,199.9900
4790,339,979,21/05/2021,04/06/2021,4.4700,3,0.80,-7.8225,0.6900
4791,543,554,12/11/2021,19/11/2021,70.9700,5,0.80,-191.6190,13.3940
4792,62,1168,04/06/2021,25/06/2021,7.3800,5,0.70,-5.4120,0.7760
4793,104,1052,14/10/2021,12/11/2021,51.9800,2,0.00,15.0742,25.9900
4794,517,617,17/11/2021,19/11/2021,383.4380,4,0.45,-167.3184,95.4095
4795,85,949,30/10/2021,25/11/2021,363.9200,5,0.20,0.0000,72.5840
4796,587,373,19/05/2021,01/06/2021,11.5600,2,0.00,5.6644,5.7800
4797,561,647,20/01/2021,14/02/2021,107.9400,6,0.00,30.2232,17.9900
4798,593,973,06/05/2021,20/05/2021,23.9120,2,0.80,-40.6504,11.1560
4799,453,261,19/04/2021,24/04/2021,36.2880,7,0.20,12.7008,4.9840
4800,262,1505,30/08/2021,26/09/2021,35.9600,1,0.20,3.5960,35.7600
4801,646,1367,08/12/2021,18/12/2021,14.1360,2,0.60,-7.7748,6.4680
4802,529,866,23/05/2021,03/06/2021,485.8800,6,0.00,9.7176,80.9800
4803,455,798,07/05/2021,20/05/2021,19.9360,4,0.20,7.2268,4.7840
4804,201,780,14/01/2021,30/01/2021,12.9900,1,0.00,0.2598,12.9900
4805,547,692,13/05/2021,15/05/2021,124.7500,5,0.00,57.3850,24.9500
4806,453,543,04/09/2021,17/09/2021,67.1360,4,0.20,23.4976,16.5840
4807,536,876,14/07/2021,01/08/2021,3.0360,3,0.80,-5.0094,0.2120
4808,280,473,21/08/2021,31/08/2021,54.7920,6,0.70,-40.1808,8.4320
4809,696,784,03/02/2021,08/02/2021,173.2400,4,0.00,17.3240,43.3100
4810,470,792,19/08/2021,11/09/2021,168.4640,2,0.20,-29.4812,84.0320
4811,490,187,27/11/2021,19/12/2021,2.9460,2,0.70,-2.2586,0.7730
4812,617,57,16/06/2021,07/07/2021,127.7640,2,0.10,2.8392,63.7820
4813,358,861,30/01/2021,22/02/2021,258.7500,3,0.00,77.6250,86.2500
4814,552,896,27/11/2021,28/11/2021,329.9880,2,0.40,-76.9972,164.5940
4815,725,1144,11/03/2021,12/03/2021,94.2000,5,0.00,39.5640,18.8400
4816,536,146,19/04/2021,17/05/2021,20.0160,3,0.20,6.2550,6.4720
4817,774,182,15/05/2021,04/06/2021,51.8400,8,0.00,24.8832,6.4800
4818,34,999,06/01/2021,30/01/2021,16.7200,5,0.20,3.3440,3.1440
4819,513,568,01/09/2021,26/09/2021,34.7700,3,0.00,11.4741,11.5900
4820,799,981,30/05/2021,19/06/2021,13.5600,2,0.00,6.2376,6.7800
4821,332,938,07/09/2021,11/09/2021,135.5160,1,0.40,-31.6204,135.1160
4822,584,581,21/05/2021,02/06/2021,48.8480,2,0.20,15.8756,24.2240
4823,463,649,14/03/2021,19/03/2021,79.9840,2,0.20,13.9972,39.7920
4824,516,1426,15/07/2021,25/07/2021,36.1120,2,0.20,12.6392,17.8560
4825,3,1536,12/12/2021,02/01/2022,8.5950,5,0.70,-6.3030,1.0190
4826,64,504,25/04/2021,29/04/2021,7.3000,2,0.00,2.1900,3.6500
4827,742,1096,12/02/2021,04/03/2021,435.9990,3,0.15,5.1294,145.1830
4828,133,1722,26/08/2021,13/09/2021,85.0560,3,0.20,28.7064,28.1520
4829,206,1193,11/12/2021,08/01/2022,23.3440,2,0.20,-1.4590,11.4720
4830,216,452,03/06/2021,09/06/2021,6354.9500,5,0.00,3177.4750,1270.9900
4831,326,1440,23/06/2021,17/07/2021,14.8800,2,0.00,3.7200,7.4400
4832,586,1390,21/10/2021,04/11/2021,65.5000,5,0.00,32.0950,13.1000
4833,732,819,30/09/2021,04/10/2021,81.7920,6,0.20,26.5824,13.4320
4834,48,31,02/08/2021,28/08/2021,71.9200,4,0.00,20.8568,17.9800
4835,309,1155,22/06/2021,29/06/2021,15.8720,1,0.20,1.1904,15.6720
4836,327,121,05/12/2021,01/01/2022,915.1360,4,0.20,102.9528,228.5840
4837,160,575,16/08/2021,24/08/2021,191.9840,2,0.20,4.7996,95.7920
4838,644,742,06/12/2021,22/12/2021,204.6000,2,0.00,53.1960,102.3000
4839,718,241,15/10/2021,04/11/2021,246.1680,3,0.20,21.5397,81.8560
4840,637,853,14/07/2021,10/08/2021,10.1280,2,0.20,3.6714,4.8640
4841,768,1474,03/11/2021,14/11/2021,55.4800,1,0.00,26.6304,55.4800
4842,579,1651,02/10/2021,08/10/2021,772.6800,5,0.20,-57.9510,154.3360
4843,234,1834,27/08/2021,05/09/2021,480.0000,4,0.00,225.6000,120.0000
4844,549,1251,07/10/2021,05/11/2021,64.8640,4,0.20,6.4864,16.0160
4845,307,16,27/12/2021,15/01/2022,1.6960,2,0.80,-2.5440,0.0480
4846,250,951,06/01/2021,08/01/2021,206.3840,2,0.20,23.2182,102.9920
4847,427,249,18/07/2021,29/07/2021,7.0400,4,0.00,3.0976,1.7600
4848,557,586,19/04/2021,29/04/2021,31.1040,6,0.20,10.8864,4.9840
4849,701,519,04/02/2021,06/03/2021,142.7760,1,0.20,17.8470,142.5760
4850,346,459,25/08/2021,05/09/2021,17.9400,3,0.00,8.0730,5.9800
4851,372,1771,23/12/2021,12/01/2022,63.8240,2,0.20,9.5736,31.7120
4852,610,70,01/02/2021,02/02/2021,30.4800,6,0.20,9.9060,4.8800
4853,428,1006,24/01/2021,20/02/2021,236.0000,4,0.00,40.1200,59.0000
4854,136,13,06/03/2021,14/03/2021,12.9600,2,0.00,6.2208,6.4800
4855,223,739,01/12/2021,20/12/2021,31.1040,6,0.20,10.8864,4.9840
4856,82,791,13/10/2021,17/10/2021,254.6040,14,0.30,-18.1860,17.8860
4857,259,1071,19/04/2021,01/05/2021,94.1920,7,0.80,-164.8360,12.6560
4858,58,154,10/07/2021,03/08/2021,28.4000,5,0.00,13.3480,5.6800
4859,762,1217,21/11/2021,02/12/2021,119.9760,3,0.20,22.4955,39.7920
4860,249,307,13/06/2021,20/06/2021,1439.9760,4,0.40,191.9968,359.5940
4861,22,894,02/08/2021,04/08/2021,253.7640,2,0.10,31.0156,126.7820
4862,365,1660,13/06/2021,26/06/2021,10.2720,3,0.20,3.4668,3.2240
4863,88,659,11/02/2021,25/02/2021,33.9000,2,0.00,2.0340,16.9500
4864,745,441,15/01/2021,01/02/2021,119.6160,8,0.20,40.3704,14.7520
4865,258,1102,19/08/2021,30/08/2021,8.7120,2,0.80,-19.6020,3.5560
4866,710,1110,09/11/2021,09/12/2021,344.9400,3,0.00,31.0446,114.9800
4867,88,129,11/02/2021,21/02/2021,12.0320,8,0.20,2.2560,1.3040
4868,575,16,07/05/2021,09/05/2021,5.9360,7,0.80,-8.9040,0.0480
4869,465,152,13/09/2021,26/09/2021,5.9800,1,0.00,2.6910,5.9800
4870,668,618,31/10/2021,01/11/2021,8.2600,2,0.00,3.7996,4.1300
4871,665,751,22/12/2021,20/01/2022,34.0200,3,0.00,16.6698,11.3400
4872,590,1337,26/07/2021,17/08/2021,39.8160,3,0.20,7.4655,13.0720
4873,89,894,28/02/2021,13/03/2021,563.9200,5,0.20,7.0490,112.5840
4874,787,1152,01/01/2021,05/01/2021,823.9600,5,0.20,51.4975,164.5920
4875,73,1051,19/09/2021,08/10/2021,5.5600,2,0.00,2.2240,2.7800
4876,597,165,13/06/2021,22/06/2021,182.2200,3,0.00,45.5550,60.7400
4877,127,1522,13/04/2021,09/05/2021,5.3440,4,0.60,-2.1376,0.7360
4878,166,1156,04/10/2021,26/10/2021,409.2720,2,0.40,-81.8544,204.2360
4879,321,1269,31/08/2021,16/09/2021,60.1200,9,0.00,28.8576,6.6800
4880,380,1803,23/02/2021,27/02/2021,26.4240,9,0.20,9.5787,2.7360
4881,645,17,18/11/2021,03/12/2021,443.9200,4,0.00,8.8784,110.9800
4882,747,1422,19/01/2021,05/02/2021,6.8480,2,0.20,2.1400,3.2240
4883,717,710,23/01/2021,27/01/2021,91.6800,5,0.20,28.6500,18.1360
4884,638,1009,04/06/2021,25/06/2021,11.7600,2,0.00,5.7624,5.8800
4885,371,1728,26/08/2021,21/09/2021,989.9700,3,0.00,395.9880,329.9900
4886,294,126,16/11/2021,21/11/2021,190.8480,3,0.20,-21.4704,63.4160
4887,480,1089,15/08/2021,09/09/2021,21.5600,7,0.00,10.3488,3.0800
4888,392,8,04/08/2021,30/08/2021,907.1520,6,0.20,90.7152,150.9920
4889,45,3,07/08/2021,23/08/2021,17.5440,3,0.20,5.9211,5.6480
4890,350,1076,31/03/2021,03/04/2021,8.4480,2,0.20,2.9568,4.0240
4891,598,50,21/09/2021,17/10/2021,75.1800,6,0.00,35.3346,12.5300
4892,403,528,20/07/2021,13/08/2021,34.7900,7,0.00,10.7849,4.9700
4893,139,1554,19/01/2021,01/02/2021,15.5200,4,0.00,4.5008,3.8800
4894,565,271,09/10/2021,13/10/2021,83.8400,2,0.20,27.2480,41.7200
4895,303,1009,28/01/2021,21/02/2021,11.7600,2,0.00,5.7624,5.8800
4896,464,154,05/10/2021,29/10/2021,19.8720,3,0.20,6.7068,6.4240
4897,238,1396,27/08/2021,19/09/2021,10.3200,2,0.20,3.7410,4.9600
4898,644,134,16/12/2021,21/12/2021,38.0880,4,0.70,-27.9312,8.8220
4899,518,154,10/03/2021,26/03/2021,49.5680,2,0.20,17.9684,24.5840
4900,739,848,08/07/2021,18/07/2021,306.2000,5,0.00,0.0000,61.2400
4901,279,525,19/03/2021,11/04/2021,755.9440,7,0.20,66.1451,107.7920
4902,263,481,03/12/2021,21/12/2021,132.2240,4,0.20,-18.1808,32.8560
4903,152,294,05/09/2021,28/09/2021,360.0000,4,0.00,129.6000,90.0000
4904,245,15,09/01/2021,08/02/2021,13.7620,1,0.80,-24.7716,12.9620
4905,665,3,13/08/2021,25/08/2021,14.6200,2,0.00,6.8714,7.3100
4906,103,563,11/03/2021,19/03/2021,36.3520,8,0.20,11.3600,4.3440
4907,132,990,22/10/2021,09/11/2021,146.6880,6,0.20,55.0080,24.2480
4908,523,806,22/01/2021,26/01/2021,6.6880,2,0.20,2.3408,3.1440
4909,646,530,05/06/2021,28/06/2021,68.2380,3,0.40,-12.5103,22.3460
4910,569,1554,29/08/2021,26/09/2021,15.5200,4,0.00,4.5008,3.8800
4911,723,630,15/06/2021,21/06/2021,1586.6900,7,0.00,412.5394,226.6700
4912,43,1037,05/12/2021,16/12/2021,21.8400,3,0.00,10.4832,7.2800
4913,352,956,21/09/2021,26/09/2021,182.5500,2,0.50,-135.0870,90.7750
4914,718,1766,29/05/2021,20/06/2021,27.8800,2,0.00,3.9032,13.9400
4915,350,1270,26/05/2021,25/06/2021,270.7200,3,0.00,78.5088,90.2400
4916,792,449,01/10/2021,14/10/2021,21.9200,8,0.00,5.9184,2.7400
4917,293,773,07/07/2021,04/08/2021,15.5280,3,0.20,4.8525,4.9760
4918,485,773,16/06/2021,26/06/2021,19.1520,2,0.20,1.1970,9.3760
4919,639,780,12/10/2021,07/11/2021,38.9700,3,0.00,0.7794,12.9900
4920,226,1134,26/07/2021,19/08/2021,5.1840,1,0.20,1.8144,4.9840
4921,248,992,13/01/2021,06/02/2021,18.2400,3,0.80,-31.0080,5.2800
4922,709,154,24/06/2021,15/07/2021,62.2400,8,0.00,29.2528,7.7800
4923,167,1294,21/08/2021,03/09/2021,60.6720,6,0.20,12.8928,9.9120
4924,273,756,28/02/2021,10/03/2021,0.5560,1,0.80,-0.9452,-0.2440
4925,125,1565,05/08/2021,03/09/2021,14.5200,3,0.00,5.6628,4.8400
4926,182,41,09/02/2021,06/03/2021,147.1680,4,0.20,16.5564,36.5920
4927,212,556,15/09/2021,11/10/2021,167.8600,2,0.00,78.8942,83.9300
4928,280,1041,09/12/2021,26/12/2021,113.9200,2,0.00,33.0368,56.9600
4929,502,1518,29/08/2021,09/09/2021,70.5600,6,0.00,23.9904,11.7600
4930,204,641,30/12/2021,13/01/2022,132.7900,7,0.00,63.7392,18.9700
4931,370,247,09/01/2021,03/02/2021,1633.1400,9,0.00,473.6106,181.4600
4932,218,386,24/03/2021,23/04/2021,571.4400,4,0.00,165.7176,142.8600
4933,566,1265,21/08/2021,14/09/2021,27.3600,9,0.00,9.3024,3.0400
4934,55,265,01/02/2021,23/02/2021,26.0100,9,0.00,12.2247,2.8900
4935,465,410,17/06/2021,11/07/2021,299.9700,3,0.00,125.9874,99.9900
4936,439,247,18/01/2021,02/02/2021,1088.7600,6,0.00,315.7404,181.4600
4937,431,904,08/12/2021,13/12/2021,281.4240,11,0.20,-35.1780,25.3840
4938,118,175,14/06/2021,28/06/2021,71.9760,3,0.20,7.1976,23.7920
4939,560,896,25/07/2021,19/08/2021,1979.9280,9,0.20,148.4946,219.7920
4940,516,207,02/06/2021,02/07/2021,18.1760,1,0.20,4.7712,17.9760
4941,301,1202,21/01/2021,22/01/2021,14.1300,3,0.00,0.7065,4.7100
4942,768,1549,24/02/2021,25/03/2021,102.2400,4,0.20,-16.6140,25.3600
4943,342,28,21/06/2021,24/06/2021,32.0600,2,0.00,15.3888,16.0300
4944,511,1359,14/10/2021,06/11/2021,301.4700,3,0.50,-241.1760,99.9900
4945,702,494,26/11/2021,01/12/2021,5.4700,1,0.00,2.3521,5.4700
4946,339,29,25/09/2021,18/10/2021,289.8000,7,0.20,36.2250,41.2000
4947,657,230,20/11/2021,05/12/2021,643.1360,4,0.20,56.2744,160.5840
4948,361,1297,07/05/2021,23/05/2021,1.2720,2,0.80,-2.1624,-0.1640
4949,471,804,30/01/2021,04/02/2021,33.2820,3,0.70,-27.7350,10.3940
4950,159,315,25/10/2021,03/11/2021,29.4720,3,0.20,9.9468,9.6240
4951,221,1532,18/02/2021,09/03/2021,655.9000,5,0.00,275.4780,131.1800
4952,16,223,16/10/2021,08/11/2021,31.1680,4,0.20,9.3504,7.5920
4953,124,962,22/03/2021,27/03/2021,77.5200,2,0.00,37.9848,38.7600
4954,769,1661,25/05/2021,15/06/2021,1263.3000,6,0.00,315.8250,210.5500
4955,528,734,30/05/2021,26/06/2021,1297.3680,9,0.20,97.3026,143.9520
4956,413,251,20/07/2021,09/08/2021,13.2300,3,0.00,6.0858,4.4100
4957,758,1821,11/03/2021,17/03/2021,3357.6000,3,0.20,377.7300,1119.0000
4958,292,1573,04/07/2021,26/07/2021,1.0440,1,0.80,-1.8270,0.2440
4959,27,62,11/10/2021,16/10/2021,16.1400,3,0.00,7.9086,5.3800
4960,59,621,06/02/2021,19/02/2021,5.6400,3,0.00,2.7072,1.8800
4961,414,1064,31/01/2021,07/02/2021,8.9600,2,0.00,2.7776,4.4800
4962,765,886,20/02/2021,14/03/2021,63.9680,2,0.20,0.0000,31.7840
4963,97,393,02/04/2021,26/04/2021,194.9400,3,0.00,23.3928,64.9800
4964,560,1653,14/04/2021,04/05/2021,43.9600,2,0.00,20.6612,21.9800
4965,305,1308,16/01/2021,05/02/2021,10.5280,4,0.20,3.2900,2.4320
4966,792,900,20/03/2021,10/04/2021,431.9400,2,0.40,-71.9900,215.5700
4967,698,1131,24/08/2021,03/09/2021,29.3200,2,0.60,-24.1890,14.0600
4968,722,416,24/02/2021,17/03/2021,241.5680,2,0.20,0.0000,120.5840
4969,53,939,16/02/2021,15/03/2021,18.7600,2,0.00,9.0048,9.3800
4970,329,230,23/09/2021,11/10/2021,422.0580,3,0.30,-18.0882,140.3860
4971,620,298,01/09/2021,06/09/2021,775.7280,6,0.20,58.1796,129.0880
4972,533,1485,09/03/2021,16/03/2021,421.3720,2,0.30,-6.0196,210.3860
4973,635,483,28/08/2021,19/09/2021,26.7200,5,0.20,9.3520,5.1440
4974,89,1589,16/11/2021,01/12/2021,10.6400,4,0.00,2.7664,2.6600
4975,458,1379,20/07/2021,25/07/2021,4.9280,2,0.20,0.7392,2.2640
4976,12,377,06/10/2021,02/11/2021,56.5600,4,0.00,14.7056,14.1400
4977,264,1808,17/12/2021,12/01/2022,148.0200,3,0.00,41.4456,49.3400
4978,461,1030,05/10/2021,18/10/2021,3.5200,2,0.00,1.0208,1.7600
4979,205,1842,08/02/2021,10/02/2021,436.7040,6,0.20,21.8352,72.5840
4980,287,292,20/10/2021,23/10/2021,317.0580,3,0.30,-18.1176,105.3860
4981,651,466,10/09/2021,07/10/2021,136.2600,9,0.00,5.4504,15.1400
4982,595,298,27/12/2021,12/01/2022,161.6100,1,0.00,42.0186,161.6100
4983,88,461,22/01/2021,02/02/2021,129.5680,2,0.20,-25.9136,64.5840
4984,175,998,19/11/2021,05/12/2021,6.8480,2,0.20,0.5992,3.2240
4985,462,544,27/07/2021,28/07/2021,356.7900,7,0.00,99.9012,50.9700
4986,213,1339,11/06/2021,23/06/2021,27.9600,2,0.00,7.2696,13.9800
4987,205,213,11/06/2021,26/06/2021,242.3520,3,0.20,-42.4116,80.5840
4988,9,1278,02/03/2021,21/03/2021,166.4500,5,0.00,39.9480,33.2900
4989,690,1763,28/03/2021,25/04/2021,170.2400,2,0.20,53.2000,84.9200
4990,455,98,14/03/2021,13/04/2021,199.9500,5,0.00,21.9945,39.9900
4991,478,917,22/06/2021,24/06/2021,20.8200,3,0.00,7.4952,6.9400
4992,625,53,19/05/2021,14/06/2021,8.7200,5,0.20,2.2890,1.5440
4993,383,67,18/03/2021,30/03/2021,167.9680,4,0.20,62.9880,41.7920
4994,475,1106,02/01/2021,09/01/2021,8.5600,2,0.00,3.8520,4.2800
4995,445,225,30/09/2021,21/10/2021,567.1200,10,0.20,-28.3560,56.5120
4996,180,58,10/06/2021,18/06/2021,36.4000,5,0.00,17.4720,7.2800
4997,368,271,15/07/2021,06/08/2021,251.5200,6,0.20,81.7440,41.7200
4998,215,1676,30/03/2021,09/04/2021,479.9760,3,0.20,161.9919,159.7920
4999,236,1418,25/08/2021,18/09/2021,64.3840,1,0.20,8.0480,64.1840
5000,657,165,26/05/2021,14/06/2021,60.7400,1,0.00,15.1850,60.7400
5001,506,1046,17/10/2021,24/10/2021,8.9600,2,0.00,4.3904,4.4800
5002,569,1111,19/02/2021,11/03/2021,36.6000,3,0.00,15.3720,12.2000
5003,2,87,14/07/2021,16/07/2021,158.3680,7,0.20,13.8572,22.4240
5004,138,719,26/01/2021,22/02/2021,399.6720,7,0.20,-14.9877,56.8960
5005,440,994,27/08/2021,18/09/2021,54.9200,4,0.00,19.7712,13.7300
5006,265,308,27/12/2021,20/01/2022,10.7760,3,0.20,3.5022,3.3920
5007,633,350,21/11/2021,21/12/2021,1199.9800,2,0.00,467.9922,599.9900
5008,620,1257,30/11/2021,01/12/2021,30.9800,1,0.00,8.0548,30.9800
5009,200,426,18/04/2021,29/04/2021,5.8800,2,0.00,2.6460,2.9400
5010,65,1531,06/10/2021,18/10/2021,18.0000,1,0.00,3.2400,18.0000
5011,357,983,17/04/2021,13/05/2021,1099.5000,10,0.00,362.8350,109.9500
5012,654,675,20/09/2021,11/10/2021,33.7200,4,0.00,15.5112,8.4300
5013,429,1029,23/03/2021,26/03/2021,4.9280,2,0.20,1.7248,2.2640
5014,150,1633,24/02/2021,25/03/2021,8.4000,5,0.00,2.1840,1.6800
5015,199,1308,19/11/2021,02/12/2021,2.6320,1,0.20,0.8225,2.4320
5016,289,1183,29/10/2021,27/11/2021,33.2800,5,0.80,-49.9200,5.8560
5017,532,681,14/01/2021,08/02/2021,32.4000,5,0.00,15.5520,6.4800
5018,796,199,02/08/2021,11/08/2021,39.0000,3,0.00,17.5500,13.0000
5019,26,1256,22/09/2021,17/10/2021,666.3440,7,0.20,66.6344,94.9920
5020,784,695,23/03/2021,05/04/2021,192.1600,5,0.20,67.2560,38.2320
5021,605,508,30/11/2021,11/12/2021,6.4600,2,0.00,3.1654,3.2300
5022,173,1731,10/03/2021,15/03/2021,6.3680,2,0.20,2.3880,2.9840
5023,137,1701,12/11/2021,07/12/2021,73.1760,6,0.80,-197.5752,11.3960
5024,659,34,16/06/2021,11/07/2021,24.5600,2,0.00,11.5432,12.2800
5025,401,473,24/09/2021,25/09/2021,54.7920,6,0.70,-40.1808,8.4320
5026,647,431,30/11/2021,19/12/2021,205.6660,2,0.15,-12.0980,102.6830
5027,101,629,07/03/2021,17/03/2021,14.0400,3,0.20,1.5795,4.4800
5028,631,10,12/09/2021,05/10/2021,114.9000,5,0.00,34.4700,22.9800
5029,800,604,05/01/2021,14/01/2021,179.9700,3,0.00,86.3856,59.9900
5030,772,1128,22/12/2021,15/01/2022,2.9520,1,0.20,0.9963,2.7520
5031,133,437,03/06/2021,24/06/2021,11.0700,3,0.00,5.0922,3.6900
5032,270,832,01/11/2021,05/11/2021,13.1200,4,0.00,3.8048,3.2800
5033,250,1116,20/09/2021,13/10/2021,122.9700,3,0.00,60.2553,40.9900
5034,483,1567,01/01/2021,13/01/2021,23.0800,2,0.00,6.9240,11.5400
5035,211,1732,24/12/2021,18/01/2022,32.1300,9,0.00,8.3538,3.5700
5036,524,1535,09/01/2021,12/01/2021,657.5520,6,0.20,49.3164,109.3920
5037,661,819,20/02/2021,16/03/2021,122.6880,9,0.20,39.8736,13.4320
5038,628,1570,02/07/2021,04/07/2021,1159.0560,9,0.20,43.4646,128.5840
5039,253,417,30/01/2021,16/02/2021,6.3840,1,0.20,2.1546,6.1840
5040,220,1505,18/04/2021,03/05/2021,89.9000,2,0.00,25.1720,44.9500
5041,583,1807,13/09/2021,21/09/2021,9.2160,4,0.20,3.3408,2.1040
5042,262,306,23/10/2021,30/10/2021,61.7760,13,0.20,20.8494,4.5520
5043,184,530,22/05/2021,19/06/2021,113.7300,3,0.00,32.9817,37.9100
5044,697,936,01/04/2021,19/04/2021,663.0720,6,0.20,-165.7680,110.3120
5045,441,1521,29/03/2021,03/04/2021,34.2400,8,0.00,15.4080,4.2800
5046,353,1478,23/04/2021,05/05/2021,65.7900,9,0.00,30.2634,7.3100
5047,421,1567,20/07/2021,17/08/2021,11.5400,1,0.00,3.4620,11.5400
5048,495,1475,27/05/2021,07/06/2021,220.9800,1,0.00,50.8254,220.9800
5049,9,1805,12/05/2021,17/05/2021,756.8000,5,0.00,75.6800,151.3600
5050,157,429,16/12/2021,26/12/2021,239.9700,3,0.00,86.3892,79.9900
5051,756,201,23/01/2021,16/02/2021,579.1360,4,0.20,21.7176,144.5840
5052,755,1015,13/11/2021,18/11/2021,4.6000,2,0.80,-8.0500,1.5000
5053,604,699,03/10/2021,14/10/2021,8.7300,1,0.00,2.9682,8.7300
5054,749,82,02/09/2021,17/09/2021,200.9840,7,0.20,62.8075,28.5120
5055,733,785,29/07/2021,13/08/2021,9.1560,2,0.70,-6.1040,3.8780
5056,374,1825,08/08/2021,10/08/2021,122.9400,3,0.00,30.7350,40.9800
5057,214,624,06/07/2021,14/07/2021,577.7640,2,0.10,115.5528,288.7820
5058,181,556,02/11/2021,09/11/2021,134.2880,2,0.20,45.3222,66.9440
5059,403,453,22/12/2021,28/12/2021,547.3000,13,0.00,175.1360,42.1000
5060,602,1160,26/05/2021,06/06/2021,3.3800,1,0.00,1.2506,3.3800
5061,626,510,08/06/2021,19/06/2021,52.9900,1,0.00,0.5299,52.9900
5062,547,544,04/01/2021,27/01/2021,203.8800,5,0.20,20.3880,40.5760
5063,130,627,18/10/2021,17/11/2021,40.3000,2,0.00,10.8810,20.1500
5064,572,232,14/10/2021,07/11/2021,42.9760,4,0.20,4.2976,10.5440
5065,111,1285,24/02/2021,20/03/2021,1875.2580,7,0.40,-968.8833,267.4940
5066,94,676,17/07/2021,16/08/2021,28.4000,5,0.00,8.2360,5.6800
5067,418,611,21/03/2021,13/04/2021,34.4800,2,0.00,9.9992,17.2400
5068,57,1717,07/12/2021,11/12/2021,50.4000,8,0.00,23.1840,6.3000
5069,740,54,04/09/2021,10/09/2021,411.9800,2,0.00,119.4742,205.9900
5070,706,1019,22/12/2021,15/01/2022,14.5600,2,0.00,6.2608,7.2800
5071,722,885,29/01/2021,22/02/2021,47.9520,3,0.20,13.7862,15.7840
5072,339,1256,20/03/2021,07/04/2021,285.5760,4,0.40,-57.1152,70.9940
5073,710,746,04/05/2021,26/05/2021,36.2880,7,0.20,12.7008,4.9840
5074,145,103,14/12/2021,16/12/2021,98.3520,3,0.20,35.6526,32.5840
5075,164,1595,27/11/2021,05/12/2021,156.7920,1,0.20,17.6391,156.5920
5076,767,857,30/07/2021,29/08/2021,35.8080,4,0.20,12.5328,8.7520
5077,56,1130,14/01/2021,20/01/2021,189.0000,1,0.00,68.0400,189.0000
5078,8,87,14/02/2021,03/03/2021,158.3680,7,0.20,13.8572,22.4240
5079,673,1352,26/04/2021,05/05/2021,47.7900,3,0.00,16.2486,15.9300
5080,427,1557,15/03/2021,13/04/2021,21.3600,8,0.00,8.1168,2.6700
5081,226,1483,24/09/2021,26/09/2021,13.2800,2,0.00,6.3744,6.6400
5082,675,1410,09/01/2021,05/02/2021,72.7440,7,0.20,-12.7302,10.1920
5083,320,1488,12/05/2021,25/05/2021,10.3600,2,0.00,5.0764,5.1800
5084,196,1027,09/01/2021,31/01/2021,33.8200,2,0.00,9.1314,16.9100
5085,195,904,16/11/2021,04/12/2021,102.3360,4,0.20,-12.7920,25.3840
5086,379,833,02/09/2021,14/09/2021,515.8800,6,0.00,113.4936,85.9800
5087,547,1179,21/07/2021,23/07/2021,25.9200,4,0.00,12.4416,6.4800
5088,762,306,26/08/2021,08/09/2021,14.2560,3,0.20,4.4550,4.5520
5089,579,223,07/05/2021,08/05/2021,29.2200,3,0.00,12.8568,9.7400
5090,78,1314,17/08/2021,25/08/2021,959.9680,4,0.20,119.9960,239.7920
5091,404,877,09/03/2021,01/04/2021,17.0240,2,0.20,1.7024,8.3120
5092,242,33,25/01/2021,24/02/2021,15.7600,2,0.20,3.5460,7.6800
5093,218,234,04/04/2021,25/04/2021,102.9600,2,0.00,1.0296,51.4800
5094,241,992,29/01/2021,26/02/2021,72.9600,3,0.20,23.7120,24.1200
5095,70,1192,16/08/2021,08/09/2021,20.4160,4,0.20,6.6352,4.9040
5096,734,777,21/01/2021,25/01/2021,29.5200,4,0.00,14.4648,7.3800
5097,399,416,05/05/2021,19/05/2021,241.5680,2,0.20,0.0000,120.5840
5098,649,306,20/06/2021,22/06/2021,4.7520,1,0.20,1.6038,4.5520
5099,793,1344,03/10/2021,02/11/2021,23.9200,4,0.00,10.7640,5.9800
5100,158,1814,18/01/2021,03/02/2021,40.7400,3,0.00,12.2220,13.5800
5101,443,628,13/07/2021,17/07/2021,7.9040,2,0.20,2.1736,3.7520
5102,410,1352,03/04/2021,15/04/2021,47.7900,3,0.00,16.2486,15.9300
5103,502,16,23/06/2021,28/06/2021,38.1600,9,0.00,19.0800,4.2400
5104,425,599,25/11/2021,08/12/2021,43.9200,5,0.20,15.9210,8.5840
5105,558,73,08/10/2021,19/10/2021,636.8600,7,0.00,0.0000,90.9800
5106,615,437,28/04/2021,18/05/2021,11.0700,3,0.00,5.0922,3.6900
5107,484,1361,25/07/2021,01/08/2021,7.5360,6,0.80,-13.1880,0.4560
5108,571,512,15/11/2021,27/11/2021,45.3600,7,0.00,21.7728,6.4800
5109,460,1273,12/02/2021,06/03/2021,22.2480,3,0.20,7.5087,7.2160
5110,795,1234,16/01/2021,26/01/2021,52.3400,2,0.00,24.5998,26.1700
5111,54,59,18/09/2021,21/09/2021,106.0500,7,0.00,49.8435,15.1500
5112,774,221,16/07/2021,20/07/2021,25.9200,5,0.20,9.3960,4.9840
5113,758,1223,08/11/2021,22/11/2021,7.9200,5,0.20,1.6830,1.3840
5114,125,422,04/09/2021,04/10/2021,24.6720,2,0.20,2.1588,12.1360
5115,120,1678,05/04/2021,29/04/2021,440.1900,9,0.00,206.8893,48.9100
5116,299,660,05/05/2021,19/05/2021,5.0000,1,0.00,2.4000,5.0000
5117,174,586,16/06/2021,29/06/2021,10.3680,2,0.20,3.6288,4.9840
5118,145,928,23/04/2021,05/05/2021,38.8800,6,0.00,18.6624,6.4800
5119,600,1718,02/03/2021,27/03/2021,15.9920,1,0.20,-2.9985,15.7920
5120,90,690,14/05/2021,29/05/2021,259.7000,5,0.00,106.4770,51.9400
5121,637,780,06/01/2021,31/01/2021,31.1760,3,0.20,-7.0146,10.1920
5122,432,1843,21/02/2021,22/02/2021,7.0720,2,0.20,2.3868,3.3360
5123,115,1574,14/08/2021,25/08/2021,69.3750,1,0.50,-47.1750,68.8750
5124,438,321,23/06/2021,20/07/2021,34.4000,5,0.00,15.8240,6.8800
5125,507,3,19/06/2021,21/06/2021,14.6200,2,0.00,6.8714,7.3100
5126,503,276,17/05/2021,13/06/2021,58.2000,3,0.00,28.5180,19.4000
5127,89,220,07/12/2021,09/12/2021,15.8400,3,0.00,7.1280,5.2800
5128,22,1181,15/11/2021,27/11/2021,48.5800,1,0.00,7.7728,48.5800
5129,175,1035,11/09/2021,20/09/2021,8.7840,4,0.80,-13.6152,1.3960
5130,581,1270,10/04/2021,21/04/2021,270.7200,3,0.00,78.5088,90.2400
5131,354,400,10/10/2021,03/11/2021,172.7360,4,0.20,-30.2288,42.9840
5132,764,4,20/09/2021,10/10/2021,1044.6300,5,0.40,-295.9785,208.5260
5133,52,1403,01/08/2021,28/08/2021,192.1600,4,0.00,92.2368,48.0400
5134,89,930,09/12/2021,08/01/2022,14.2000,1,0.20,3.3725,14.0000
5135,401,1187,07/04/2021,03/05/2021,22.6600,2,0.00,9.7438,11.3300
5136,166,1047,05/03/2021,26/03/2021,1025.8800,6,0.00,235.9524,170.9800
5137,773,773,06/02/2021,03/03/2021,30.9760,8,0.20,5.0336,3.6720
5138,704,1168,01/10/2021,17/10/2021,7.3800,5,0.70,-5.4120,0.7760
5139,55,1280,09/03/2021,31/03/2021,4899.9300,7,0.00,2302.9670,699.9900
5140,355,136,04/01/2021,08/01/2021,14.7000,5,0.00,3.9690,2.9400
5141,418,851,05/02/2021,02/03/2021,241.9600,2,0.00,60.4900,120.9800
5142,116,18,19/11/2021,01/12/2021,88.8000,4,0.20,-2.2200,22.0000
5143,356,1169,04/08/2021,27/08/2021,54.7680,2,0.20,6.8460,27.1840
5144,335,1338,18/08/2021,05/09/2021,37.5900,3,0.00,17.6673,12.5300
5145,19,1040,24/12/2021,02/01/2022,7.9680,2,0.20,2.8884,3.7840
5146,264,1602,13/08/2021,19/08/2021,26.4000,5,0.00,11.8800,5.2800
5147,16,1255,27/04/2021,10/05/2021,67.5600,3,0.20,8.4450,22.3200
5148,242,99,20/10/2021,09/11/2021,7.1520,3,0.20,2.3244,2.1840
5149,691,562,22/03/2021,04/04/2021,108.9250,1,0.50,-71.8905,108.4250
5150,71,1660,09/08/2021,04/09/2021,38.5200,9,0.00,18.1044,4.2800
5151,380,63,17/11/2021,16/12/2021,146.7300,3,0.00,68.9631,48.9100
5152,654,1256,01/07/2021,22/07/2021,666.3440,7,0.20,66.6344,94.9920
5153,40,495,08/07/2021,16/07/2021,3.9600,2,0.00,0.0000,1.9800
5154,258,756,04/09/2021,04/10/2021,2.5020,3,0.70,-2.0016,0.1340
5155,212,49,21/10/2021,06/11/2021,7.6440,4,0.70,-5.8604,1.2110
5156,535,1552,29/12/2021,07/01/2022,186.1440,6,0.20,60.4968,30.8240
5157,227,15,06/03/2021,01/04/2021,123.8580,2,0.10,46.7908,61.8290
5158,647,67,26/11/2021,21/12/2021,125.9760,3,0.20,47.2410,41.7920
5159,285,532,30/06/2021,30/07/2021,120.7840,1,0.20,13.5882,120.5840
5160,123,1109,06/08/2021,20/08/2021,28.7520,6,0.20,9.7038,4.5920
5161,432,718,28/05/2021,07/06/2021,281.9040,2,0.20,10.5714,140.7520
5162,15,6,11/08/2021,31/08/2021,48.8600,7,0.00,14.1694,6.9800
5163,427,1528,13/12/2021,18/12/2021,21.5000,10,0.00,7.0950,2.1500
5164,354,1337,17/10/2021,27/10/2021,39.8160,3,0.20,7.4655,13.0720
5165,300,251,20/12/2021,18/01/2022,13.2300,3,0.00,6.0858,4.4100
5166,235,1575,21/11/2021,22/11/2021,51.0160,7,0.20,8.2901,7.0880
5167,544,1135,10/10/2021,19/10/2021,56.9600,2,0.00,21.0752,28.4800
5168,412,9,18/11/2021,13/12/2021,24.6720,4,0.20,7.7100,5.9680
5169,125,1369,28/08/2021,20/09/2021,156.7920,1,0.20,13.7193,156.5920
5170,264,815,28/04/2021,23/05/2021,106.8000,10,0.20,10.6800,10.4800
5171,614,538,08/02/2021,02/03/2021,243.3840,3,0.20,-51.7191,80.9280
5172,86,822,10/01/2021,09/02/2021,29.2900,1,0.00,9.6657,29.2900
5173,380,561,01/08/2021,18/08/2021,111.8880,7,0.20,22.3776,15.7840
5174,147,1081,02/08/2021,16/08/2021,123.9200,5,0.20,38.7250,24.5840
5175,351,513,19/05/2021,24/05/2021,37.3760,8,0.20,4.6720,4.4720
5176,316,908,08/09/2021,20/09/2021,179.9000,5,0.00,44.9750,35.9800
5177,551,1677,30/07/2021,13/08/2021,1628.8200,9,0.00,260.6112,180.9800
5178,123,1113,11/06/2021,25/06/2021,58.4080,7,0.20,18.2525,8.1440
5179,658,1088,28/09/2021,12/10/2021,89.5440,7,0.20,12.3123,12.5920
5180,480,301,15/07/2021,25/07/2021,30.0720,3,0.20,10.1493,9.8240
5181,663,172,20/03/2021,26/03/2021,31.0200,2,0.00,8.0652,15.5100
5182,624,1319,01/12/2021,10/12/2021,409.9992,3,0.32,-96.4704,136.3464
5183,95,993,24/12/2021,25/12/2021,301.9600,2,0.00,45.2940,150.9800
5184,423,1383,21/10/2021,19/11/2021,11.4160,1,0.20,3.8529,11.2160
5185,651,1041,13/09/2021,05/10/2021,227.8400,4,0.00,66.0736,56.9600
5186,46,1336,05/11/2021,29/11/2021,435.1680,4,0.20,-59.8356,108.5920
5187,505,677,10/03/2021,11/03/2021,14.6200,2,0.00,6.8714,7.3100
5188,419,391,25/08/2021,06/09/2021,61.5840,1,0.20,-6.9282,61.3840
5189,735,658,09/06/2021,19/06/2021,191.9760,3,0.20,23.9970,63.7920
5190,514,1081,29/12/2021,30/12/2021,74.3520,3,0.20,23.2350,24.5840
5191,467,1706,15/04/2021,22/04/2021,2003.1680,4,0.20,250.3960,500.5920
5192,468,1024,14/12/2021,06/01/2022,35.4800,1,0.00,0.0000,35.4800
5193,750,1148,08/07/2021,29/07/2021,34.2400,4,0.80,-53.0720,7.7600
5194,765,949,15/12/2021,26/12/2021,63.6860,1,0.30,-9.0980,63.3860
5195,613,1530,26/08/2021,15/09/2021,12.9600,2,0.00,6.2208,6.4800
5196,79,648,26/10/2021,01/11/2021,1983.9680,4,0.20,247.9960,495.7920
5197,66,1484,09/11/2021,04/12/2021,67.9920,1,0.20,8.4990,67.7920
5198,147,10,17/05/2021,16/06/2021,22.9800,1,0.00,6.8940,22.9800
5199,690,348,19/04/2021,07/05/2021,29.2000,5,0.20,9.8550,5.6400
5200,569,111,17/11/2021,30/11/2021,21.4800,6,0.00,10.5252,3.5800
5201,225,274,08/08/2021,04/09/2021,541.2400,4,0.00,5.4124,135.3100
5202,307,1066,09/09/2021,02/10/2021,657.5040,6,0.20,-131.5008,109.3840
5203,286,42,02/01/2021,10/01/2021,194.7000,5,0.00,9.7350,38.9400
5204,434,154,01/03/2021,14/03/2021,56.0640,6,0.20,21.0240,9.1440
5205,243,132,14/04/2021,07/05/2021,6.9120,3,0.20,0.8640,2.1040
5206,222,1648,29/04/2021,01/05/2021,242.3520,8,0.70,-363.5280,29.5940
5207,408,721,14/11/2021,30/11/2021,113.5200,5,0.20,29.7990,22.5040
5208,462,1041,29/04/2021,09/05/2021,34.1760,3,0.80,-87.1488,10.5920
5209,365,1112,20/04/2021,03/05/2021,39.2800,8,0.00,19.2472,4.9100
5210,617,1233,26/12/2021,30/12/2021,4007.8400,10,0.20,-50.0980,400.5840
5211,671,891,26/01/2021,19/02/2021,48.6900,9,0.00,23.8581,5.4100
5212,453,1593,30/11/2021,23/12/2021,47.9840,2,0.20,-1.1996,23.7920
5213,340,651,18/11/2021,18/12/2021,106.9600,2,0.00,31.0184,53.4800
5214,274,918,20/10/2021,10/11/2021,9.9120,3,0.20,3.3453,3.1040
5215,384,1158,07/03/2021,20/03/2021,6.0000,2,0.20,2.1000,2.8000
5216,317,904,30/12/2021,20/01/2022,191.8800,6,0.00,19.1880,31.9800
5217,308,129,25/02/2021,15/03/2021,39.3120,13,0.20,12.7764,2.8240
5218,519,324,13/09/2021,21/09/2021,723.9200,4,0.00,188.2192,180.9800
5219,687,865,14/05/2021,16/05/2021,12.0960,7,0.20,4.2336,1.5280
5220,595,508,04/11/2021,27/11/2021,6.4600,2,0.00,3.1654,3.2300
5221,444,1636,07/01/2021,06/02/2021,9099.9300,7,0.00,2365.9817,1299.9900
5222,658,372,16/12/2021,18/12/2021,383.8000,5,0.20,38.3800,76.5600
5223,200,69,30/09/2021,23/10/2021,18.4640,4,0.20,6.9240,4.4160
5224,6,830,14/12/2021,13/01/2022,8.7200,5,0.20,2.9430,1.5440
5225,36,746,18/04/2021,22/04/2021,10.3680,2,0.20,3.6288,4.9840
5226,231,249,23/10/2021,14/11/2021,7.0400,4,0.00,3.0976,1.7600
5227,721,1172,30/09/2021,10/10/2021,597.1320,3,0.40,49.7610,198.6440
5228,165,853,02/11/2021,12/11/2021,15.1920,3,0.20,5.5071,4.8640
5229,197,1193,18/01/2021,23/01/2021,102.1300,7,0.00,15.3195,14.5900
5230,694,1148,11/09/2021,02/10/2021,34.2400,4,0.80,-53.0720,7.7600
5231,4,542,26/02/2021,17/03/2021,117.8820,1,0.10,1.3098,117.7820
5232,77,215,16/05/2021,11/06/2021,18.6480,7,0.70,-12.4320,1.9640
5233,560,699,27/09/2021,18/10/2021,17.4600,2,0.00,5.9364,8.7300
5234,8,901,13/08/2021,11/09/2021,58.7200,4,0.00,27.0112,14.6800
5235,429,1637,25/10/2021,03/11/2021,25.8300,7,0.00,12.1401,3.6900
5236,168,556,30/12/2021,27/01/2022,268.5760,4,0.20,90.6444,66.9440
5237,792,531,28/12/2021,02/01/2022,8.6900,5,0.80,-14.7730,0.9380
5238,648,1714,07/05/2021,01/06/2021,13.6800,2,0.00,3.6936,6.8400
5239,181,1278,30/11/2021,16/12/2021,99.8700,3,0.00,23.9688,33.2900
5240,353,1107,22/06/2021,16/07/2021,859.2000,4,0.40,-186.1600,214.4000
5241,111,499,26/06/2021,13/07/2021,19.4400,3,0.00,9.3312,6.4800
5242,33,101,12/07/2021,14/07/2021,447.9300,9,0.00,49.2723,49.7700
5243,508,245,03/12/2021,17/12/2021,93.0200,2,0.00,3.7208,46.5100
5244,687,1188,11/01/2021,01/02/2021,45.1200,3,0.20,-7.8960,14.8400
5245,694,996,04/09/2021,05/09/2021,1454.9000,5,0.00,378.2740,290.9800
5246,586,942,30/10/2021,07/11/2021,20.8800,8,0.00,9.6048,2.6100
5247,568,1032,07/10/2021,23/10/2021,10.0800,4,0.20,3.5280,2.3200
5248,217,660,04/08/2021,22/08/2021,5.0000,1,0.00,2.4000,5.0000
5249,473,421,20/01/2021,10/02/2021,659.9700,3,0.00,197.9910,219.9900
5250,738,715,16/09/2021,27/09/2021,39.5820,9,0.80,-59.3730,3.5980
5251,800,776,22/06/2021,17/07/2021,21.7280,7,0.20,7.6048,2.9040
5252,720,247,22/05/2021,20/06/2021,580.6720,4,0.20,65.3256,144.9680
5253,353,451,25/02/2021,12/03/2021,31.1600,2,0.00,7.7900,15.5800
5254,498,1263,05/03/2021,28/03/2021,114.4600,2,0.00,28.6150,57.2300
5255,605,525,21/04/2021,25/04/2021,431.9680,4,0.20,37.7972,107.7920
5256,82,1098,06/10/2021,10/10/2021,0.4440,1,0.80,-1.1100,-0.3560
5257,321,918,30/01/2021,16/02/2021,12.3900,3,0.00,5.8233,4.1300
5258,372,1417,18/05/2021,20/05/2021,214.9000,5,0.00,62.3210,42.9800
5259,546,451,22/08/2021,19/09/2021,31.1600,2,0.00,7.7900,15.5800
5260,104,919,25/05/2021,01/06/2021,114.2000,5,0.00,52.5320,22.8400
5261,419,823,04/09/2021,10/09/2021,5.7600,2,0.00,1.6704,2.8800
5262,22,378,01/06/2021,21/06/2021,10.9000,1,0.00,2.8340,10.9000
5263,715,646,13/06/2021,09/07/2021,63.9800,7,0.00,21.7532,9.1400
5264,590,1466,08/12/2021,22/12/2021,16.7840,2,0.60,-22.2388,7.7920
5265,729,1030,11/10/2021,20/10/2021,1.4080,1,0.20,0.1584,1.2080
5266,432,512,17/09/2021,23/09/2021,10.3680,2,0.20,3.6288,4.9840
5267,140,846,02/03/2021,26/03/2021,12.1800,7,0.00,3.8976,1.7400
5268,756,267,19/07/2021,27/07/2021,78.8528,2,0.32,-11.5960,39.1064
5269,322,989,01/10/2021,24/10/2021,2.0250,1,0.70,-1.3500,1.3250
5270,384,391,19/11/2021,22/11/2021,61.5840,1,0.20,-6.9282,61.3840
5271,421,899,11/05/2021,14/05/2021,720.0640,4,0.20,-63.0056,179.8160
5272,64,1732,11/10/2021,01/11/2021,14.2800,4,0.00,3.7128,3.5700
5273,396,958,12/05/2021,11/06/2021,447.8400,8,0.00,219.4416,55.9800
5274,724,1441,03/12/2021,27/12/2021,141.4200,5,0.60,-187.3815,27.6840
5275,791,838,25/07/2021,14/08/2021,29.9700,3,0.00,13.4865,9.9900
5276,42,421,12/10/2021,29/10/2021,791.9640,6,0.40,-131.9940,131.5940
5277,336,1475,03/11/2021,29/11/2021,220.9800,1,0.00,50.8254,220.9800
5278,104,285,05/07/2021,14/07/2021,1166.9200,5,0.20,131.2785,233.1840
5279,589,1135,18/08/2021,09/09/2021,85.4400,3,0.00,31.6128,28.4800
5280,10,1384,18/07/2021,22/07/2021,5.1840,1,0.20,1.8144,4.9840
5281,603,648,11/06/2021,20/06/2021,2479.9600,4,0.00,743.9880,619.9900
5282,428,43,23/06/2021,08/07/2021,478.0800,8,0.00,133.8624,59.7600
5283,444,641,08/02/2021,27/02/2021,37.9400,2,0.00,18.2112,18.9700
5284,633,256,10/06/2021,22/06/2021,31.0500,3,0.00,14.9040,10.3500
5285,135,1306,24/10/2021,14/11/2021,266.3520,3,0.20,-13.3176,88.5840
5286,9,1463,31/07/2021,23/08/2021,11.0900,1,0.00,5.4341,11.0900
5287,309,680,17/01/2021,01/02/2021,18.0600,7,0.00,4.6956,2.5800
5288,610,467,28/11/2021,09/12/2021,4164.0500,5,0.00,83.2810,832.8100
5289,714,1483,16/09/2021,11/10/2021,7.9680,3,0.60,-2.3904,2.0560
5290,21,1049,07/07/2021,25/07/2021,6.6720,1,0.20,0.5004,6.4720
5291,679,709,15/03/2021,23/03/2021,10.4400,5,0.20,3.3930,1.8880
5292,221,245,12/02/2021,17/02/2021,37.2080,1,0.20,-7.4416,37.0080
5293,532,135,04/09/2021,14/09/2021,21.9600,2,0.00,6.1488,10.9800
5294,190,665,19/09/2021,13/10/2021,537.5440,7,0.20,47.0351,76.5920
5295,425,1180,12/03/2021,08/04/2021,1359.9600,5,0.20,118.9965,271.7920
5296,576,1001,13/01/2021,15/01/2021,28.9100,7,0.00,13.2986,4.1300
5297,106,1388,26/01/2021,09/02/2021,539.9700,3,0.00,134.9925,179.9900
5298,551,1418,22/08/2021,20/09/2021,64.3840,4,0.80,-160.9600,15.2960
5299,576,621,15/12/2021,16/12/2021,5.6400,3,0.00,2.7072,1.8800
5300,504,754,02/01/2021,06/01/2021,48.9440,7,0.20,16.5186,6.7920
5301,567,866,14/06/2021,27/06/2021,259.1360,4,0.20,-58.3056,64.5840
5302,248,1620,11/11/2021,16/11/2021,8749.9500,5,0.00,2799.9840,1749.9900
5303,21,1406,12/11/2021,13/11/2021,129.9800,2,0.00,62.3904,64.9900
5304,438,613,07/07/2021,12/07/2021,30.9600,8,0.80,-52.6320,3.0700
5305,313,464,15/07/2021,29/07/2021,185.5280,7,0.20,48.7011,26.3040
5306,214,1026,31/01/2021,21/02/2021,3.8900,1,0.00,1.0114,3.8900
5307,672,1310,17/11/2021,26/11/2021,49.5680,2,0.20,15.4900,24.5840
5308,68,316,07/08/2021,11/08/2021,9.1440,3,0.20,3.2004,2.8480
5309,514,154,02/05/2021,30/05/2021,24.8960,4,0.20,8.4024,6.0240
5310,359,35,21/12/2021,02/01/2022,235.1880,2,0.40,-43.1178,117.1940
5311,69,1342,29/12/2021,22/01/2022,9.8400,3,0.00,2.6568,3.2800
5312,643,1450,19/07/2021,05/08/2021,14.9400,3,0.00,7.0218,4.9800
5313,618,897,01/08/2021,02/08/2021,25.1100,3,0.00,6.5286,8.3700
5314,281,981,22/09/2021,19/10/2021,16.2720,3,0.20,5.2884,5.2240
5315,781,437,16/02/2021,01/03/2021,8.8560,3,0.20,2.8782,2.7520
5316,125,1216,20/10/2021,06/11/2021,2.4120,1,0.70,-2.0100,1.7120
5317,337,394,22/06/2021,01/07/2021,118.2500,5,0.00,34.2925,23.6500
5318,619,422,31/10/2021,23/11/2021,30.8400,2,0.00,8.3268,15.4200
5319,304,865,27/09/2021,27/10/2021,12.0960,7,0.20,4.2336,1.5280
5320,250,1583,04/09/2021,20/09/2021,6.2800,2,0.00,0.0628,3.1400
5321,410,481,02/10/2021,29/10/2021,132.2240,4,0.20,-18.1808,32.8560
5322,767,682,07/05/2021,15/05/2021,59.9400,3,0.00,28.1718,19.9800
5323,335,814,30/08/2021,13/09/2021,89.9800,2,0.00,43.1904,44.9900
5324,259,448,30/06/2021,27/07/2021,122.9700,3,0.00,60.2553,40.9900
5325,771,260,08/01/2021,05/02/2021,239.8000,5,0.20,47.9600,47.7600
5326,289,690,18/06/2021,08/07/2021,259.7000,5,0.00,106.4770,51.9400
5327,589,265,20/08/2021,09/09/2021,18.4960,8,0.20,6.2424,2.1120
5328,734,1733,27/02/2021,23/03/2021,19.6000,5,0.00,9.6040,3.9200
5329,474,407,07/11/2021,24/11/2021,56.6860,1,0.30,-20.2450,56.3860
5330,18,56,11/10/2021,23/10/2021,71.2800,11,0.00,34.2144,6.4800
5331,160,200,13/12/2021,21/12/2021,59.2000,4,0.00,29.6000,14.8000
5332,483,1544,20/06/2021,17/07/2021,7.8900,1,0.00,0.3156,7.8900
5333,563,438,03/10/2021,25/10/2021,112.7760,3,0.20,-8.4582,37.3920
5334,516,214,24/01/2021,06/02/2021,85.2460,2,0.30,-1.2178,42.3230
5335,282,230,17/11/2021,14/12/2021,643.1360,4,0.20,56.2744,160.5840
5336,720,825,24/05/2021,16/06/2021,43.1200,5,0.20,15.0920,8.4240
5337,781,197,18/04/2021,04/05/2021,40.6700,7,0.00,12.6077,5.8100
5338,411,984,24/01/2021,14/02/2021,69.9300,7,0.00,31.4685,9.9900
5339,364,547,28/04/2021,25/05/2021,264.3200,2,0.20,19.8240,131.9600
5340,303,1312,12/07/2021,08/08/2021,26.4060,3,0.80,-71.2962,8.0020
5341,626,1290,22/10/2021,09/11/2021,410.3520,3,0.20,-51.2940,136.5840
5342,360,119,18/12/2021,04/01/2022,12.7800,1,0.00,5.7510,12.7800
5343,380,1487,04/02/2021,18/02/2021,2060.7440,7,0.20,643.9825,294.1920
5344,428,210,18/10/2021,27/10/2021,22.0000,10,0.00,9.6800,2.2000
5345,198,1597,17/11/2021,16/12/2021,60.1200,9,0.00,28.8576,6.6800
5346,161,663,31/07/2021,16/08/2021,603.9200,5,0.20,75.4900,120.5840
5347,91,583,20/06/2021,28/06/2021,43.3720,7,0.80,-69.3952,5.3960
5348,425,1216,02/10/2021,25/10/2021,2.4120,1,0.70,-2.0100,1.7120
5349,448,176,15/01/2021,24/01/2021,23.2000,2,0.20,1.4500,11.4000
5350,257,1116,20/07/2021,17/08/2021,204.9500,5,0.00,100.4255,40.9900
5351,239,1822,11/10/2021,26/10/2021,255.8500,7,0.00,112.5740,36.5500
5352,77,528,16/03/2021,18/03/2021,24.8500,5,0.00,7.7035,4.9700
5353,720,1513,05/12/2021,27/12/2021,77.9520,3,0.20,-11.6928,25.7840
5354,370,44,30/04/2021,19/05/2021,18.3920,1,0.20,5.2877,18.1920
5355,361,1310,01/08/2021,18/08/2021,49.5680,2,0.20,15.4900,24.5840
5356,627,246,13/03/2021,18/03/2021,47.9800,2,0.00,23.9900,23.9900
5357,236,31,29/11/2021,22/12/2021,53.9400,3,0.00,15.6426,17.9800
5358,771,611,05/10/2021,07/10/2021,55.1680,4,0.20,6.2064,13.5920
5359,208,275,12/11/2021,25/11/2021,94.8500,5,0.00,45.5280,18.9700
5360,696,1173,23/06/2021,28/06/2021,8.6400,3,0.00,4.2336,2.8800
5361,161,1059,15/04/2021,18/04/2021,47.5840,2,0.20,-2.9740,23.5920
5362,347,558,09/11/2021,03/12/2021,31.6800,4,0.20,2.7720,7.7200
5363,278,445,06/04/2021,13/04/2021,39.8720,2,0.20,12.9584,19.7360
5364,441,1755,19/07/2021,23/07/2021,415.9680,4,0.20,51.9960,103.7920
5365,30,1083,17/12/2021,02/01/2022,211.8400,8,0.00,76.2624,26.4800
5366,15,407,30/03/2021,31/03/2021,129.5680,2,0.20,-24.2940,64.5840
5367,708,398,30/11/2021,25/12/2021,8.7300,3,0.00,4.1031,2.9100
5368,778,154,15/09/2021,04/10/2021,39.7600,7,0.00,18.6872,5.6800
5369,4,81,12/01/2021,23/01/2021,51.3360,3,0.20,5.7753,16.9120
5370,645,1142,25/05/2021,14/06/2021,492.8350,5,0.30,-14.0810,98.2670
5371,138,1190,21/05/2021,13/06/2021,4.8360,2,0.80,-12.0900,1.6180
5372,463,302,16/07/2021,09/08/2021,50.3520,3,0.20,17.6232,16.5840
5373,35,335,13/01/2021,10/02/2021,278.8200,9,0.00,125.4690,30.9800
5374,163,1607,12/12/2021,27/12/2021,165.6000,3,0.20,-6.2100,55.0000
5375,389,1410,24/02/2021,10/03/2021,25.9800,2,0.00,1.5588,12.9900
5376,537,1296,17/03/2021,21/03/2021,192.7200,11,0.00,92.5056,17.5200
5377,453,83,02/04/2021,23/04/2021,153.5840,2,0.20,-32.6366,76.5920
5378,762,493,05/10/2021,30/10/2021,13.0000,5,0.20,1.3000,2.4000
5379,339,196,22/11/2021,20/12/2021,369.5440,7,0.20,32.3351,52.5920
5380,527,373,20/06/2021,30/06/2021,40.4600,7,0.00,19.8254,5.7800
5381,234,1214,10/02/2021,21/02/2021,19.9600,2,0.00,9.3812,9.9800
5382,278,818,08/10/2021,29/10/2021,373.0800,6,0.00,100.7316,62.1800
5383,309,8,17/08/2021,04/09/2021,907.1520,6,0.20,90.7152,150.9920
5384,669,1192,10/04/2021,11/04/2021,20.4160,4,0.20,6.6352,4.9040
5385,516,918,19/06/2021,08/07/2021,3.3040,1,0.20,1.1151,3.1040
5386,90,1436,16/02/2021,28/02/2021,18.8400,3,0.00,7.9128,6.2800
5387,696,1086,20/03/2021,26/03/2021,12.5300,1,0.00,5.8891,12.5300
5388,342,1144,03/08/2021,15/08/2021,94.2000,5,0.00,39.5640,18.8400
5389,465,1203,05/10/2021,01/11/2021,58.9240,1,0.80,-153.2024,58.1240
5390,541,336,08/02/2021,26/02/2021,607.5200,2,0.00,97.2032,303.7600
5391,797,363,13/09/2021,15/09/2021,21.7200,5,0.20,7.8735,4.1440
5392,417,536,01/07/2021,16/07/2021,272.0480,7,0.20,30.6054,38.6640
5393,462,1136,25/12/2021,28/12/2021,469.9900,1,0.00,136.2971,469.9900
5394,154,1353,20/05/2021,25/05/2021,1294.7500,5,0.00,336.6350,258.9500
5395,787,776,02/01/2021,29/01/2021,6.2080,2,0.20,2.1728,2.9040
5396,306,1273,15/01/2021,09/02/2021,18.5400,2,0.00,8.7138,9.2700
5397,345,1055,07/01/2021,22/01/2021,1.1670,1,0.70,-0.8558,0.4670
5398,48,811,04/05/2021,16/05/2021,4899.9300,7,0.00,2400.9658,699.9900
5399,275,560,28/09/2021,10/10/2021,30.3600,4,0.00,13.0548,7.5900
5400,703,1177,26/08/2021,31/08/2021,239.9000,2,0.00,71.9700,119.9500
5401,729,1372,31/08/2021,10/09/2021,40.7760,3,0.20,4.5873,13.3920
5402,200,371,05/04/2021,11/04/2021,67.1440,7,0.20,5.8751,9.3920
5403,776,898,18/01/2021,22/01/2021,21.9360,2,0.60,-10.4196,10.3680
5404,289,1409,02/01/2021,13/01/2021,357.9300,3,0.00,7.1586,119.3100
5405,81,1505,01/05/2021,27/05/2021,44.9500,1,0.00,12.5860,44.9500
5406,306,243,13/12/2021,20/12/2021,17.5200,3,0.00,8.2344,5.8400
5407,637,944,08/12/2021,03/01/2022,2.6240,1,0.20,0.2952,2.4240
5408,280,692,04/07/2021,17/07/2021,44.9100,6,0.70,-35.9280,6.7850
5409,466,1565,24/09/2021,21/10/2021,14.5200,3,0.00,5.6628,4.8400
5410,355,1122,10/07/2021,05/08/2021,347.9700,3,0.00,100.9113,115.9900
5411,547,128,12/07/2021,06/08/2021,97.8800,2,0.00,48.9400,48.9400
5412,674,271,26/12/2021,07/01/2022,78.6000,5,0.70,-62.8800,15.0200
5413,363,803,01/07/2021,26/07/2021,7.2400,5,0.20,1.1765,1.2480
5414,493,414,25/04/2021,08/05/2021,185.3760,2,0.20,-34.7580,92.4880
5415,760,873,13/01/2021,31/01/2021,593.5680,2,0.20,0.0000,296.5840
5416,260,1143,04/05/2021,17/05/2021,40.7840,2,0.60,-30.5880,19.7920
5417,9,456,13/05/2021,02/06/2021,16.4640,7,0.20,1.8522,2.1520
5418,778,81,31/05/2021,01/06/2021,51.3360,3,0.20,5.7753,16.9120
5419,376,519,27/02/2021,13/03/2021,535.4100,3,0.00,160.6230,178.4700
5420,434,129,05/08/2021,23/08/2021,20.4400,7,0.00,9.1980,2.9200
5421,442,1671,12/12/2021,15/12/2021,25.0200,3,0.00,10.5084,8.3400
5422,650,152,11/12/2021,23/12/2021,35.8800,6,0.00,16.1460,5.9800
5423,736,1234,30/01/2021,01/03/2021,62.8080,3,0.20,21.1977,20.7360
5424,365,235,26/07/2021,31/07/2021,404.9400,3,0.00,109.3338,134.9800
5425,694,1434,07/07/2021,10/07/2021,23.8500,5,0.00,10.7325,4.7700
5426,258,1747,12/02/2021,25/02/2021,239.3580,3,0.30,-47.8716,79.4860
5427,797,141,06/11/2021,18/11/2021,104.8500,3,0.00,28.3095,34.9500
5428,570,317,08/04/2021,23/04/2021,1633.1880,4,0.70,-1306.5504,407.5970
5429,489,1492,13/05/2021,09/06/2021,20.9280,4,0.20,7.5864,5.0320
5430,592,1423,04/03/2021,27/03/2021,32.4000,5,0.00,15.5520,6.4800
5431,475,1185,05/01/2021,04/02/2021,1.6400,1,0.00,0.7380,1.6400
5432,111,613,21/01/2021,06/02/2021,46.4400,3,0.20,15.0930,15.2800
5433,331,1437,08/11/2021,10/11/2021,372.1440,3,0.20,27.9108,123.8480
5434,140,1022,02/06/2021,18/06/2021,74.3520,3,0.20,23.2350,24.5840
5435,741,620,15/09/2021,15/10/2021,323.3700,3,0.00,129.3480,107.7900
5436,301,805,12/12/2021,17/12/2021,8.6400,2,0.20,3.0240,4.1200
5437,213,929,04/05/2021,06/05/2021,91.9200,4,0.00,31.2528,22.9800
5438,586,445,26/08/2021,05/09/2021,7.4760,1,0.70,-5.9808,6.7760
5439,286,1598,03/02/2021,22/02/2021,15.9600,7,0.00,7.0224,2.2800
5440,723,1421,28/01/2021,29/01/2021,11.8500,3,0.00,3.7920,3.9500
5441,726,967,22/11/2021,07/12/2021,35.5440,1,0.20,-0.8886,35.3440
5442,248,881,02/03/2021,19/03/2021,193.8600,2,0.00,11.6316,96.9300
5443,714,384,24/05/2021,08/06/2021,442.3720,7,0.80,-729.9138,62.3960
5444,561,1199,21/01/2021,19/02/2021,307.3140,3,0.30,-39.5118,102.1380
5445,338,34,31/08/2021,17/09/2021,14.9400,3,0.00,7.0218,4.9800
5446,446,1408,14/12/2021,22/12/2021,881.9300,7,0.00,220.4825,125.9900
5447,556,464,19/02/2021,17/03/2021,79.5120,3,0.20,20.8719,26.3040
5448,226,962,08/11/2021,05/12/2021,116.2800,3,0.00,56.9772,38.7600
5449,147,1510,19/09/2021,10/10/2021,245.9400,6,0.00,120.5106,40.9900
5450,762,10,16/08/2021,12/09/2021,45.9600,2,0.00,13.7880,22.9800
5451,483,987,21/08/2021,26/08/2021,2.7800,1,0.00,1.3622,2.7800
5452,580,1421,26/11/2021,16/12/2021,11.8500,3,0.00,3.7920,3.9500
5453,129,327,02/07/2021,31/07/2021,52.2000,9,0.00,23.4900,5.8000
5454,554,1613,14/05/2021,29/05/2021,25.2000,4,0.00,11.5920,6.3000
5455,625,1401,30/05/2021,31/05/2021,116.2800,3,0.00,56.9772,38.7600
5456,447,964,14/03/2021,23/03/2021,18.8400,3,0.00,7.1592,6.2800
5457,319,867,23/04/2021,13/05/2021,333.5760,3,0.20,25.0182,110.9920
5458,404,1179,24/09/2021,05/10/2021,12.9600,2,0.00,6.2208,6.4800
5459,332,1616,09/07/2021,02/08/2021,1889.9900,5,0.80,-2929.4846,377.1980
5460,524,1660,03/10/2021,20/10/2021,21.4000,5,0.00,10.0580,4.2800
5461,264,1332,30/12/2021,09/01/2022,9.1100,1,0.00,4.0995,9.1100
5462,337,285,08/05/2021,31/05/2021,1458.6500,5,0.00,423.0085,291.7300
5463,334,119,05/03/2021,21/03/2021,12.7800,1,0.00,5.7510,12.7800
5464,156,1330,22/11/2021,01/12/2021,29.1200,5,0.20,9.8280,5.6240
5465,87,1355,12/12/2021,07/01/2022,821.8800,6,0.00,213.6888,136.9800
5466,736,1385,20/10/2021,30/10/2021,54.9600,1,0.00,26.9304,54.9600
5467,330,1255,19/07/2021,18/08/2021,197.0500,7,0.00,59.1150,28.1500
5468,483,154,10/05/2021,22/05/2021,247.8400,8,0.00,121.4416,30.9800
5469,234,1521,06/10/2021,02/11/2021,29.9600,7,0.00,13.4820,4.2800
5470,93,791,18/11/2021,07/12/2021,51.9600,2,0.00,12.9900,25.9800
5471,36,1211,26/02/2021,28/02/2021,15.8400,3,0.00,4.9104,5.2800
5472,62,492,05/04/2021,12/04/2021,90.0600,6,0.00,41.4276,15.0100
5473,136,1195,07/01/2021,20/01/2021,191.0580,3,0.30,-46.3998,63.3860
5474,162,1814,18/06/2021,22/06/2021,5.4320,2,0.80,-13.5800,1.9160
5475,698,12,27/04/2021,07/05/2021,455.7120,2,0.20,34.1784,227.6560
5476,581,1210,04/09/2021,26/09/2021,97.5680,2,0.20,-6.0980,48.5840
5477,134,1795,15/01/2021,31/01/2021,13.4940,1,0.40,-2.2490,13.0940
5478,792,214,28/08/2021,08/09/2021,48.7120,1,0.20,5.4801,48.5120
5479,315,1719,08/11/2021,29/11/2021,13.0400,4,0.00,5.7376,3.2600
5480,230,132,20/05/2021,26/05/2021,6.9120,3,0.20,0.8640,2.1040
5481,49,1555,10/11/2021,30/11/2021,153.8240,11,0.20,38.4560,13.7840
5482,326,125,23/08/2021,31/08/2021,81.4240,2,0.20,-9.1602,40.5120
5483,641,1239,19/04/2021,23/04/2021,19.6500,3,0.00,9.0390,6.5500
5484,370,1586,24/11/2021,24/12/2021,79.9900,1,0.00,28.7964,79.9900
5485,147,349,28/11/2021,14/12/2021,307.9800,2,0.00,89.3142,153.9900
5486,175,42,18/01/2021,25/01/2021,186.9120,6,0.20,-35.0460,30.9520
5487,263,42,12/10/2021,08/11/2021,124.6080,4,0.20,-23.3640,30.9520
5488,437,1292,19/07/2021,04/08/2021,73.1640,6,0.80,-186.5682,11.3940
5489,241,1528,05/11/2021,01/12/2021,5.1600,3,0.20,0.8385,1.5200
5490,397,1289,17/07/2021,03/08/2021,14.3520,3,0.20,5.2026,4.5840
5491,404,484,08/07/2021,12/07/2021,1121.5680,2,0.20,0.0000,560.5840
5492,584,254,26/10/2021,22/11/2021,18.1760,4,0.20,5.9072,4.3440
5493,657,1445,23/10/2021,01/11/2021,8.7000,5,0.70,-6.3800,1.0400
5494,301,1257,11/04/2021,19/04/2021,123.9200,5,0.20,9.2940,24.5840
5495,438,578,07/10/2021,14/10/2021,166.2400,1,0.00,24.9360,166.2400
5496,507,1320,19/10/2021,18/11/2021,1349.9100,9,0.00,661.4559,149.9900
5497,670,580,30/12/2021,05/01/2022,47.3600,4,0.20,17.7600,11.6400
5498,112,1077,08/02/2021,05/03/2021,160.7760,3,0.20,10.0485,53.3920
5499,92,1808,16/01/2021,24/01/2021,148.0200,3,0.00,41.4456,49.3400
5500,286,463,15/08/2021,02/09/2021,128.7440,7,0.20,-28.9674,18.1920
5501,465,204,08/07/2021,05/08/2021,302.3760,3,0.20,22.6782,100.5920
5502,522,944,12/11/2021,16/11/2021,5.2480,2,0.20,0.5904,2.4240
5503,539,909,31/08/2021,30/09/2021,10.9900,1,0.00,4.2861,10.9900
5504,11,788,02/09/2021,03/09/2021,1279.1650,5,0.15,225.7350,255.6830
5505,165,60,20/04/2021,24/04/2021,10.0800,6,0.00,5.0400,1.6800
5506,700,14,01/02/2021,12/02/2021,1087.9360,8,0.20,353.5792,135.7920
5507,667,490,17/09/2021,08/10/2021,1335.6800,4,0.20,-217.0480,333.7200
5508,60,45,24/05/2021,17/06/2021,17.4600,2,0.00,8.2062,8.7300
5509,416,865,31/07/2021,05/08/2021,4.5360,7,0.70,-3.3264,-0.0520
5510,136,1481,20/12/2021,05/01/2022,258.5280,2,0.40,-47.3968,128.8640
5511,536,1074,07/06/2021,01/07/2021,5.3440,1,0.20,1.8704,5.1440
5512,680,1762,29/07/2021,18/08/2021,343.2000,1,0.20,38.6100,343.0000
5513,762,1739,10/07/2021,27/07/2021,209.9860,2,0.30,8.9994,104.6930
5514,789,1105,16/10/2021,03/11/2021,73.9150,1,0.50,-45.8273,73.4150
5515,657,518,15/09/2021,10/10/2021,617.9700,3,0.00,160.6722,205.9900
5516,762,1252,05/10/2021,12/10/2021,35.1000,3,0.00,12.2850,11.7000
5517,770,509,12/09/2021,24/09/2021,629.1840,8,0.20,228.0792,78.4480
5518,206,217,14/07/2021,02/08/2021,620.6145,3,0.45,-248.2458,206.4215
5519,313,1118,02/07/2021,17/07/2021,28.9900,1,0.00,8.4071,28.9900
5520,709,1626,16/08/2021,05/09/2021,61.4000,5,0.00,28.8580,12.2800
5521,313,1676,05/09/2021,20/09/2021,479.9760,3,0.20,161.9919,159.7920
5522,447,1235,11/10/2021,07/11/2021,74.9500,5,0.00,36.7255,14.9900
5523,301,1161,21/08/2021,26/08/2021,74.3520,3,0.20,23.2350,24.5840
5524,407,337,22/11/2021,22/12/2021,69.2160,6,0.20,11.2476,11.3360
5525,636,518,05/08/2021,07/08/2021,494.3760,4,0.40,-115.3544,123.1940
5526,592,729,21/12/2021,27/12/2021,49.5300,3,0.00,23.7744,16.5100
5527,636,201,04/06/2021,22/06/2021,452.4500,5,0.50,-244.3230,89.9900
5528,536,49,26/09/2021,14/10/2021,7.6440,4,0.70,-5.8604,1.2110
5529,230,411,10/02/2021,05/03/2021,12.8280,2,0.70,-8.9796,5.7140
5530,762,246,10/12/2021,02/01/2022,23.9900,1,0.00,11.9950,23.9900
5531,353,1298,16/05/2021,10/06/2021,477.5100,11,0.00,219.6546,43.4100
5532,563,1066,21/01/2021,23/01/2021,273.9600,2,0.00,10.9584,136.9800
5533,422,1055,06/12/2021,30/12/2021,9.3360,3,0.20,3.2676,2.9120
5534,451,393,02/08/2021,19/08/2021,259.9200,5,0.20,-25.9920,51.7840
5535,270,997,18/09/2021,25/09/2021,45.3600,7,0.00,21.7728,6.4800
5536,39,1450,02/10/2021,13/10/2021,44.8200,9,0.00,21.0654,4.9800
5537,177,106,29/10/2021,12/11/2021,8.2600,2,0.00,3.7996,4.1300
5538,352,1742,20/01/2021,16/02/2021,150.4080,9,0.20,-33.8418,16.5120
5539,772,327,23/12/2021,31/12/2021,23.2000,4,0.00,10.4400,5.8000
5540,208,1285,13/05/2021,17/05/2021,2678.9400,6,0.00,241.1046,446.4900
5541,252,609,31/07/2021,30/08/2021,8.8500,5,0.80,-13.7175,0.9700
5542,529,213,15/01/2021,09/02/2021,70.6860,1,0.30,-24.2352,70.3860
5543,408,570,11/03/2021,06/04/2021,914.9700,3,0.00,411.7365,304.9900
5544,624,1131,24/06/2021,18/07/2021,29.3200,2,0.60,-24.1890,14.0600
5545,488,1667,09/08/2021,12/08/2021,40.2900,3,0.00,10.0725,13.4300
5546,456,1216,08/07/2021,28/07/2021,9.6480,6,0.80,-16.8840,0.8080
5547,221,587,15/06/2021,16/06/2021,125.1300,3,0.00,36.2877,41.7100
5548,552,1473,28/07/2021,23/08/2021,57.5940,1,0.40,-11.5188,57.1940
5549,538,1156,26/11/2021,16/12/2021,409.2720,2,0.40,-81.8544,204.2360
5550,314,360,24/09/2021,13/10/2021,71.6320,11,0.20,17.9080,6.3120
5551,544,949,20/01/2021,15/02/2021,145.5680,2,0.20,0.0000,72.5840
5552,639,896,15/07/2021,10/08/2021,329.9880,2,0.40,-76.9972,164.5940
5553,93,1060,30/03/2021,01/04/2021,26.7600,4,0.00,12.3096,6.6900
5554,626,1392,29/03/2021,06/04/2021,350.9730,3,0.10,152.0883,116.8910
5555,732,473,10/10/2021,30/10/2021,45.6600,5,0.70,-33.4840,8.4320
5556,580,1123,10/09/2021,05/10/2021,44.9600,2,0.00,20.6816,22.4800
5557,468,517,30/06/2021,05/07/2021,191.9760,3,0.20,19.1976,63.7920
5558,580,92,23/12/2021,04/01/2022,13.1840,1,0.20,4.7792,12.9840
5559,227,1549,01/02/2021,13/02/2021,31.9500,1,0.00,2.2365,31.9500
5560,29,1800,11/12/2021,20/12/2021,1.3920,2,0.80,-3.7584,-0.1040
5561,753,1779,28/11/2021,06/12/2021,56.0700,7,0.00,25.2315,8.0100
5562,565,45,31/08/2021,10/09/2021,41.9040,6,0.20,14.1426,6.7840
5563,365,1686,17/12/2021,04/01/2022,121.9600,2,0.00,57.3212,60.9800
5564,680,198,20/12/2021,07/01/2022,459.9500,5,0.00,18.3980,91.9900
5565,585,1318,13/10/2021,04/11/2021,359.9800,2,0.00,21.5988,179.9900
5566,720,1807,02/04/2021,19/04/2021,9.2160,4,0.20,3.3408,2.1040
5567,663,408,26/03/2021,04/04/2021,747.5580,3,0.30,-96.1146,248.8860
5568,67,1256,19/04/2021,11/05/2021,285.5760,4,0.40,-57.1152,70.9940
5569,494,512,06/04/2021,08/04/2021,45.3600,7,0.00,21.7728,6.4800
5570,331,1163,14/10/2021,23/10/2021,1793.9800,2,0.00,843.1706,896.9900
5571,279,1325,06/09/2021,02/10/2021,24.8160,3,0.20,8.3754,8.0720
5572,203,1662,30/08/2021,10/09/2021,259.7400,13,0.00,124.6752,19.9800
5573,30,98,23/11/2021,01/12/2021,95.9760,3,0.20,-10.7973,31.7920
5574,743,1210,27/07/2021,30/07/2021,182.9400,3,0.00,27.4410,60.9800
5575,458,136,08/11/2021,06/12/2021,5.8800,2,0.00,1.5876,2.9400
5576,648,1211,31/01/2021,07/02/2021,31.6800,6,0.00,9.8208,5.2800
5577,14,745,21/01/2021,22/01/2021,4.9100,1,0.00,2.4059,4.9100
5578,554,1528,30/06/2021,21/07/2021,21.5000,10,0.00,7.0950,2.1500
5579,377,1138,09/07/2021,26/07/2021,359.9800,2,0.00,93.5948,179.9900
5580,455,183,14/07/2021,26/07/2021,27.8600,7,0.00,9.1938,3.9800
5581,247,674,05/02/2021,21/02/2021,37.4400,4,0.20,11.7000,9.1600
5582,365,1202,20/01/2021,15/02/2021,23.5500,5,0.00,1.1775,4.7100
5583,363,1536,24/01/2021,26/01/2021,32.0880,7,0.20,11.2308,4.3840
5584,107,1448,18/09/2021,04/10/2021,3023.9280,9,0.20,226.7946,335.7920
5585,343,1777,10/09/2021,23/09/2021,6.2940,1,0.70,-4.1960,5.5940
5586,761,1361,11/09/2021,15/09/2021,10.0480,2,0.20,3.1400,4.8240
5587,340,819,18/08/2021,13/09/2021,6.8160,2,0.80,-11.5872,2.6080
5588,503,146,05/02/2021,17/02/2021,6.6720,1,0.20,2.0850,6.4720
5589,615,1110,11/12/2021,13/12/2021,344.9400,3,0.00,31.0446,114.9800
5590,719,1001,22/12/2021,23/12/2021,16.5200,5,0.20,5.3690,3.1040
5591,590,773,20/08/2021,10/09/2021,16.0200,9,0.00,4.4856,1.7800
5592,382,44,28/09/2021,27/10/2021,18.3920,1,0.20,5.2877,18.1920
5593,105,1836,15/06/2021,23/06/2021,6.3600,2,0.00,0.0636,3.1800
5594,128,336,20/08/2021,10/09/2021,1488.4240,7,0.30,-297.6848,212.3320
5595,34,519,01/10/2021,29/10/2021,285.5520,2,0.20,35.6940,142.5760
5596,263,154,16/08/2021,01/09/2021,31.1200,4,0.00,14.6264,7.7800
5597,298,261,07/07/2021,10/07/2021,20.7360,4,0.20,7.2576,4.9840
5598,97,897,10/05/2021,02/06/2021,16.7400,5,0.60,-14.2290,2.7480
5599,236,734,20/04/2021,14/05/2021,432.4560,3,0.20,32.4342,143.9520
5600,703,688,31/07/2021,06/08/2021,88.7760,3,0.20,7.7679,29.3920
5601,488,484,18/08/2021,01/09/2021,4416.1740,9,0.30,-630.8820,490.3860
5602,712,1106,28/01/2021,16/02/2021,8.5600,2,0.00,3.8520,4.2800
5603,474,13,11/11/2021,12/11/2021,15.5520,3,0.20,5.4432,4.9840
5604,233,847,02/11/2021,11/11/2021,3.6400,2,0.00,1.6380,1.8200
5605,657,661,02/10/2021,04/10/2021,37.2400,4,0.00,10.7996,9.3100
5606,178,418,15/09/2021,26/09/2021,88.7680,2,0.20,31.0688,44.1840
5607,475,552,03/01/2021,31/01/2021,395.0000,5,0.00,39.5000,79.0000
5608,11,613,15/09/2021,25/09/2021,58.0500,3,0.00,26.7030,19.3500
5609,777,138,03/06/2021,01/07/2021,47.9000,1,0.00,22.9920,47.9000
5610,189,1195,28/06/2021,18/07/2021,127.3720,2,0.30,-30.9332,63.3860
5611,638,379,08/08/2021,28/08/2021,909.7200,6,0.30,-51.9840,151.3200
5612,367,1391,30/03/2021,28/04/2021,89.5200,4,0.00,42.0744,22.3800
5613,728,1839,29/06/2021,11/07/2021,8.0400,6,0.00,2.7336,1.3400
5614,5,842,07/02/2021,23/02/2021,143.1280,2,0.80,-393.6020,70.7640
5615,505,903,02/02/2021,27/02/2021,12.4800,2,0.00,5.6160,6.2400
5616,501,1827,28/06/2021,10/07/2021,7.7000,2,0.00,3.1570,3.8500
5617,690,620,21/12/2021,16/01/2022,258.6960,3,0.20,64.6740,86.0320
5618,712,571,20/05/2021,03/06/2021,41.8600,7,0.00,19.2556,5.9800
5619,465,657,14/04/2021,01/05/2021,733.9500,7,0.00,352.2960,104.8500
5620,610,803,14/02/2021,12/03/2021,1.4480,1,0.20,0.2353,1.2480
5621,516,335,23/06/2021,19/07/2021,61.9600,2,0.00,27.8820,30.9800
5622,668,1415,18/10/2021,08/11/2021,3.4440,1,0.70,-2.5256,2.7440
5623,730,620,25/09/2021,17/10/2021,431.1600,5,0.20,107.7900,86.0320
5624,132,791,01/09/2021,12/09/2021,83.1360,4,0.20,5.1960,20.5840
5625,678,698,25/09/2021,27/09/2021,34.2360,4,0.70,-26.2476,7.8590
5626,694,392,28/01/2021,04/02/2021,68.4320,7,0.20,8.5540,9.5760
5627,164,485,22/10/2021,01/11/2021,51.7560,3,0.60,-33.6414,16.6520
5628,299,1723,29/07/2021,05/08/2021,105.5520,6,0.20,35.6238,17.3920
5629,235,1387,28/10/2021,29/10/2021,28.7820,6,0.70,-21.1068,4.0970
5630,597,191,10/02/2021,06/03/2021,18.2000,7,0.20,2.0475,2.4000
5631,86,1269,21/02/2021,04/03/2021,10.6880,2,0.20,3.7408,5.1440
5632,177,129,26/06/2021,22/07/2021,12.5760,4,0.20,4.0872,2.9440
5633,556,1039,24/03/2021,20/04/2021,40.6800,3,0.20,-9.1530,13.3600
5634,162,1359,14/11/2021,02/12/2021,683.3320,4,0.15,-40.1960,170.6830
5635,189,1056,01/04/2021,08/04/2021,503.9600,5,0.20,50.3960,100.5920
5636,290,43,28/10/2021,07/11/2021,59.7600,1,0.00,16.7328,59.7600
5637,697,78,15/07/2021,08/08/2021,416.3200,2,0.00,112.4064,208.1600
5638,306,1597,25/06/2021,19/07/2021,60.1200,9,0.00,28.8576,6.6800
5639,477,432,01/06/2021,26/06/2021,83.9880,2,0.40,-20.9970,41.5940
5640,284,337,14/11/2021,20/11/2021,69.2160,6,0.20,11.2476,11.3360
5641,529,231,22/05/2021,08/06/2021,7.6100,1,0.00,3.5767,7.6100
5642,81,990,27/05/2021,04/06/2021,146.6880,6,0.20,55.0080,24.2480
5643,602,688,30/03/2021,17/04/2021,110.9700,5,0.40,-24.0435,21.7940
5644,505,418,11/01/2021,13/01/2021,88.7680,2,0.20,31.0688,44.1840
5645,507,1075,13/04/2021,24/04/2021,5.9200,4,0.00,2.8416,1.4800
5646,326,217,05/12/2021,14/12/2021,1579.7460,7,0.40,-447.5947,225.2780
5647,674,543,29/03/2021,15/04/2021,33.5680,2,0.20,11.7488,16.5840
5648,132,1471,15/02/2021,11/03/2021,45.3600,7,0.00,21.7728,6.4800
5649,322,128,09/03/2021,04/04/2021,117.4560,3,0.20,44.0460,38.9520
5650,406,681,10/04/2021,07/05/2021,12.9600,2,0.00,6.2208,6.4800
5651,241,616,16/09/2021,24/09/2021,1999.9600,4,0.00,899.9820,499.9900
5652,735,1147,08/01/2021,13/01/2021,195.6400,4,0.00,91.9508,48.9100
5653,293,176,03/10/2021,30/10/2021,43.5000,3,0.00,10.8750,14.5000
5654,398,395,13/06/2021,22/06/2021,91.3600,5,0.20,29.6920,18.0720
5655,566,827,04/09/2021,06/09/2021,71.9600,5,0.20,25.1860,14.1920
5656,677,912,04/02/2021,13/02/2021,18.9000,3,0.00,8.6940,6.3000
5657,116,1265,14/04/2021,17/04/2021,24.3200,8,0.00,8.2688,3.0400
5658,164,404,29/08/2021,17/09/2021,35.1200,4,0.00,9.1312,8.7800
5659,286,1346,30/01/2021,02/02/2021,8187.6500,5,0.00,327.5060,1637.5300
5660,277,1139,16/10/2021,06/11/2021,3999.9500,5,0.00,1159.9855,799.9900
5661,618,974,25/11/2021,03/12/2021,37.7400,3,0.00,12.8316,12.5800
5662,400,58,26/02/2021,15/03/2021,14.5600,2,0.00,6.9888,7.2800
5663,172,379,11/09/2021,11/10/2021,909.7200,6,0.30,-51.9840,151.3200
5664,76,951,07/03/2021,13/03/2021,619.1520,6,0.20,69.6546,102.9920
5665,446,1560,27/01/2021,07/02/2021,5.7600,2,0.00,2.6496,2.8800
5666,748,1547,10/04/2021,25/04/2021,15.9840,2,0.20,1.3986,7.7920
5667,522,1231,19/01/2021,14/02/2021,1214.8500,3,0.00,352.3065,404.9500
5668,800,592,08/06/2021,10/06/2021,3.9840,1,0.20,1.3944,3.7840
5669,659,1519,25/09/2021,03/10/2021,283.9200,4,0.00,82.3368,70.9800
5670,443,39,07/02/2021,04/03/2021,161.5680,2,0.20,10.0980,80.5840
5671,300,692,25/10/2021,19/11/2021,124.7500,5,0.00,57.3850,24.9500
5672,792,1813,13/12/2021,16/12/2021,160.0000,8,0.00,62.4000,20.0000
5673,164,1481,04/07/2021,18/07/2021,430.8800,2,0.00,124.9552,215.4400
5674,528,843,02/04/2021,11/04/2021,12.7600,2,0.00,5.8696,6.3800
5675,778,369,06/02/2021,09/02/2021,283.9200,5,0.20,-46.1370,56.5840
5676,198,571,26/10/2021,14/11/2021,14.3520,3,0.20,4.6644,4.5840
5677,90,547,30/10/2021,17/11/2021,330.4000,2,0.00,85.9040,165.2000
5678,264,1524,26/10/2021,31/10/2021,32.7120,2,0.60,-26.1696,15.7560
5679,24,343,20/01/2021,19/02/2021,455.1000,2,0.00,100.1220,227.5500
5680,791,769,18/07/2021,04/08/2021,498.0000,5,0.00,184.2600,99.6000
5681,762,522,21/02/2021,28/02/2021,183.9600,5,0.20,20.6955,36.5920
5682,503,96,08/02/2021,01/03/2021,12.9800,1,0.00,3.7642,12.9800
5683,92,1249,11/06/2021,13/06/2021,146.1760,8,0.20,47.5072,18.0720
5684,11,1366,29/09/2021,29/10/2021,111.1500,5,0.00,48.9060,22.2300
5685,726,159,31/01/2021,16/02/2021,966.7000,5,0.30,-13.8100,193.0400
5686,363,44,04/10/2021,14/10/2021,18.3920,1,0.20,5.2877,18.1920
5687,142,1084,17/02/2021,26/02/2021,532.7200,2,0.20,53.2720,266.1600
5688,304,1596,11/01/2021,23/01/2021,20.1200,2,0.00,9.2552,10.0600
5689,505,328,28/09/2021,15/10/2021,25.7600,7,0.00,0.5152,3.6800
5690,467,1197,16/01/2021,05/02/2021,95.9920,1,0.20,9.5992,95.7920
5691,91,45,04/12/2021,02/01/2022,7.8570,3,0.70,-6.0237,1.9190
5692,81,1522,06/06/2021,28/06/2021,20.0400,6,0.00,8.8176,3.3400
5693,96,1252,11/06/2021,21/06/2021,46.8000,4,0.00,16.3800,11.7000
5694,111,269,14/04/2021,12/05/2021,172.7640,2,0.10,32.6332,86.2820
5695,448,1564,13/02/2021,12/03/2021,549.9900,1,0.00,274.9950,549.9900
5696,81,1199,24/02/2021,20/03/2021,102.4380,1,0.30,-13.1706,102.1380
5697,34,1291,20/12/2021,05/01/2022,50.0400,6,0.00,25.0200,8.3400
5698,505,413,22/10/2021,08/11/2021,45.5760,3,0.20,15.9516,14.9920
5699,503,1182,06/07/2021,23/07/2021,166.1600,8,0.00,59.8176,20.7700
5700,749,677,22/11/2021,04/12/2021,58.4800,8,0.00,27.4856,7.3100
5701,301,211,15/03/2021,28/03/2021,298.7760,3,0.20,7.4694,99.3920
5702,275,1064,05/06/2021,14/06/2021,12.5440,7,0.60,-9.0944,1.1920
5703,600,320,25/10/2021,02/11/2021,13.6320,4,0.20,3.5784,3.2080
5704,559,1345,02/08/2021,09/08/2021,109.6900,7,0.00,51.5543,15.6700
5705,742,1326,18/07/2021,24/07/2021,232.8800,5,0.20,17.4660,46.3760
5706,427,36,28/02/2021,10/03/2021,572.7600,6,0.00,166.1004,95.4600
5707,89,1361,31/12/2021,06/01/2022,3.7680,2,0.70,-3.1400,1.1840
5708,278,1077,29/01/2021,15/02/2021,267.9600,5,0.20,16.7475,53.3920
5709,442,662,22/08/2021,10/09/2021,30.5600,4,0.00,14.9744,7.6400
5710,286,111,16/11/2021,30/11/2021,17.1840,6,0.20,6.2292,2.6640
5711,595,634,09/07/2021,11/07/2021,186.6900,3,0.00,87.7443,62.2300
5712,212,713,11/08/2021,17/08/2021,205.9992,3,0.32,-27.2646,68.3464
5713,406,992,18/12/2021,08/01/2022,91.2000,3,0.00,41.9520,30.4000
5714,7,6,20/09/2021,30/09/2021,27.9200,4,0.00,8.0968,6.9800
5715,123,616,11/02/2021,17/02/2021,999.9800,2,0.00,449.9910,499.9900
5716,19,476,04/11/2021,02/12/2021,99.3720,2,0.30,-7.0980,49.3860
5717,234,1533,18/12/2021,06/01/2022,681.4080,12,0.20,42.5880,56.5840
5718,293,91,03/10/2021,26/10/2021,106.6800,6,0.00,33.0708,17.7800
5719,116,1615,23/11/2021,11/12/2021,638.8200,9,0.00,172.4814,70.9800
5720,168,1756,10/06/2021,01/07/2021,219.8400,5,0.20,79.6920,43.7680
5721,797,825,14/10/2021,11/11/2021,53.9000,5,0.00,25.8720,10.7800
5722,263,1348,07/11/2021,24/11/2021,196.7760,3,0.20,14.7582,65.3920
5723,425,86,11/02/2021,02/03/2021,6.1600,2,0.00,2.9568,3.0800
5724,36,1319,13/09/2021,25/09/2021,956.6648,7,0.32,-225.0976,136.3464
5725,595,1292,10/12/2021,30/12/2021,121.9400,2,0.00,35.3626,60.9700
5726,229,570,26/12/2021,01/01/2022,304.9900,5,0.80,-533.7325,60.1980
5727,263,900,25/07/2021,22/08/2021,431.9400,2,0.40,-71.9900,215.5700
5728,329,299,21/09/2021,05/10/2021,305.0100,9,0.00,76.2525,33.8900
5729,499,1587,13/08/2021,25/08/2021,748.7520,8,0.40,-162.2296,93.1940
5730,364,223,28/10/2021,08/11/2021,77.9200,8,0.00,34.2848,9.7400
5731,633,988,01/03/2021,08/03/2021,44.3760,2,0.40,-7.3960,21.7880
5732,370,306,14/04/2021,06/05/2021,11.8800,2,0.00,5.3460,5.9400
5733,102,685,11/11/2021,17/11/2021,36.9600,4,0.20,12.0120,9.0400
5734,412,861,03/05/2021,12/05/2021,422.6250,7,0.30,0.0000,60.0750
5735,729,1264,29/04/2021,06/05/2021,319.9680,4,0.20,35.9964,79.7920
5736,120,1058,13/08/2021,01/09/2021,29.7900,3,0.00,12.5118,9.9300
5737,542,1227,27/04/2021,12/05/2021,36.7840,2,0.20,3.6784,18.1920
5738,204,1203,28/08/2021,22/09/2021,942.7840,4,0.20,94.2784,235.4960
5739,366,853,15/09/2021,01/10/2021,10.1280,2,0.20,3.6714,4.8640
5740,619,770,24/01/2021,12/02/2021,6.9800,1,0.00,3.3504,6.9800
5741,695,488,27/12/2021,15/01/2022,19.4560,4,0.20,3.4048,4.6640
5742,9,48,25/04/2021,14/05/2021,32.7000,5,0.40,-6.5400,6.1400
5743,81,688,06/06/2021,25/06/2021,29.5920,1,0.20,2.5893,29.3920
5744,774,564,19/04/2021,25/04/2021,11.7360,3,0.20,1.0269,3.7120
5745,624,1303,13/02/2021,19/02/2021,36.5600,5,0.20,12.7960,7.1120
5746,450,269,20/07/2021,07/08/2021,307.1360,4,0.20,26.8744,76.5840
5747,744,1186,27/07/2021,06/08/2021,595.0000,5,0.00,95.2000,119.0000
5748,602,1138,24/03/2021,29/03/2021,719.9600,5,0.20,53.9970,143.7920
5749,760,887,09/11/2021,22/11/2021,19.7600,2,0.20,5.9280,9.6800
5750,378,1633,22/04/2021,18/05/2021,3.3600,2,0.00,0.8736,1.6800
5751,343,209,16/01/2021,17/01/2021,50.9400,3,0.00,14.2632,16.9800
5752,358,305,17/05/2021,05/06/2021,6.5280,4,0.70,-4.5696,0.9320
5753,120,1474,20/05/2021,09/06/2021,166.4400,3,0.00,79.8912,55.4800
5754,15,476,22/01/2021,17/02/2021,347.8020,7,0.30,-24.8430,49.3860
5755,394,1265,28/08/2021,09/09/2021,3.0400,1,0.00,1.0336,3.0400
5756,573,1009,28/12/2021,30/12/2021,11.7600,2,0.00,5.7624,5.8800
5757,710,1163,09/06/2021,13/06/2021,896.9900,1,0.00,421.5853,896.9900
5758,197,833,08/01/2021,11/01/2021,300.9300,5,0.30,-34.3920,59.8860
5759,362,44,01/12/2021,17/12/2021,91.9600,4,0.00,39.5428,22.9900
5760,798,162,24/01/2021,01/02/2021,143.9760,3,0.20,8.9985,47.7920
5761,277,1792,14/04/2021,06/05/2021,127.9360,8,0.20,4.7976,15.7920
5762,411,461,20/02/2021,03/03/2021,64.7840,1,0.20,-12.9568,64.5840
5763,456,1167,31/08/2021,15/09/2021,478.4800,2,0.20,47.8480,239.0400
5764,112,45,28/05/2021,27/06/2021,5.2380,2,0.70,-4.0158,1.9190
5765,212,768,12/10/2021,28/10/2021,98.2100,7,0.00,28.4809,14.0300
5766,656,214,14/02/2021,13/03/2021,182.6700,3,0.00,52.9743,60.8900
5767,572,92,10/09/2021,12/09/2021,82.4000,5,0.00,40.3760,16.4800
5768,641,1078,19/04/2021,22/04/2021,108.0800,7,0.00,54.0400,15.4400
5769,719,129,30/06/2021,19/07/2021,4.5120,3,0.20,0.8460,1.3040
5770,244,1194,22/08/2021,10/09/2021,1394.9500,5,0.00,362.6870,278.9900
5771,641,719,07/05/2021,19/05/2021,356.8500,5,0.00,60.6645,71.3700
5772,642,57,19/01/2021,07/02/2021,212.9400,3,0.00,25.5528,70.9800
5773,646,702,19/01/2021,28/01/2021,71.9760,3,0.20,-8.9970,23.7920
5774,193,516,30/11/2021,06/12/2021,40.7120,7,0.20,3.5623,5.6160
5775,411,778,07/02/2021,04/03/2021,12.9600,2,0.00,6.2208,6.4800
5776,717,47,06/03/2021,13/03/2021,45.0000,3,0.00,4.9500,15.0000
5777,148,1053,14/12/2021,23/12/2021,10.1920,7,0.20,1.0192,1.2560
5778,628,1180,01/06/2021,14/06/2021,271.9920,1,0.20,23.7993,271.7920
5779,792,922,17/07/2021,09/08/2021,23.9900,1,0.00,5.5177,23.9900
5780,109,103,03/04/2021,05/04/2021,36.8820,3,0.70,-25.8174,11.5940
5781,783,1071,20/12/2021,28/12/2021,13.4560,1,0.80,-23.5480,12.6560
5782,91,1047,28/11/2021,28/12/2021,290.6660,2,0.15,27.3568,145.1830
5783,183,321,12/03/2021,17/03/2021,34.4000,5,0.00,15.8240,6.8800
5784,742,347,11/03/2021,26/03/2021,2.6240,1,0.20,0.4264,2.4240
5785,670,210,05/01/2021,24/01/2021,2.2000,1,0.00,0.9680,2.2000
5786,786,842,13/06/2021,17/06/2021,644.0760,2,0.10,107.3460,321.9380
5787,103,333,10/07/2021,07/08/2021,57.7500,5,0.00,16.1700,11.5500
5788,24,1207,04/01/2021,17/01/2021,33.5680,2,0.20,1.6784,16.5840
5789,109,380,02/09/2021,09/09/2021,28.4000,2,0.00,11.0760,14.2000
5790,349,623,03/08/2021,11/08/2021,971.5000,5,0.00,252.5900,194.3000
5791,9,521,06/04/2021,19/04/2021,3.2820,2,0.70,-2.6256,0.9410
5792,368,1213,01/10/2021,15/10/2021,25.6960,2,0.20,1.9272,12.6480
5793,598,409,05/06/2021,26/06/2021,103.9200,4,0.00,36.3720,25.9800
5794,137,398,26/10/2021,03/11/2021,8.7300,3,0.00,4.1031,2.9100
5795,235,839,22/09/2021,21/10/2021,60.8300,7,0.00,30.4150,8.6900
5796,17,1174,18/05/2021,13/06/2021,299.9000,2,0.00,74.9750,149.9500
5797,613,191,14/10/2021,29/10/2021,5.2000,2,0.20,0.5850,2.4000
5798,760,1292,22/02/2021,21/03/2021,182.9100,3,0.00,53.0439,60.9700
5799,23,1627,18/01/2021,28/01/2021,68.4800,2,0.20,25.6800,34.0400
5800,304,1283,02/10/2021,23/10/2021,98.1120,7,0.20,18.3960,13.8160
5801,731,214,21/10/2021,02/11/2021,48.7120,1,0.20,5.4801,48.5120
5802,231,801,19/01/2021,05/02/2021,4.4640,3,0.20,-0.9486,1.2880
5803,601,705,16/08/2021,17/08/2021,271.9600,4,0.00,67.9900,67.9900
5804,159,1702,29/04/2021,26/05/2021,26.4000,5,0.00,12.6720,5.2800
5805,324,1682,25/12/2021,04/01/2022,173.4880,7,0.20,54.2150,24.5840
5806,273,333,26/12/2021,14/01/2022,57.7500,5,0.00,16.1700,11.5500
5807,102,537,26/03/2021,08/04/2021,6.0960,2,0.20,2.0574,2.8480
5808,587,1081,21/05/2021,19/06/2021,92.9400,3,0.00,41.8230,30.9800
5809,571,883,27/03/2021,28/03/2021,95.9520,3,0.20,29.9850,31.7840
5810,401,1069,21/12/2021,27/12/2021,629.1000,6,0.00,301.9680,104.8500
5811,371,359,04/01/2021,20/01/2021,11.9600,2,0.00,5.8604,5.9800
5812,690,1790,17/05/2021,14/06/2021,37.7520,3,0.20,4.2471,12.3840
5813,106,307,09/07/2021,01/08/2021,2879.9520,6,0.20,1007.9832,479.7920
5814,354,94,04/10/2021,10/10/2021,124.1100,9,0.00,52.1262,13.7900
5815,343,638,03/04/2021,27/04/2021,310.7440,4,0.30,-26.6352,77.3860
5816,552,1351,04/01/2021,01/02/2021,868.5900,3,0.00,251.8911,289.5300
5817,152,1814,23/05/2021,01/06/2021,67.9000,5,0.00,20.3700,13.5800
5818,295,1553,09/10/2021,26/10/2021,12.9600,2,0.00,6.3504,6.4800
5819,165,429,14/03/2021,17/03/2021,159.9800,2,0.00,57.5928,79.9900
5820,57,962,07/10/2021,06/11/2021,348.8400,9,0.00,170.9316,38.7600
5821,633,756,02/08/2021,22/08/2021,1.1120,2,0.80,-1.8904,-0.2440
5822,119,511,06/06/2021,17/06/2021,12.9600,2,0.00,6.2208,6.4800
5823,237,784,14/10/2021,15/10/2021,129.9300,3,0.00,12.9930,43.3100
5824,681,1593,27/10/2021,21/11/2021,59.9800,2,0.00,10.7964,29.9900
5825,725,21,19/03/2021,04/04/2021,28.4000,4,0.00,13.0640,7.1000
5826,173,599,22/09/2021,09/10/2021,54.9000,5,0.00,26.9010,10.9800
5827,327,1494,21/11/2021,23/11/2021,49.7920,8,0.20,-11.8256,6.0240
5828,793,1183,10/11/2021,12/11/2021,232.9600,7,0.00,116.4800,33.2800
5829,619,1565,30/04/2021,20/05/2021,9.6800,2,0.00,3.7752,4.8400
5830,773,1552,12/06/2021,17/06/2021,186.1440,6,0.20,60.4968,30.8240
5831,10,598,03/05/2021,13/05/2021,39.0720,6,0.20,4.3956,6.3120
5832,28,746,08/06/2021,26/06/2021,10.3680,2,0.20,3.6288,4.9840
5833,14,250,29/06/2021,10/07/2021,4.0950,3,0.70,-2.7300,0.6650
5834,713,448,25/05/2021,15/06/2021,163.9600,5,0.20,59.4355,32.5920
5835,267,735,13/12/2021,22/12/2021,88.0740,7,0.70,-58.7160,11.8820
5836,195,1593,22/02/2021,11/03/2021,59.9800,2,0.00,10.7964,29.9900
5837,303,1015,23/02/2021,24/03/2021,4.6000,2,0.80,-8.0500,1.5000
5838,689,833,16/12/2021,20/12/2021,464.2920,9,0.40,-108.3348,51.1880
5839,164,678,26/07/2021,31/07/2021,48.8960,4,0.20,8.5568,12.0240
5840,71,1427,24/09/2021,22/10/2021,146.8200,3,0.00,73.4100,48.9400
5841,246,769,18/10/2021,02/11/2021,498.0000,5,0.00,184.2600,99.6000
5842,744,108,04/08/2021,15/08/2021,41.9600,2,0.00,10.9096,20.9800
5843,684,1342,01/11/2021,15/11/2021,13.1200,5,0.20,1.1480,2.4240
5844,291,1116,09/06/2021,16/06/2021,368.9100,9,0.00,180.7659,40.9900
5845,792,298,23/11/2021,01/12/2021,290.8980,3,0.40,-67.8762,96.5660
5846,294,1162,25/01/2021,13/02/2021,34.6500,3,0.00,10.3950,11.5500
5847,450,1523,24/05/2021,08/06/2021,213.4300,5,0.30,-39.6370,42.3860
5848,756,296,17/07/2021,22/07/2021,499.9500,5,0.00,174.9825,99.9900
5849,619,1559,04/02/2021,25/02/2021,13.8800,5,0.20,-2.6025,2.5760
5850,494,1686,09/02/2021,11/03/2021,304.9000,5,0.00,143.3030,60.9800
5851,429,710,25/01/2021,11/02/2021,146.6880,8,0.20,45.8400,18.1360
5852,705,446,17/07/2021,12/08/2021,2003.9200,5,0.20,125.2450,400.5840
5853,684,896,29/04/2021,08/05/2021,659.9760,3,0.20,49.4982,219.7920
5854,197,175,21/06/2021,09/07/2021,71.9760,3,0.20,7.1976,23.7920
5855,376,1345,09/09/2021,23/09/2021,78.3500,5,0.00,36.8245,15.6700
5856,407,1339,03/08/2021,13/08/2021,11.1840,1,0.20,0.8388,10.9840
5857,429,439,06/08/2021,15/08/2021,253.1760,3,0.20,-31.6470,84.1920
5858,244,34,06/01/2021,14/01/2021,11.9520,3,0.20,4.0338,3.7840
5859,52,178,14/10/2021,24/10/2021,176.8000,8,0.00,22.9840,22.1000
5860,169,1796,11/11/2021,12/11/2021,84.2720,2,0.60,-75.8448,41.5360
5861,516,661,27/07/2021,20/08/2021,18.6200,2,0.00,5.3998,9.3100
5862,343,1676,26/10/2021,15/11/2021,639.9680,4,0.20,215.9892,159.7920
5863,128,271,16/12/2021,25/12/2021,251.5200,6,0.20,81.7440,41.7200
5864,505,742,03/07/2021,16/07/2021,102.3000,1,0.00,26.5980,102.3000
5865,195,297,21/03/2021,26/03/2021,15.9920,2,0.60,-13.9930,7.3960
5866,291,1138,24/05/2021,28/05/2021,1007.9440,7,0.20,75.5958,143.7920
5867,468,144,18/06/2021,07/07/2021,157.9200,5,0.20,17.7660,31.3840
5868,238,1326,06/12/2021,28/12/2021,232.8800,5,0.20,17.4660,46.3760
5869,435,1097,27/08/2021,01/09/2021,542.9400,3,0.00,152.0232,180.9800
5870,692,1746,29/04/2021,16/05/2021,353.8800,6,0.00,17.6940,58.9800
5871,686,381,07/07/2021,31/07/2021,287.9200,8,0.00,138.2016,35.9900
5872,610,1695,27/12/2021,24/01/2022,1.8240,2,0.20,0.6156,0.7120
5873,189,18,30/04/2021,11/05/2021,83.2500,3,0.00,14.9850,27.7500
5874,246,1274,30/11/2021,29/12/2021,999.9600,4,0.00,229.9908,249.9900
5875,339,201,31/05/2021,07/06/2021,579.1360,4,0.20,21.7176,144.5840
5876,189,1060,05/08/2021,02/09/2021,6.6900,1,0.00,3.0774,6.6900
5877,719,212,26/05/2021,28/05/2021,52.7520,3,0.20,-12.5286,17.3840
5878,396,205,18/12/2021,14/01/2022,13.9600,4,0.00,6.4216,3.4900
5879,478,536,18/07/2021,26/07/2021,272.0480,7,0.20,30.6054,38.6640
5880,202,1218,09/06/2021,18/06/2021,1421.6640,6,0.20,-195.4788,236.7440
5881,392,1507,20/06/2021,03/07/2021,36.2400,1,0.00,15.2208,36.2400
5882,211,1788,06/12/2021,01/01/2022,649.0000,2,0.50,-272.5800,324.0000
5883,219,862,18/11/2021,11/12/2021,151.1920,1,0.20,13.2293,150.9920
5884,699,1160,10/01/2021,23/01/2021,3.3800,1,0.00,1.2506,3.3800
5885,627,1143,02/07/2021,03/07/2021,254.9000,5,0.00,76.4700,50.9800
5886,504,1558,08/12/2021,10/12/2021,47.3200,7,0.20,5.9150,6.5600
5887,195,101,24/04/2021,01/05/2021,447.9300,9,0.00,49.2723,49.7700
5888,775,227,29/04/2021,05/05/2021,83.3600,1,0.00,20.8400,83.3600
5889,23,696,30/03/2021,06/04/2021,1115.9100,9,0.00,200.8638,123.9900
5890,401,1377,05/07/2021,04/08/2021,3.3660,3,0.70,-2.2440,0.4220
5891,162,599,16/07/2021,17/07/2021,17.5680,2,0.20,6.3684,8.5840
5892,675,1634,11/05/2021,16/05/2021,39.6600,2,0.00,11.8980,19.8300
5893,710,746,22/09/2021,07/10/2021,10.3680,2,0.20,3.6288,4.9840
5894,504,483,09/04/2021,09/05/2021,46.7600,7,0.00,22.4448,6.6800
5895,750,500,23/08/2021,16/09/2021,1522.6380,9,0.10,169.1820,169.0820
5896,235,1243,07/07/2021,31/07/2021,330.5880,1,0.40,-115.7058,330.1880
5897,154,1798,05/07/2021,20/07/2021,1123.1280,9,0.20,70.1955,124.5920
5898,671,513,31/10/2021,10/11/2021,18.6880,4,0.20,2.3360,4.4720
5899,652,591,01/02/2021,09/02/2021,199.9800,2,0.00,75.9924,99.9900
5900,767,122,16/12/2021,13/01/2022,617.7000,6,0.50,-407.6820,102.4500
5901,471,368,23/03/2021,17/04/2021,1336.8290,13,0.15,31.4548,102.6830
5902,266,1201,16/05/2021,11/06/2021,5.3440,2,0.20,0.7348,2.4720
5903,523,1099,15/06/2021,30/06/2021,44.4160,2,0.20,3.8864,22.0080
5904,709,1775,11/03/2021,12/03/2021,2.8900,1,0.80,-4.7685,2.0900
5905,766,717,12/08/2021,05/09/2021,826.6200,3,0.00,355.4466,275.5400
5906,388,604,09/12/2021,04/01/2022,239.9600,4,0.00,115.1808,59.9900
5907,697,860,02/08/2021,13/08/2021,6.9360,3,0.20,2.3409,2.1120
5908,350,353,21/05/2021,10/06/2021,119.9040,6,0.20,-1.4988,19.7840
5909,716,1278,26/02/2021,06/03/2021,166.4500,5,0.00,39.9480,33.2900
5910,402,699,19/09/2021,01/10/2021,17.4600,2,0.00,5.9364,8.7300
5911,272,385,29/12/2021,07/01/2022,8.9400,3,0.00,0.6258,2.9800
5912,576,1029,27/05/2021,10/06/2021,12.3200,4,0.00,5.9136,3.0800
5913,286,722,05/06/2021,24/06/2021,140.7360,8,0.20,49.2576,17.3920
5914,293,621,11/06/2021,23/06/2021,3.7600,2,0.00,1.8048,1.8800
5915,99,1181,27/06/2021,26/07/2021,48.5800,1,0.00,7.7728,48.5800
5916,476,446,09/06/2021,22/06/2021,2404.7040,6,0.20,150.2940,400.5840
5917,354,1423,12/12/2021,19/12/2021,32.4000,5,0.00,15.5520,6.4800
5918,582,37,06/12/2021,16/12/2021,113.3280,9,0.20,35.4150,12.3920
5919,179,353,02/06/2021,13/06/2021,74.9400,3,0.00,14.2386,24.9800
5920,735,72,28/08/2021,29/08/2021,72.7800,3,0.60,-70.9605,23.6600
5921,357,1057,05/05/2021,19/05/2021,139.9600,5,0.20,-22.7435,27.7920
5922,360,94,05/01/2021,18/01/2021,11.0320,1,0.20,3.0338,10.8320
5923,446,48,15/06/2021,11/07/2021,21.8000,2,0.00,6.1040,10.9000
5924,455,301,29/12/2021,19/01/2022,40.0960,4,0.20,13.5324,9.8240
5925,537,743,16/11/2021,09/12/2021,6.2400,2,0.00,3.0576,3.1200
5926,785,1380,24/01/2021,26/01/2021,15.2320,4,0.20,5.5216,3.6080
5927,231,39,18/07/2021,12/08/2021,323.1360,4,0.20,20.1960,80.5840
5928,277,1034,11/10/2021,22/10/2021,44.7500,5,0.00,8.5025,8.9500
5929,518,1696,18/07/2021,05/08/2021,10.5000,5,0.00,2.9400,2.1000
5930,125,69,12/09/2021,27/09/2021,4.6160,1,0.20,1.7310,4.4160
5931,163,1155,21/04/2021,15/05/2021,119.0400,6,0.00,30.9504,19.8400
5932,412,278,19/04/2021,19/05/2021,562.2925,7,0.45,-255.5875,79.8775
5933,209,848,16/10/2021,18/10/2021,306.2000,5,0.00,0.0000,61.2400
5934,100,1546,26/08/2021,12/09/2021,64.7040,6,0.20,-4.8528,10.5840
5935,281,276,20/01/2021,08/02/2021,58.2000,3,0.00,28.5180,19.4000
5936,193,956,03/12/2021,29/12/2021,730.2000,4,0.00,94.9260,182.5500
5937,51,1146,15/08/2021,08/09/2021,21.1200,4,0.00,9.5040,5.2800
5938,576,111,29/06/2021,27/07/2021,17.9000,5,0.00,8.7710,3.5800
5939,760,333,20/05/2021,15/06/2021,34.6500,3,0.00,9.7020,11.5500
5940,369,371,11/07/2021,05/08/2021,67.1440,7,0.20,5.8751,9.3920
5941,204,661,21/02/2021,09/03/2021,52.1360,7,0.20,5.8653,7.2480
5942,462,265,12/03/2021,31/03/2021,11.5600,4,0.00,5.4332,2.8900
5943,164,1283,31/10/2021,09/11/2021,35.0400,2,0.00,12.2640,17.5200
5944,328,1312,10/08/2021,24/08/2021,26.4060,3,0.80,-71.2962,8.0020
5945,223,1490,05/03/2021,27/03/2021,359.9760,3,0.20,35.9976,119.7920
5946,625,905,29/06/2021,18/07/2021,22.4240,1,0.20,8.4090,22.2240
5947,102,682,07/02/2021,08/02/2021,19.9800,1,0.00,9.3906,19.9800
5948,795,1281,19/11/2021,09/12/2021,143.4320,1,0.20,3.5858,143.2320
5949,455,1711,15/05/2021,31/05/2021,19.4400,3,0.00,9.3312,6.4800
5950,351,105,30/05/2021,09/06/2021,62.9820,3,0.40,-14.6958,20.5940
5951,302,1551,14/05/2021,02/06/2021,12.3900,3,0.00,3.4692,4.1300
5952,140,473,20/12/2021,04/01/2022,45.6600,5,0.70,-33.4840,8.4320
5953,324,1202,20/10/2021,30/10/2021,18.8400,5,0.20,-3.5325,3.5680
5954,490,641,06/11/2021,01/12/2021,94.8500,5,0.00,45.5280,18.9700
5955,201,677,17/04/2021,05/05/2021,21.9300,3,0.00,10.3071,7.3100
5956,307,746,11/07/2021,30/07/2021,12.9600,2,0.00,6.2208,6.4800
5957,652,1640,03/08/2021,21/08/2021,38.8800,6,0.00,18.6624,6.4800
5958,695,125,20/08/2021,01/09/2021,106.8690,3,0.30,-29.0073,35.3230
5959,50,75,12/08/2021,10/09/2021,58.2480,9,0.20,11.6496,6.2720
5960,383,183,24/07/2021,01/08/2021,9.5520,3,0.20,1.5522,2.9840
5961,423,321,25/07/2021,20/08/2021,41.2800,6,0.00,18.9888,6.8800
5962,215,890,20/03/2021,15/04/2021,99.5880,2,0.70,-82.9900,49.0940
5963,539,681,10/02/2021,12/02/2021,15.5520,3,0.20,5.4432,4.9840
5964,689,1488,29/09/2021,19/10/2021,4.1440,4,0.80,-6.4232,0.2360
5965,249,1564,29/04/2021,26/05/2021,659.9880,2,0.40,109.9980,329.5940
5966,612,535,01/07/2021,02/07/2021,15.2400,3,0.00,5.1816,5.0800
5967,36,61,10/05/2021,21/05/2021,16.7760,3,0.20,5.0328,5.3920
5968,456,533,27/04/2021,07/05/2021,555.2100,5,0.10,178.9010,110.9420
5969,647,1661,23/02/2021,05/03/2021,1263.3000,6,0.00,315.8250,210.5500
5970,294,1596,03/05/2021,06/05/2021,40.2400,5,0.20,13.0780,7.8480
5971,665,1065,07/08/2021,05/09/2021,838.3800,2,0.00,226.3626,419.1900
5972,419,291,16/05/2021,06/06/2021,99.1360,4,0.20,8.6744,24.5840
5973,162,112,01/03/2021,23/03/2021,7.0800,3,0.20,2.4780,2.1600
5974,611,1031,09/04/2021,13/04/2021,79.3600,4,0.00,23.8080,19.8400
5975,102,699,27/01/2021,31/01/2021,34.9200,4,0.00,11.8728,8.7300
5976,50,449,31/08/2021,27/09/2021,2.7400,1,0.00,0.7398,2.7400
5977,519,1092,11/04/2021,06/05/2021,14.9000,5,0.00,7.1520,2.9800
5978,279,772,24/01/2021,01/02/2021,481.3200,4,0.00,125.1432,120.3300
5979,530,429,21/12/2021,03/01/2022,239.9700,3,0.00,86.3892,79.9900
5980,243,1036,21/12/2021,31/12/2021,21.4000,5,0.00,6.2060,4.2800
5981,580,892,29/04/2021,29/05/2021,764.6880,6,0.20,95.5860,127.2480
5982,230,428,18/01/2021,11/02/2021,12.1200,4,0.00,2.5452,3.0300
5983,547,1344,19/03/2021,29/03/2021,14.3520,3,0.20,4.4850,4.5840
5984,756,615,01/10/2021,28/10/2021,2.3040,4,0.80,-3.5712,-0.2240
5985,616,352,22/09/2021,25/09/2021,37.8960,4,0.70,-29.0536,8.7740
5986,438,1158,06/12/2021,27/12/2021,12.0000,4,0.20,4.2000,2.8000
5987,305,160,03/09/2021,25/09/2021,10.6880,2,0.20,2.2712,5.1440
5988,212,916,21/05/2021,16/06/2021,15.4800,3,0.00,4.4892,5.1600
5989,768,1251,19/07/2021,12/08/2021,64.8640,4,0.20,6.4864,16.0160
5990,592,463,03/10/2021,06/10/2021,128.7440,7,0.20,-28.9674,18.1920
5991,274,242,23/05/2021,08/06/2021,159.8000,4,0.00,70.3120,39.9500
5992,113,1652,30/07/2021,03/08/2021,9.3440,2,0.20,1.8688,4.4720
5993,697,821,13/11/2021,27/11/2021,3.5200,2,0.00,1.0208,1.7600
5994,787,177,30/07/2021,18/08/2021,5.7280,8,0.80,-9.1648,-0.0840
5995,398,1373,22/02/2021,22/03/2021,24.6720,3,0.20,0.0000,8.0240
5996,229,1377,26/07/2021,16/08/2021,3.3660,3,0.70,-2.2440,0.4220
5997,250,23,10/02/2021,28/02/2021,25.8600,3,0.00,6.7236,8.6200
5998,372,1732,16/01/2021,30/01/2021,32.1300,9,0.00,8.3538,3.5700
5999,519,772,26/09/2021,12/10/2021,120.3300,1,0.00,31.2858,120.3300
6000,500,485,07/09/2021,23/09/2021,86.2600,2,0.00,29.3284,43.1300
6001,25,660,29/03/2021,12/04/2021,30.0000,6,0.00,14.4000,5.0000
6002,278,30,30/09/2021,07/10/2021,6.1200,3,0.00,2.8764,2.0400
6003,490,42,06/08/2021,08/08/2021,93.4560,3,0.20,-17.5230,30.9520
6004,304,863,17/10/2021,10/11/2021,3.0080,2,0.20,0.3384,1.3040
6005,398,585,01/03/2021,21/03/2021,863.1280,8,0.30,-160.2952,107.5910
6006,360,750,24/02/2021,17/03/2021,3.2400,9,0.80,-5.1840,-0.4400
6007,639,136,29/12/2021,25/01/2022,5.8800,2,0.00,1.5876,2.9400
6008,327,725,07/01/2021,12/01/2021,151.2000,3,0.20,32.1300,50.2000
6009,355,263,10/06/2021,30/06/2021,769.1840,4,0.20,-163.4516,192.0960
6010,310,248,10/12/2021,31/12/2021,119.9600,4,0.00,52.7824,29.9900
6011,493,1691,10/02/2021,22/02/2021,8.9400,3,0.00,2.4138,2.9800
6012,128,1260,10/12/2021,06/01/2022,54.8160,3,0.20,17.8152,18.0720
6013,180,913,22/08/2021,28/08/2021,34.8600,2,0.70,-26.7260,16.7300
6014,220,615,18/04/2021,09/05/2021,14.4000,5,0.00,7.0560,2.8800
6015,558,697,30/10/2021,25/11/2021,7.8560,2,0.20,2.8478,3.7280
6016,238,303,14/02/2021,13/03/2021,138.0000,2,0.00,34.5000,69.0000
6017,558,1027,10/09/2021,11/09/2021,33.8200,2,0.00,9.1314,16.9100
6018,434,59,21/07/2021,17/08/2021,60.6000,5,0.20,20.4525,11.9200
6019,92,674,12/02/2021,11/03/2021,121.6800,13,0.20,38.0250,9.1600
6020,129,1749,27/05/2021,16/06/2021,18.6560,2,0.20,1.3992,9.1280
6021,187,546,20/06/2021,07/07/2021,31.4000,5,0.00,10.0480,6.2800
6022,141,1597,20/02/2021,25/02/2021,60.1200,9,0.00,28.8576,6.6800
6023,636,720,09/08/2021,04/09/2021,32.4800,2,0.00,4.8720,16.2400
6024,489,658,07/04/2021,19/04/2021,255.9680,4,0.20,31.9960,63.7920
6025,327,1677,12/07/2021,29/07/2021,579.1360,4,0.20,-28.9568,144.5840
6026,727,685,03/03/2021,22/03/2021,18.4800,2,0.20,6.0060,9.0400
6027,129,743,05/05/2021,17/05/2021,9.9840,4,0.20,3.6192,2.2960
6028,538,1641,06/11/2021,26/11/2021,21.2000,2,0.00,9.1160,10.6000
6029,529,62,11/01/2021,30/01/2021,25.8240,6,0.20,9.3612,4.1040
6030,316,406,26/06/2021,22/07/2021,63.8800,4,0.00,24.9132,15.9700
6031,126,265,23/04/2021,28/04/2021,18.4960,8,0.20,6.2424,2.1120
6032,700,1116,03/05/2021,09/05/2021,204.9500,5,0.00,100.4255,40.9900
6033,368,1232,10/07/2021,13/07/2021,168.6240,9,0.20,14.7546,18.5360
6034,288,1762,10/06/2021,21/06/2021,686.4000,2,0.20,77.2200,343.0000
6035,729,479,13/02/2021,18/02/2021,36.3200,1,0.00,10.8960,36.3200
6036,424,1034,20/03/2021,17/04/2021,53.7000,6,0.00,10.2030,8.9500
6037,626,1451,25/10/2021,15/11/2021,188.5520,7,0.30,-2.6936,26.6360
6038,206,828,27/01/2021,31/01/2021,38.8800,6,0.00,18.6624,6.4800
6039,207,1623,05/05/2021,19/05/2021,131.1040,2,0.20,8.1940,65.3520
6040,236,1119,27/12/2021,13/01/2022,89.5680,4,0.20,-1.1196,22.1920
6041,120,1195,21/05/2021,17/06/2021,127.3720,2,0.30,-30.9332,63.3860
6042,457,285,27/09/2021,11/10/2021,2888.1270,11,0.10,609.7157,262.4570
6043,372,1455,03/11/2021,13/11/2021,9.9600,5,0.60,-6.7230,1.3920
6044,530,898,21/01/2021,01/02/2021,27.4200,1,0.00,11.2422,27.4200
6045,726,636,07/12/2021,24/12/2021,1526.5600,7,0.00,427.4368,218.0800
6046,446,1195,20/08/2021,11/09/2021,436.7040,6,0.20,-38.2116,72.5840
6047,708,1295,22/09/2021,29/09/2021,87.1680,8,0.80,-226.6368,10.0960
6048,739,808,15/09/2021,18/09/2021,23.3600,4,0.00,6.0736,5.8400
6049,10,1570,22/07/2021,01/08/2021,1448.8200,10,0.10,209.2740,144.7820
6050,515,1239,13/04/2021,27/04/2021,19.6500,3,0.00,9.0390,6.5500
6051,286,129,17/10/2021,04/11/2021,14.9000,5,0.00,6.8540,2.9800
6052,487,269,25/05/2021,16/06/2021,307.1360,4,0.20,26.8744,76.5840
6053,215,507,27/10/2021,24/11/2021,263.9600,4,0.00,71.2692,65.9900
6054,466,1714,19/02/2021,08/03/2021,41.0400,6,0.00,11.0808,6.8400
6055,507,2,30/10/2021,12/11/2021,1537.0740,9,0.30,0.0000,170.4860
6056,404,202,28/10/2021,21/11/2021,1188.0000,9,0.70,-950.4000,131.3000
6057,676,1125,31/05/2021,03/06/2021,23.9760,4,0.40,-15.5844,5.5940
6058,29,838,15/03/2021,03/04/2021,19.9800,2,0.00,8.9910,9.9900
6059,390,152,29/12/2021,25/01/2022,5.9800,1,0.00,2.6910,5.9800
6060,470,1072,07/09/2021,29/09/2021,45.8940,1,0.40,-9.1788,45.4940
6061,216,61,16/01/2021,27/01/2021,16.7760,3,0.20,5.0328,5.3920
6062,40,1776,19/03/2021,08/04/2021,59.9400,3,0.00,28.1718,19.9800
6063,382,1797,17/10/2021,06/11/2021,479.7200,4,0.00,52.7692,119.9300
6064,288,1650,21/08/2021,18/09/2021,27.3840,7,0.20,2.7384,3.7120
6065,121,1627,06/08/2021,26/08/2021,171.2000,5,0.20,64.2000,34.0400
6066,192,204,01/08/2021,28/08/2021,302.3760,3,0.20,22.6782,100.5920
6067,54,868,10/08/2021,28/08/2021,1487.0400,5,0.20,148.7040,297.2080
6068,459,1297,23/11/2021,29/11/2021,2.8620,3,0.70,-2.2896,0.2540
6069,601,918,03/06/2021,02/07/2021,6.6080,2,0.20,2.2302,3.1040
6070,68,272,23/11/2021,07/12/2021,27.5520,3,0.20,9.2988,8.9840
6071,483,1333,24/07/2021,23/08/2021,32.4000,5,0.00,15.5520,6.4800
6072,748,969,22/01/2021,27/01/2021,45.3600,7,0.00,21.7728,6.4800
6073,698,405,02/01/2021,06/01/2021,2079.4000,5,0.00,582.2320,415.8800
6074,326,109,08/10/2021,02/11/2021,75.9600,2,0.00,22.7880,37.9800
6075,78,981,11/10/2021,17/10/2021,20.3400,3,0.00,9.3564,6.7800
6076,479,476,30/11/2021,06/12/2021,283.9200,5,0.20,17.7450,56.5840
6077,356,1410,11/09/2021,26/09/2021,20.7840,2,0.20,-3.6372,10.1920
6078,663,1279,30/06/2021,18/07/2021,373.0800,6,0.00,82.0776,62.1800
6079,204,1064,19/03/2021,29/03/2021,8.9600,2,0.00,2.7776,4.4800
6080,699,1496,21/04/2021,29/04/2021,24.9000,5,0.00,11.4540,4.9800
6081,84,103,21/06/2021,23/06/2021,98.3520,3,0.20,35.6526,32.5840
6082,457,1564,08/12/2021,22/12/2021,659.9880,2,0.40,109.9980,329.5940
6083,781,225,28/06/2021,20/07/2021,283.5600,4,0.00,45.3696,70.8900
6084,675,1418,18/01/2021,01/02/2021,80.4800,1,0.00,24.1440,80.4800
6085,187,55,05/12/2021,19/12/2021,104.2800,3,0.00,26.0700,34.7600
6086,37,774,05/03/2021,24/03/2021,1267.5300,3,0.00,316.8825,422.5100
6087,662,613,23/05/2021,08/06/2021,30.9600,8,0.80,-52.6320,3.0700
6088,174,34,13/05/2021,25/05/2021,19.9200,4,0.00,9.3624,4.9800
6089,160,116,21/10/2021,13/11/2021,157.7940,1,0.70,-115.7156,157.0940
6090,753,928,14/09/2021,30/09/2021,15.5520,3,0.20,5.4432,4.9840
6091,680,1182,04/11/2021,11/11/2021,116.3120,7,0.20,23.2624,16.4160
6092,349,906,24/04/2021,01/05/2021,388.4300,5,0.30,-88.7840,77.3860
6093,756,243,18/09/2021,09/10/2021,11.6800,2,0.00,5.4896,5.8400
6094,634,1519,15/08/2021,28/08/2021,113.5680,2,0.20,12.7764,56.5840
6095,121,165,10/10/2021,23/10/2021,97.1840,2,0.20,6.0740,48.3920
6096,532,1523,05/10/2021,12/10/2021,128.0580,3,0.30,-23.7822,42.3860
6097,76,868,07/07/2021,01/08/2021,892.2240,3,0.20,89.2224,297.2080
6098,707,931,14/07/2021,12/08/2021,11.6480,4,0.80,-30.8672,2.1120
6099,291,272,10/10/2021,31/10/2021,45.9200,5,0.20,15.4980,8.9840
6100,441,1179,02/01/2021,04/01/2021,6.4800,1,0.00,3.1104,6.4800
6101,791,1713,04/12/2021,08/12/2021,646.2720,8,0.20,64.6272,80.5840
6102,504,36,07/07/2021,04/08/2021,1336.4400,14,0.00,387.5676,95.4600
6103,453,1602,10/01/2021,04/02/2021,26.4000,5,0.00,11.8800,5.2800
6104,789,1403,15/03/2021,29/03/2021,144.1200,3,0.00,69.1776,48.0400
6105,722,472,09/10/2021,16/10/2021,41.9200,5,0.20,3.6680,8.1840
6106,654,154,22/05/2021,17/06/2021,11.1600,2,0.00,5.5800,5.5800
6107,494,1108,05/09/2021,07/09/2021,241.9600,2,0.00,33.8744,120.9800
6108,453,1780,23/03/2021,07/04/2021,43.2800,1,0.20,3.2460,43.0800
6109,238,112,11/03/2021,26/03/2021,14.7500,5,0.00,7.0800,2.9500
6110,159,1335,25/12/2021,12/01/2022,451.1360,4,0.20,-67.6704,112.5840
6111,780,746,20/07/2021,24/07/2021,25.9200,4,0.00,12.4416,6.4800
6112,377,419,03/10/2021,14/10/2021,909.1200,8,0.00,9.0912,113.6400
6113,683,668,08/08/2021,21/08/2021,59.2400,5,0.20,16.2910,11.6480
6114,735,308,16/08/2021,19/08/2021,10.7760,3,0.20,3.5022,3.3920
6115,224,653,25/03/2021,13/04/2021,60.1200,9,0.00,28.8576,6.6800
6116,661,386,22/05/2021,29/05/2021,714.3000,5,0.00,207.1470,142.8600
6117,494,766,13/09/2021,02/10/2021,3.9120,1,0.20,1.2714,3.7120
6118,550,39,16/03/2021,27/03/2021,201.9600,2,0.00,50.4900,100.9800
6119,91,1306,23/02/2021,04/03/2021,532.7040,6,0.20,-26.6352,88.5840
6120,59,1035,26/04/2021,12/05/2021,26.3520,8,0.70,-18.4464,2.5940
6121,635,1684,14/10/2021,05/11/2021,20.9700,3,0.00,9.0171,6.9900
6122,691,1142,26/06/2021,17/07/2021,492.8350,5,0.30,-14.0810,98.2670
6123,318,767,16/12/2021,22/12/2021,30.3440,2,0.60,-31.8612,14.5720
6124,32,581,07/11/2021,28/11/2021,48.8480,2,0.20,15.8756,24.2240
6125,708,189,01/08/2021,05/08/2021,81.5400,9,0.00,36.6930,9.0600
6126,575,285,09/11/2021,12/11/2021,1166.9200,5,0.20,131.2785,233.1840
6127,589,418,22/10/2021,19/11/2021,166.4400,3,0.00,79.8912,55.4800
6128,464,1147,13/11/2021,12/12/2021,244.5500,5,0.00,114.9385,48.9100
6129,444,693,17/05/2021,28/05/2021,1598.0580,7,0.70,-1065.3720,227.5940
6130,133,581,16/02/2021,20/02/2021,122.1200,4,0.00,56.1752,30.5300
6131,343,216,17/05/2021,26/05/2021,510.2400,3,0.20,6.3780,169.8800
6132,161,1720,22/06/2021,18/07/2021,72.4200,6,0.00,23.8986,12.0700
6133,511,1051,28/01/2021,07/02/2021,6.6720,3,0.20,1.6680,2.0240
6134,16,681,31/01/2021,27/02/2021,38.8800,6,0.00,18.6624,6.4800
6135,362,456,26/08/2021,06/09/2021,21.1680,9,0.20,2.3814,2.1520
6136,87,550,18/01/2021,23/01/2021,523.2500,5,0.00,141.2775,104.6500
6137,95,363,19/08/2021,13/09/2021,21.7200,5,0.20,7.8735,4.1440
6138,375,825,17/06/2021,22/06/2021,53.9000,5,0.00,25.8720,10.7800
6139,676,1494,21/06/2021,02/07/2021,49.7920,8,0.20,-11.8256,6.0240
6140,218,480,17/02/2021,10/03/2021,503.9600,4,0.00,125.9900,125.9900
6141,632,1082,12/03/2021,17/03/2021,11.1200,2,0.20,3.4750,5.3600
6142,463,256,04/02/2021,16/02/2021,31.0500,3,0.00,14.9040,10.3500
6143,217,1325,25/05/2021,19/06/2021,49.6320,6,0.20,16.7508,8.0720
6144,741,575,28/08/2021,10/09/2021,191.9840,2,0.20,4.7996,95.7920
6145,51,1267,16/11/2021,26/11/2021,44.4000,2,0.60,-52.1700,21.6000
6146,770,1460,27/10/2021,09/11/2021,4.6620,3,0.70,-3.7296,0.8540
6147,611,246,12/12/2021,21/12/2021,71.9700,3,0.00,35.9850,23.9900
6148,63,799,18/03/2021,23/03/2021,32.7840,4,0.80,-52.4544,7.3960
6149,596,1491,06/11/2021,11/11/2021,181.8600,7,0.00,50.9208,25.9800
6150,326,72,13/09/2021,12/10/2021,181.9500,3,0.00,38.2095,60.6500
6151,64,56,18/05/2021,23/05/2021,32.4000,5,0.00,15.5520,6.4800
6152,244,980,07/12/2021,27/12/2021,20.3680,1,0.20,7.3834,20.1680
6153,596,783,03/08/2021,18/08/2021,15.6960,3,0.20,5.1012,5.0320
6154,440,636,27/05/2021,21/06/2021,523.3920,3,0.20,52.3392,174.2640
6155,571,829,18/06/2021,28/06/2021,119.8330,1,0.15,-12.6882,119.6830
6156,182,385,15/06/2021,01/07/2021,4.7680,2,0.20,-0.7748,2.1840
6157,186,1414,19/11/2021,21/11/2021,2.9700,3,0.00,1.3068,0.9900
6158,639,545,10/03/2021,21/03/2021,9.6400,2,0.00,4.4344,4.8200
6159,723,308,27/12/2021,31/12/2021,5.3880,4,0.70,-4.4900,0.6470
6160,515,1744,17/09/2021,24/09/2021,55.9840,2,0.20,4.1988,27.7920
6161,100,1693,01/04/2021,18/04/2021,30.3450,7,0.70,-24.2760,3.6350
6162,337,570,20/09/2021,07/10/2021,914.9700,3,0.00,411.7365,304.9900
6163,259,1340,30/09/2021,02/10/2021,26.3760,4,0.40,2.6376,6.1940
6164,28,777,03/10/2021,23/10/2021,7.3800,1,0.00,3.6162,7.3800
6165,144,312,04/04/2021,05/04/2021,5.5800,1,0.00,1.3950,5.5800
6166,209,1147,26/09/2021,14/10/2021,195.6400,4,0.00,91.9508,48.9100
6167,117,1175,31/07/2021,23/08/2021,671.9400,3,0.00,315.8118,223.9800
6168,1,900,10/11/2021,23/11/2021,863.8800,3,0.20,107.9850,287.7600
6169,773,1656,08/10/2021,09/10/2021,177.6480,2,0.20,-28.8678,88.6240
6170,634,785,24/10/2021,05/11/2021,6.1040,2,0.80,-9.1560,2.2520
6171,10,223,29/04/2021,25/05/2021,15.9200,2,0.00,7.0048,7.9600
6172,506,423,01/06/2021,15/06/2021,71.6000,8,0.00,32.9360,8.9500
6173,444,790,29/09/2021,06/10/2021,12.9920,2,0.80,-32.4800,5.6960
6174,312,1351,02/11/2021,27/11/2021,1447.6500,5,0.00,419.8185,289.5300
6175,299,806,21/03/2021,28/03/2021,33.4400,10,0.20,11.7040,3.1440
6176,327,1473,04/07/2021,05/07/2021,537.5440,7,0.20,53.7544,76.5920
6177,80,670,20/07/2021,13/08/2021,76.7760,4,0.70,-53.7432,18.4940
6178,229,1720,22/05/2021,16/06/2021,72.4200,6,0.00,23.8986,12.0700
6179,383,778,14/07/2021,15/07/2021,12.9600,2,0.00,6.2208,6.4800
6180,623,688,28/06/2021,18/07/2021,29.5920,1,0.20,2.5893,29.3920
6181,369,334,02/06/2021,07/06/2021,431.1360,9,0.20,-26.9460,47.7040
6182,66,84,12/06/2021,29/06/2021,634.1160,6,0.30,-172.1172,105.3860
6183,463,1518,08/05/2021,12/05/2021,70.5600,6,0.00,23.9904,11.7600
6184,379,316,14/01/2021,10/02/2021,15.2400,5,0.20,5.3340,2.8480
6185,754,679,29/06/2021,28/07/2021,115.3600,7,0.00,49.6048,16.4800
6186,319,680,02/09/2021,11/09/2021,2.0640,1,0.20,0.1548,1.8640
6187,556,1695,25/04/2021,08/05/2021,5.7000,5,0.00,2.6790,1.1400
6188,666,1619,05/07/2021,07/07/2021,5.9500,1,0.00,0.8330,5.9500
6189,172,1244,20/01/2021,23/01/2021,50.9700,3,0.00,13.2522,16.9900
6190,234,750,23/03/2021,29/03/2021,4.3200,3,0.20,1.5120,1.2400
6191,245,1578,09/07/2021,20/07/2021,37.5900,3,0.00,17.6673,12.5300
6192,688,361,10/12/2021,27/12/2021,60.6900,7,0.00,16.3863,8.6700
6193,663,575,12/05/2021,30/05/2021,203.9830,2,0.15,16.7986,101.8415
6194,227,1528,15/03/2021,04/04/2021,5.1600,3,0.20,0.8385,1.5200
6195,423,82,30/08/2021,17/09/2021,35.8900,1,0.00,16.1505,35.8900
6196,563,1645,23/12/2021,29/12/2021,34.6560,2,0.20,5.6316,17.1280
6197,731,1560,30/11/2021,29/12/2021,11.5200,5,0.20,3.7440,2.1040
6198,165,811,18/06/2021,30/06/2021,2799.9600,4,0.00,1371.9803,699.9900
6199,511,430,28/07/2021,27/08/2021,29.6000,2,0.00,14.8000,14.8000
6200,485,324,26/10/2021,22/11/2021,488.6460,3,0.10,86.8704,162.7820
6201,55,323,10/09/2021,12/09/2021,51.7500,5,0.00,24.8400,10.3500
6202,184,43,30/11/2021,12/12/2021,478.0800,8,0.00,133.8624,59.7600
6203,530,1345,05/08/2021,18/08/2021,125.3600,8,0.00,58.9192,15.6700
6204,526,1604,30/08/2021,19/09/2021,16.7800,2,0.00,4.1950,8.3900
6205,130,348,23/03/2021,18/04/2021,2.9200,2,0.80,-4.8180,0.6600
6206,239,1250,15/07/2021,17/07/2021,442.7640,4,0.10,59.0352,110.5910
6207,503,637,18/07/2021,02/08/2021,4.8420,3,0.70,-3.3894,0.9140
6208,156,464,23/02/2021,19/03/2021,185.5280,7,0.20,48.7011,26.3040
6209,101,1015,20/11/2021,23/11/2021,6.9000,3,0.80,-12.0750,1.5000
6210,545,992,04/12/2021,18/12/2021,30.4000,1,0.00,13.9840,30.4000
6211,125,131,17/10/2021,09/11/2021,212.6400,6,0.00,99.9408,35.4400
6212,472,142,20/04/2021,04/05/2021,159.9680,4,0.20,-31.9936,39.7920
6213,599,1766,14/07/2021,16/07/2021,27.8800,2,0.00,3.9032,13.9400
6214,103,178,22/04/2021,08/05/2021,106.0800,6,0.20,-9.2820,17.4800
6215,395,1213,27/08/2021,21/09/2021,96.3600,6,0.00,25.0536,16.0600
6216,751,85,17/03/2021,05/04/2021,59.9700,3,0.00,20.3898,19.9900
6217,724,881,15/07/2021,22/07/2021,193.8600,2,0.00,11.6316,96.9300
6218,558,1561,10/07/2021,09/08/2021,32.5600,2,0.00,8.4656,16.2800
6219,88,1029,20/12/2021,04/01/2022,27.7200,9,0.00,13.3056,3.0800
6220,23,1601,03/03/2021,04/03/2021,5.2480,2,0.20,0.5904,2.4240
6221,285,1701,14/08/2021,11/09/2021,48.7840,4,0.80,-131.7168,11.3960
6222,87,911,29/03/2021,08/04/2021,74.2400,1,0.20,8.3520,74.0400
6223,476,615,02/05/2021,29/05/2021,2.3040,4,0.80,-3.5712,-0.2240
6224,555,1798,15/12/2021,21/12/2021,623.9600,5,0.20,38.9975,124.5920
6225,759,673,03/02/2021,01/03/2021,87.2100,3,0.50,-45.3492,28.5700
6226,774,476,23/07/2021,13/08/2021,191.6460,3,0.10,31.9410,63.7820
6227,622,498,06/04/2021,08/04/2021,23.1680,2,0.20,7.8192,11.3840
6228,547,87,23/01/2021,07/02/2021,84.8400,3,0.00,22.9068,28.2800
6229,684,1501,17/09/2021,05/10/2021,35.1200,2,0.20,13.1700,17.3600
6230,532,1577,02/10/2021,04/10/2021,261.9600,2,0.00,23.5764,130.9800
6231,114,127,09/09/2021,21/09/2021,79.9600,4,0.00,22.3888,19.9900
6232,287,749,13/11/2021,18/11/2021,52.9600,2,0.00,20.1248,26.4800
6233,586,69,19/10/2021,05/11/2021,4.6160,1,0.20,1.7310,4.4160
6234,370,1295,31/03/2021,19/04/2021,490.3200,9,0.00,137.2896,54.4800
6235,129,421,15/08/2021,14/09/2021,791.9640,6,0.40,-131.9940,131.5940
6236,230,1124,28/09/2021,11/10/2021,99.9800,2,0.00,42.9914,49.9900
6237,45,95,09/03/2021,22/03/2021,222.3520,13,0.20,77.8232,16.9040
6238,224,1696,27/03/2021,02/04/2021,4.2000,2,0.00,1.1760,2.1000
6239,29,773,06/11/2021,20/11/2021,38.8200,6,0.00,17.4690,6.4700
6240,128,383,30/11/2021,28/12/2021,4.1700,3,0.00,1.0842,1.3900
6241,578,1716,18/01/2021,31/01/2021,52.4400,4,0.00,24.1224,13.1100
6242,451,1710,14/06/2021,04/07/2021,28.9100,7,0.00,13.2986,4.1300
6243,286,1213,20/05/2021,01/06/2021,80.3000,5,0.00,20.8780,16.0600
6244,342,1131,03/04/2021,11/04/2021,29.3200,2,0.60,-24.1890,14.0600
6245,231,422,24/07/2021,30/07/2021,15.4200,1,0.00,4.1634,15.4200
6246,577,1842,09/09/2021,07/10/2021,436.7040,6,0.20,21.8352,72.5840
6247,292,992,01/04/2021,04/04/2021,18.2400,2,0.70,-14.5920,8.4200
6248,504,931,26/06/2021,16/07/2021,11.6480,4,0.80,-30.8672,2.1120
6249,377,569,23/03/2021,19/04/2021,165.0480,3,0.20,41.2620,54.8160
6250,618,69,15/07/2021,24/07/2021,13.8480,3,0.20,5.1930,4.4160
6251,62,366,27/05/2021,20/06/2021,3.1500,1,0.00,1.5120,3.1500
6252,35,1634,15/01/2021,23/01/2021,19.8300,1,0.00,5.9490,19.8300
6253,257,154,03/02/2021,26/02/2021,29.3400,3,0.00,14.6700,9.7800
6254,161,312,19/12/2021,25/12/2021,11.1600,2,0.00,2.7900,5.5800
6255,205,1022,26/12/2021,24/01/2022,61.9600,2,0.00,27.8820,30.9800
6256,412,671,02/09/2021,09/09/2021,42.2800,7,0.00,19.8716,6.0400
6257,800,1186,05/06/2021,13/06/2021,238.0000,2,0.00,38.0800,119.0000
6258,495,425,27/03/2021,12/04/2021,35.9100,3,0.40,-8.3790,11.5700
6259,645,531,03/08/2021,20/08/2021,20.8560,8,0.70,-16.6848,1.9070
6260,150,1002,26/04/2021,25/05/2021,32.4000,5,0.00,15.5520,6.4800
6261,420,1778,03/12/2021,27/12/2021,122.3820,3,0.40,-24.4764,40.3940
6262,457,849,18/03/2021,24/03/2021,801.6000,5,0.50,-448.8960,159.8200
6263,381,324,10/11/2021,16/11/2021,144.7840,1,0.20,10.8588,144.5840
6264,193,657,29/10/2021,17/11/2021,251.6400,3,0.20,88.0740,83.6800
6265,148,1616,20/11/2021,16/12/2021,9449.9500,5,0.00,4630.4756,1889.9900
6266,784,1078,05/03/2021,26/03/2021,9.2640,3,0.80,-13.8960,2.2880
6267,751,1558,26/09/2021,23/10/2021,16.9000,2,0.00,5.0700,8.4500
6268,284,751,28/02/2021,24/03/2021,34.0200,3,0.00,16.6698,11.3400
6269,633,962,22/12/2021,15/01/2022,348.8400,9,0.00,170.9316,38.7600
6270,524,1255,04/05/2021,27/05/2021,197.0500,7,0.00,59.1150,28.1500
6271,730,658,19/12/2021,28/12/2021,559.9300,7,0.00,167.9790,79.9900
6272,24,1179,28/04/2021,29/04/2021,6.4800,1,0.00,3.1104,6.4800
6273,183,154,06/03/2021,16/03/2021,71.8800,6,0.00,33.0648,11.9800
6274,287,1295,10/07/2021,29/07/2021,381.3600,7,0.00,106.7808,54.4800
6275,277,861,20/05/2021,25/05/2021,241.5000,4,0.30,0.0000,60.0750
6276,193,1005,01/11/2021,24/11/2021,12.8400,3,0.00,5.7780,4.2800
6277,349,1190,20/02/2021,12/03/2021,48.3600,5,0.20,6.0450,9.4720
6278,587,1560,01/07/2021,22/07/2021,17.2800,6,0.00,7.9488,2.8800
6279,575,1589,10/06/2021,18/06/2021,7.9800,3,0.00,2.0748,2.6600
6280,674,810,09/04/2021,02/05/2021,221.3820,2,0.10,2.4598,110.5910
6281,516,921,09/04/2021,15/04/2021,198.2720,8,0.20,-32.2192,24.5840
6282,194,785,31/03/2021,22/04/2021,6.1040,2,0.80,-9.1560,2.2520
6283,212,392,09/09/2021,08/10/2021,73.3200,6,0.00,21.9960,12.2200
6284,244,38,04/12/2021,01/01/2022,1552.8310,7,0.15,200.9546,221.6830
6285,705,910,08/11/2021,17/11/2021,41.9400,2,0.00,15.0984,20.9700
6286,220,1661,13/06/2021,29/06/2021,1347.5200,8,0.20,84.2200,168.2400
6287,615,864,11/06/2021,12/06/2021,5.9400,3,0.00,1.6038,1.9800
6288,471,1515,23/09/2021,26/09/2021,67.8400,1,0.00,18.3168,67.8400
6289,644,1758,30/01/2021,14/02/2021,6.8000,1,0.20,0.5100,6.6000
6290,287,433,13/08/2021,17/08/2021,569.9900,1,0.00,170.9970,569.9900
6291,6,1354,08/03/2021,18/03/2021,69.5760,4,0.70,-143.7904,16.6940
6292,212,1468,12/07/2021,14/07/2021,44.7840,2,0.20,4.4784,22.1920
6293,608,1553,13/06/2021,21/06/2021,31.1040,6,0.20,11.2752,4.9840
6294,292,415,18/09/2021,08/10/2021,78.2720,2,0.20,5.8704,38.9360
6295,774,1120,24/10/2021,16/11/2021,842.3520,3,0.20,42.1176,280.5840
6296,347,269,20/02/2021,02/03/2021,307.1360,4,0.20,26.8744,76.5840
6297,273,69,28/08/2021,23/09/2021,11.5400,2,0.00,5.7700,5.7700
6298,688,89,21/01/2021,07/02/2021,6.4800,1,0.00,3.1104,6.4800
6299,8,1187,27/06/2021,06/07/2021,56.6500,5,0.00,24.3595,11.3300
6300,117,294,16/07/2021,17/07/2021,270.0000,3,0.00,97.2000,90.0000
6301,338,429,29/11/2021,24/12/2021,447.9440,7,0.20,89.5888,63.7920
6302,357,149,21/07/2021,31/07/2021,6.6300,3,0.00,1.7901,2.2100
6303,48,931,09/02/2021,15/02/2021,11.6480,4,0.80,-30.8672,2.1120
6304,631,1395,30/06/2021,15/07/2021,10.0480,4,0.20,3.1400,2.3120
6305,301,904,24/01/2021,29/01/2021,76.7520,3,0.20,-9.5940,25.3840
6306,294,778,08/05/2021,11/05/2021,12.9600,2,0.00,6.2208,6.4800
6307,424,297,06/12/2021,13/12/2021,31.9840,2,0.20,1.9990,15.7920
6308,575,15,23/07/2021,06/08/2021,110.0960,2,0.20,33.0288,54.8480
6309,237,1563,17/05/2021,16/06/2021,39.6800,2,0.00,16.2688,19.8400
6310,261,19,21/08/2021,22/08/2021,12.8400,3,0.00,3.7236,4.2800
6311,86,280,02/09/2021,20/09/2021,22.9600,7,0.00,6.6584,3.2800
6312,259,580,10/03/2021,30/03/2021,47.3600,4,0.20,17.7600,11.6400
6313,371,1344,01/07/2021,20/07/2021,35.8800,6,0.00,16.1460,5.9800
6314,11,1633,17/08/2021,27/08/2021,3.3600,2,0.00,0.8736,1.6800
6315,728,1528,23/12/2021,05/01/2022,3.4400,2,0.20,0.5590,1.5200
6316,668,1195,28/05/2021,04/06/2021,63.6860,1,0.30,-15.4666,63.3860
6317,617,1029,22/11/2021,21/12/2021,12.3200,4,0.00,5.9136,3.0800
6318,654,1334,09/08/2021,15/08/2021,5.3520,3,0.20,1.6056,1.5840
6319,74,361,16/02/2021,19/02/2021,43.9200,4,0.00,11.8584,10.9800
6320,20,461,04/10/2021,08/10/2021,242.9400,3,0.00,9.7176,80.9800
6321,57,622,01/05/2021,10/05/2021,190.8600,2,0.00,11.4516,95.4300
6322,37,1530,24/02/2021,04/03/2021,45.3600,7,0.00,21.7728,6.4800
6323,248,825,08/08/2021,18/08/2021,53.9000,5,0.00,25.8720,10.7800
6324,420,83,24/05/2021,12/06/2021,230.3760,3,0.20,-48.9549,76.5920
6325,785,746,26/06/2021,11/07/2021,25.9200,4,0.00,12.4416,6.4800
6326,681,969,16/02/2021,11/03/2021,32.4000,5,0.00,15.5520,6.4800
6327,249,1066,12/11/2021,17/11/2021,438.3360,4,0.20,-87.6672,109.3840
6328,410,156,10/01/2021,05/02/2021,16.5600,4,0.00,6.9552,4.1400
6329,763,170,02/03/2021,13/03/2021,15.8800,5,0.20,-3.7715,2.9760
6330,436,1406,25/01/2021,04/02/2021,259.9600,4,0.00,124.7808,64.9900
6331,754,785,06/05/2021,21/05/2021,6.1040,2,0.80,-9.1560,2.2520
6332,107,1168,10/09/2021,07/10/2021,19.6800,5,0.20,6.8880,3.7360
6333,192,1180,21/10/2021,19/11/2021,271.9920,1,0.20,23.7993,271.7920
6334,459,4,28/10/2021,21/11/2021,974.9880,4,0.30,-97.4988,243.4470
6335,103,1759,11/05/2021,25/05/2021,234.3600,6,0.00,112.4928,39.0600
6336,499,324,02/06/2021,03/06/2021,144.7840,1,0.20,10.8588,144.5840
6337,492,430,26/12/2021,13/01/2022,44.4000,3,0.00,22.2000,14.8000
6338,146,574,06/10/2021,24/10/2021,21.9300,3,0.00,10.3071,7.3100
6339,358,1324,26/04/2021,10/05/2021,1.6800,5,0.80,-2.6880,-0.4640
6340,162,1233,23/10/2021,19/11/2021,2003.9200,5,0.20,-25.0490,400.5840
6341,198,1297,08/05/2021,06/06/2021,1.9080,2,0.70,-1.5264,0.2540
6342,520,139,05/03/2021,02/04/2021,447.6960,2,0.20,33.5772,223.6480
6343,425,310,22/03/2021,03/04/2021,523.7640,3,0.40,-192.0468,174.1880
6344,143,617,21/04/2021,14/05/2021,697.1600,4,0.00,146.4036,174.2900
6345,305,394,24/12/2021,18/01/2022,94.6000,4,0.00,27.4340,23.6500
6346,346,714,24/01/2021,28/01/2021,25.9800,2,0.00,0.7794,12.9900
6347,778,1410,06/04/2021,16/04/2021,72.7440,7,0.20,-12.7302,10.1920
6348,123,607,15/08/2021,28/08/2021,39.9840,2,0.20,-1.4994,19.7920
6349,99,762,16/08/2021,20/08/2021,48.8400,4,0.00,13.1868,12.2100
6350,627,44,28/11/2021,30/11/2021,55.1760,3,0.20,15.8631,18.1920
6351,162,1570,19/02/2021,28/02/2021,434.6460,3,0.10,62.7822,144.7820
6352,350,216,26/01/2021,04/02/2021,233.8600,2,0.45,-102.0480,116.4800
6353,612,648,12/09/2021,10/10/2021,743.9880,2,0.40,-123.9980,371.5940
6354,224,431,29/03/2021,01/04/2021,102.8330,1,0.15,-6.0490,102.6830
6355,734,714,03/09/2021,04/09/2021,90.9300,7,0.00,2.7279,12.9900
6356,35,488,21/05/2021,22/05/2021,18.2400,3,0.00,6.2016,6.0800
6357,774,1574,10/02/2021,06/03/2021,69.3750,1,0.50,-47.1750,68.8750
6358,546,677,12/11/2021,22/11/2021,17.5440,3,0.20,5.9211,5.6480
6359,209,109,06/05/2021,12/05/2021,303.8400,8,0.00,91.1520,37.9800
6360,583,1555,07/10/2021,09/10/2021,153.8240,11,0.20,38.4560,13.7840
6361,71,676,19/03/2021,03/04/2021,28.4000,5,0.00,8.2360,5.6800
6362,559,1298,09/05/2021,04/06/2021,8.6820,1,0.80,-14.7594,7.8820
6363,757,332,03/05/2021,11/05/2021,159.9900,1,0.00,54.3966,159.9900
6364,394,625,22/12/2021,03/01/2022,9.1400,1,0.00,4.5700,9.1400
6365,214,1758,17/12/2021,30/12/2021,17.0000,2,0.00,4.4200,8.5000
6366,670,366,27/05/2021,04/06/2021,15.7500,5,0.00,7.5600,3.1500
6367,656,852,31/10/2021,21/11/2021,69.9300,7,0.00,32.1678,9.9900
6368,180,1384,11/05/2021,19/05/2021,19.4400,3,0.00,9.3312,6.4800
6369,454,689,10/09/2021,22/09/2021,2.8900,1,0.00,1.3583,2.8900
6370,489,778,23/12/2021,30/12/2021,10.3680,2,0.20,3.6288,4.9840
6371,517,1633,05/10/2021,31/10/2021,9.4080,7,0.20,0.7056,1.1440
6372,441,682,01/02/2021,01/03/2021,39.9600,2,0.00,18.7812,19.9800
6373,518,137,27/07/2021,16/08/2021,2.8960,1,0.20,0.9774,2.6960
6374,42,154,22/01/2021,21/02/2021,15.5600,2,0.00,7.3132,7.7800
6375,361,92,18/10/2021,19/10/2021,39.5520,3,0.20,14.3376,12.9840
6376,188,34,23/12/2021,15/01/2022,35.4400,1,0.00,16.6568,35.4400
6377,311,1113,19/03/2021,09/04/2021,10.4300,5,0.80,-18.2525,1.2860
6378,560,1273,07/06/2021,18/06/2021,29.6640,4,0.20,10.0116,7.2160
6379,365,1391,02/12/2021,18/12/2021,8.9520,2,0.80,-14.7708,3.6760
6380,216,956,02/04/2021,08/04/2021,91.2750,1,0.50,-67.5435,90.7750
6381,384,1295,26/12/2021,28/12/2021,87.1680,2,0.20,8.7168,43.3840
6382,669,1558,29/05/2021,17/06/2021,47.3200,7,0.20,5.9150,6.5600
6383,238,34,04/10/2021,24/10/2021,70.8800,2,0.00,33.3136,35.4400
6384,725,1753,29/08/2021,28/09/2021,35.9800,2,0.00,10.0744,17.9900
6385,588,413,02/09/2021,23/09/2021,45.5760,3,0.20,15.9516,14.9920
6386,329,1449,22/03/2021,03/04/2021,18.9600,2,0.00,7.5840,9.4800
6387,724,126,29/08/2021,06/09/2021,190.8480,3,0.20,-21.4704,63.4160
6388,53,774,27/06/2021,30/06/2021,887.2710,3,0.30,-63.3765,295.4570
6389,13,1472,09/12/2021,20/12/2021,207.3500,5,0.00,24.8820,41.4700
6390,689,320,05/12/2021,11/12/2021,21.3000,5,0.00,8.7330,4.2600
6391,753,731,22/07/2021,01/08/2021,33.6200,5,0.80,-90.7740,5.9240
6392,744,1598,19/02/2021,01/03/2021,15.9600,7,0.00,7.0224,2.2800
6393,268,529,07/11/2021,28/11/2021,47.7440,4,0.20,14.9200,11.7360
6394,428,529,27/12/2021,05/01/2022,29.8400,2,0.00,13.4280,14.9200
6395,597,1067,07/02/2021,26/02/2021,58.3200,9,0.00,27.9936,6.4800
6396,576,352,25/08/2021,28/08/2021,75.7920,3,0.20,25.5798,25.0640
6397,460,1413,28/02/2021,21/03/2021,115.4400,3,0.00,30.0144,38.4800
6398,525,1633,08/03/2021,11/03/2021,9.4080,7,0.20,0.7056,1.1440
6399,309,1523,13/11/2021,01/12/2021,128.0580,3,0.30,-23.7822,42.3860
6400,174,45,28/03/2021,07/04/2021,5.2380,2,0.70,-4.0158,1.9190
6401,42,1129,09/10/2021,15/10/2021,4.9800,1,0.00,2.2908,4.9800
6402,349,32,03/03/2021,10/03/2021,18.2880,6,0.20,5.7150,2.8480
6403,550,228,11/01/2021,07/02/2021,15.9600,2,0.00,7.9800,7.9800
6404,348,159,21/01/2021,10/02/2021,883.8400,4,0.20,99.4320,220.7600
6405,605,617,31/03/2021,09/04/2021,383.4380,4,0.45,-167.3184,95.4095
6406,411,438,21/12/2021,22/12/2021,234.9500,5,0.00,32.8930,46.9900
6407,748,765,08/10/2021,26/10/2021,516.9600,4,0.20,-6.4620,129.0400
6408,25,367,12/06/2021,21/06/2021,447.8400,8,0.00,219.4416,55.9800
6409,570,158,16/09/2021,04/10/2021,275.9280,3,0.20,-58.6347,91.7760
6410,786,610,28/06/2021,16/07/2021,13.8720,3,0.20,5.0286,4.4240
6411,356,461,08/05/2021,20/05/2021,259.1360,4,0.20,-51.8272,64.5840
6412,675,1679,23/02/2021,25/03/2021,22.9600,2,0.00,4.3624,11.4800
6413,549,567,14/11/2021,30/11/2021,26.8800,6,0.00,6.7200,4.4800
6414,268,291,07/05/2021,30/05/2021,92.9400,3,0.00,25.0938,30.9800
6415,264,769,15/09/2021,17/09/2021,498.0000,5,0.00,184.2600,99.6000
6416,737,1740,28/11/2021,04/12/2021,11.6480,2,0.20,3.7856,5.6240
6417,423,698,05/07/2021,24/07/2021,59.9130,7,0.70,-45.9333,7.8590
6418,64,751,18/12/2021,02/01/2022,34.0200,3,0.00,16.6698,11.3400
6419,230,1356,11/04/2021,25/04/2021,629.9500,5,0.00,176.3860,125.9900
6420,720,791,22/10/2021,25/10/2021,127.3020,7,0.30,-9.0930,17.8860
6421,684,1189,04/03/2021,21/03/2021,5.4840,4,0.70,-4.0216,0.6710
6422,369,7,14/07/2021,13/08/2021,5.4600,3,0.00,1.4742,1.8200
6423,405,1413,25/03/2021,04/04/2021,115.4400,3,0.00,30.0144,38.4800
6424,404,347,02/05/2021,18/05/2021,22.9600,7,0.00,7.5768,3.2800
6425,606,1756,10/10/2021,28/10/2021,219.8400,5,0.20,79.6920,43.7680
6426,523,865,20/08/2021,16/09/2021,5.1840,3,0.20,1.8144,1.5280
6427,473,1124,21/03/2021,18/04/2021,79.9840,2,0.20,22.9954,39.7920
6428,226,1631,17/06/2021,01/07/2021,692.4720,11,0.20,190.4298,62.7520
6429,23,265,19/04/2021,28/04/2021,13.8720,6,0.20,4.6818,2.1120
6430,627,1285,21/03/2021,03/04/2021,2678.9400,6,0.00,241.1046,446.4900
6431,29,1251,01/05/2021,23/05/2021,40.5400,2,0.00,11.3512,20.2700
6432,414,1323,01/03/2021,15/03/2021,2275.5000,10,0.00,386.8350,227.5500
6433,304,976,28/06/2021,26/07/2021,64.7040,3,0.20,23.4552,21.3680
6434,168,1278,06/02/2021,26/02/2021,66.5800,2,0.00,15.9792,33.2900
6435,641,948,13/04/2021,06/05/2021,211.0400,8,0.00,97.0784,26.3800
6436,482,1418,04/05/2021,02/06/2021,241.4400,3,0.00,72.4320,80.4800
6437,646,653,04/10/2021,24/10/2021,26.7200,5,0.20,9.3520,5.1440
6438,273,661,01/10/2021,28/10/2021,52.1360,7,0.20,5.8653,7.2480
6439,30,1153,24/09/2021,09/10/2021,19.4400,3,0.00,9.3312,6.4800
6440,606,1367,30/05/2021,18/06/2021,35.3400,2,0.00,13.4292,17.6700
6441,281,1435,27/10/2021,28/10/2021,11.5600,2,0.00,5.6644,5.7800
6442,668,945,23/07/2021,09/08/2021,53.4000,10,0.00,25.0980,5.3400
6443,604,540,29/01/2021,02/02/2021,657.9300,7,0.00,184.2204,93.9900
6444,535,1341,12/11/2021,30/11/2021,42.7600,1,0.00,11.1176,42.7600
6445,473,1191,21/03/2021,06/04/2021,22.2400,2,0.20,2.5020,10.9200
6446,297,1487,18/01/2021,30/01/2021,2060.7440,7,0.20,643.9825,294.1920
6447,337,572,19/12/2021,11/01/2022,64.9600,2,0.00,2.5984,32.4800
6448,523,148,12/06/2021,10/07/2021,21.5680,2,0.20,1.6176,10.5840
6449,431,1512,10/04/2021,04/05/2021,15.2400,3,0.00,5.1816,5.0800
6450,479,153,14/10/2021,29/10/2021,108.7680,4,0.20,2.7192,26.9920
6451,305,1146,27/07/2021,13/08/2021,10.5600,2,0.00,4.7520,5.2800
6452,724,1702,27/11/2021,29/11/2021,25.3440,6,0.20,8.8704,4.0240
6453,625,1184,11/12/2021,23/12/2021,5.9800,1,0.00,1.0166,5.9800
6454,163,712,17/03/2021,15/04/2021,31.1040,6,0.20,10.8864,4.9840
6455,77,692,25/06/2021,28/06/2021,39.9200,2,0.20,12.9740,19.7600
6456,200,1083,16/12/2021,01/01/2022,42.3680,2,0.20,8.4736,20.9840
6457,792,1328,27/06/2021,27/07/2021,145.9800,2,0.50,-99.2664,72.4900
6458,764,944,15/12/2021,12/01/2022,13.1200,5,0.20,1.4760,2.4240
6459,73,160,20/02/2021,22/02/2021,10.6880,2,0.20,2.2712,5.1440
6460,741,1527,12/12/2021,10/01/2022,707.8800,3,0.20,44.2425,235.7600
6461,671,1107,26/11/2021,14/12/2021,716.0000,2,0.00,193.3200,358.0000
6462,708,631,31/12/2021,13/01/2022,12.8400,3,0.00,5.7780,4.2800
6463,162,1734,03/07/2021,28/07/2021,1293.4880,7,0.20,80.8430,184.5840
6464,344,343,26/02/2021,21/03/2021,409.5900,3,0.40,-122.8770,136.1300
6465,741,1208,22/12/2021,26/12/2021,11.9520,3,0.20,4.3326,3.7840
6466,288,1366,10/12/2021,13/12/2021,111.1500,5,0.00,48.9060,22.2300
6467,117,459,29/07/2021,19/08/2021,29.9000,5,0.00,13.4550,5.9800
6468,85,227,24/07/2021,16/08/2021,66.6880,1,0.20,4.1680,66.4880
6469,586,804,18/04/2021,26/04/2021,33.2820,3,0.70,-27.7350,10.3940
6470,137,252,09/11/2021,11/11/2021,17.9400,3,0.00,4.6644,5.9800
6471,659,1324,30/10/2021,21/11/2021,1.6800,5,0.80,-2.6880,-0.4640
6472,278,1792,18/12/2021,04/01/2022,39.9800,2,0.00,9.1954,19.9900
6473,599,1744,13/11/2021,05/12/2021,55.9840,2,0.20,4.1988,27.7920
6474,325,351,05/02/2021,04/03/2021,49.8480,3,0.20,16.8237,16.4160
6475,428,436,25/04/2021,18/05/2021,215.5920,3,0.20,-48.5082,71.6640
6476,354,1722,11/08/2021,15/08/2021,56.7040,2,0.20,19.1376,28.1520
6477,220,789,23/04/2021,09/05/2021,6.6300,3,0.00,3.1161,2.2100
6478,497,1777,03/01/2021,19/01/2021,67.1360,4,0.20,25.1760,16.5840
6479,154,1313,01/02/2021,22/02/2021,211.1680,4,0.20,15.8376,52.5920
6480,679,567,05/05/2021,29/05/2021,17.9200,5,0.20,1.1200,3.3840
6481,329,834,12/04/2021,28/04/2021,286.9300,7,0.00,140.5957,40.9900
6482,679,216,31/07/2021,30/08/2021,1913.4000,9,0.00,401.8140,212.6000
6483,622,1621,18/03/2021,30/03/2021,14.7000,5,0.00,3.9690,2.9400
6484,593,34,10/12/2021,24/12/2021,35.4400,1,0.00,16.6568,35.4400
6485,488,373,23/12/2021,21/01/2022,40.4600,7,0.00,19.8254,5.7800
6486,312,1071,05/01/2021,03/02/2021,403.6800,6,0.00,181.6560,67.2800
6487,482,1100,30/09/2021,25/10/2021,489.2300,2,0.30,41.9340,244.3150
6488,45,536,01/12/2021,10/12/2021,242.9000,5,0.00,70.4410,48.5800
6489,653,1592,01/04/2021,09/04/2021,62.5920,8,0.20,13.3008,7.6240
6490,546,1678,06/10/2021,14/10/2021,440.1900,9,0.00,206.8893,48.9100
6491,589,615,14/11/2021,23/11/2021,11.5200,4,0.00,5.6448,2.8800
6492,212,965,05/07/2021,12/07/2021,604.6560,9,0.20,204.0714,66.9840
6493,277,1126,02/07/2021,07/07/2021,63.4700,11,0.00,19.0410,5.7700
6494,551,1751,09/05/2021,21/05/2021,71.9760,3,0.20,24.2919,23.7920
6495,172,163,02/05/2021,21/05/2021,62.8200,9,0.00,29.5254,6.9800
6496,320,361,18/12/2021,13/01/2022,2.3940,1,0.80,-6.3441,1.5940
6497,67,915,24/10/2021,19/11/2021,1.1880,2,0.70,-0.9900,-0.1060
6498,305,1015,18/12/2021,25/12/2021,6.9000,3,0.80,-12.0750,1.5000
6499,561,1424,17/06/2021,11/07/2021,247.4400,8,0.00,101.4504,30.9300
6500,621,73,17/12/2021,09/01/2022,636.8600,7,0.00,0.0000,90.9800
6501,445,561,07/08/2021,25/08/2021,79.9200,4,0.00,28.7712,19.9800
6502,358,1812,05/03/2021,04/04/2021,38.9700,3,0.00,4.6764,12.9900
6503,672,743,14/12/2021,27/12/2021,7.4880,8,0.70,-5.2416,0.2360
6504,456,19,02/12/2021,22/12/2021,12.8400,3,0.00,3.7236,4.2800
6505,536,326,15/10/2021,13/11/2021,23.5600,5,0.20,7.0680,4.5120
6506,169,1247,06/11/2021,20/11/2021,8.2880,2,0.20,3.0044,3.9440
6507,514,217,23/07/2021,21/08/2021,1579.7460,7,0.40,-447.5947,225.2780
6508,139,492,15/12/2021,26/12/2021,9.0060,2,0.70,-7.2048,3.8030
6509,389,748,18/07/2021,05/08/2021,1003.6200,6,0.00,0.0000,167.2700
6510,124,737,11/08/2021,05/09/2021,332.0280,9,0.60,-348.6294,36.2920
6511,651,987,21/06/2021,22/06/2021,11.1200,4,0.00,5.4488,2.7800
6512,26,965,27/05/2021,25/06/2021,604.6560,9,0.20,204.0714,66.9840
6513,644,444,07/07/2021,08/07/2021,180.9600,6,0.20,67.8600,29.9600
6514,107,108,26/07/2021,17/08/2021,41.9600,2,0.00,10.9096,20.9800
6515,426,308,06/01/2021,21/01/2021,5.3880,4,0.70,-4.4900,0.6470
6516,426,1191,23/01/2021,19/02/2021,69.5000,5,0.00,20.1550,13.9000
6517,334,440,15/09/2021,02/10/2021,158.1300,3,0.00,77.4837,52.7100
6518,415,379,06/04/2021,01/05/2021,866.4000,4,0.00,225.2640,216.6000
6519,471,325,14/02/2021,12/03/2021,5.5600,2,0.00,1.4456,2.7800
6520,586,1693,12/05/2021,23/05/2021,11.5600,1,0.20,3.7570,11.3600
6521,277,236,24/08/2021,01/09/2021,47.5300,7,0.00,16.1602,6.7900
6522,475,207,12/09/2021,02/10/2021,54.5280,3,0.20,14.3136,17.9760
6523,678,852,31/10/2021,22/11/2021,7.9920,1,0.20,2.5974,7.7920
6524,613,956,17/01/2021,29/01/2021,91.2750,1,0.50,-67.5435,90.7750
6525,274,1673,14/10/2021,23/10/2021,153.7280,4,0.20,53.8048,38.2320
6526,448,419,15/04/2021,30/04/2021,727.2960,8,0.20,-172.7328,90.7120
6527,332,1161,25/07/2021,18/08/2021,185.8800,6,0.00,83.6460,30.9800
6528,699,1742,21/02/2021,12/03/2021,50.1360,3,0.20,-11.2806,16.5120
6529,427,827,12/10/2021,11/11/2021,32.3820,3,0.40,4.3176,10.3940
6530,156,459,07/01/2021,03/02/2021,5.9800,1,0.00,2.6910,5.9800
6531,686,593,29/11/2021,01/12/2021,128.8200,3,0.00,50.2398,42.9400
6532,509,1273,11/11/2021,01/12/2021,46.3500,5,0.00,21.7845,9.2700
6533,680,1274,15/03/2021,08/04/2021,1399.9440,7,0.20,52.4979,199.7920
6534,640,977,01/09/2021,21/09/2021,60.6720,2,0.20,14.4096,30.1360
6535,396,913,14/01/2021,13/02/2021,232.4000,5,0.20,78.4350,46.2800
6536,444,1044,20/11/2021,08/12/2021,41.8600,7,0.00,14.2324,5.9800
6537,784,715,01/06/2021,16/06/2021,13.1940,2,0.70,-8.7960,5.8970
6538,396,683,21/01/2021,31/01/2021,20.4600,2,0.00,5.3196,10.2300
6539,506,1249,30/04/2021,02/05/2021,45.6800,2,0.00,21.0128,22.8400
6540,103,570,07/05/2021,13/05/2021,304.9900,5,0.80,-533.7325,60.1980
6541,759,1639,19/11/2021,28/11/2021,43.9360,4,0.20,6.0412,10.7840
6542,173,174,26/08/2021,11/09/2021,503.9600,4,0.00,131.0296,125.9900
6543,760,285,22/07/2021,05/08/2021,2888.1270,11,0.10,609.7157,262.4570
6544,757,654,06/02/2021,12/02/2021,1.4080,2,0.80,-2.3232,-0.0960
6545,469,838,17/10/2021,31/10/2021,29.9700,3,0.00,13.4865,9.9900
6546,221,441,17/08/2021,04/09/2021,16.8210,3,0.70,-12.8961,4.9070
6547,1,304,13/11/2021,20/11/2021,34.5400,1,0.00,17.2700,34.5400
6548,725,542,30/04/2021,06/05/2021,209.5680,2,0.20,-23.5764,104.5840
6549,444,1130,17/08/2021,10/09/2021,453.6000,3,0.20,90.7200,151.0000
6550,218,1192,08/10/2021,31/10/2021,57.4200,9,0.00,26.4132,6.3800
6551,57,405,24/05/2021,28/05/2021,332.7040,1,0.20,33.2704,332.5040
6552,184,1022,12/12/2021,06/01/2022,123.9200,4,0.00,55.7640,30.9800
6553,652,1297,30/06/2021,15/07/2021,1.9080,2,0.70,-1.5264,0.2540
6554,271,1837,13/08/2021,30/08/2021,179.9910,3,0.70,-251.9874,59.2970
6555,320,978,23/06/2021,20/07/2021,131.9800,2,0.00,35.6346,65.9900
6556,693,1030,31/07/2021,23/08/2021,1.4080,1,0.20,0.1584,1.2080
6557,411,928,23/06/2021,04/07/2021,38.8800,6,0.00,18.6624,6.4800
6558,624,183,15/01/2021,25/01/2021,9.5520,3,0.20,1.5522,2.9840
6559,163,617,12/05/2021,07/06/2021,697.1600,4,0.00,146.4036,174.2900
6560,110,1097,03/12/2021,05/12/2021,904.9000,5,0.00,253.3720,180.9800
6561,672,383,30/01/2021,31/01/2021,4.1700,3,0.00,1.0842,1.3900
6562,419,801,30/06/2021,13/07/2021,4.4640,3,0.20,-0.9486,1.2880
6563,661,998,13/01/2021,19/01/2021,12.8400,3,0.00,3.4668,4.2800
6564,691,764,20/01/2021,12/02/2021,1649.7500,5,0.00,544.4175,329.9500
6565,388,147,22/09/2021,11/10/2021,79.1400,3,0.00,36.4044,26.3800
6566,206,777,17/07/2021,21/07/2021,4.4280,3,0.80,-6.8634,0.6760
6567,18,364,12/02/2021,23/02/2021,573.7280,4,0.20,-64.5444,143.2320
6568,153,519,28/05/2021,03/06/2021,142.7760,1,0.20,17.8470,142.5760
6569,781,1032,21/05/2021,10/06/2021,3.1500,1,0.00,1.5120,3.1500
6570,676,1463,26/08/2021,27/08/2021,8.8720,1,0.20,3.2161,8.6720
6571,128,1295,01/10/2021,04/10/2021,87.1680,8,0.80,-226.6368,10.0960
6572,536,853,26/11/2021,28/11/2021,3.7980,2,0.70,-2.6586,1.1990
6573,196,1739,05/05/2021,14/05/2021,239.9840,2,0.20,38.9974,119.7920
6574,136,1052,16/02/2021,05/03/2021,51.9800,2,0.00,15.0742,25.9900
6575,463,1499,13/09/2021,20/09/2021,28.8000,3,0.00,0.8640,9.6000
6576,2,395,17/07/2021,31/07/2021,114.2000,5,0.00,52.5320,22.8400
6577,237,1727,10/06/2021,20/06/2021,26.4000,5,0.00,11.8800,5.2800
6578,299,331,07/02/2021,12/02/2021,155.8200,7,0.00,42.0714,22.2600
6579,300,23,23/05/2021,05/06/2021,41.3760,6,0.20,3.1032,6.6960
6580,335,896,11/10/2021,17/10/2021,1099.9600,4,0.00,285.9896,274.9900
6581,345,376,27/03/2021,18/04/2021,163.9600,4,0.00,70.5028,40.9900
6582,441,1288,03/12/2021,23/12/2021,265.9300,7,0.00,63.8232,37.9900
6583,274,178,23/12/2021,31/12/2021,53.0400,3,0.20,-4.6410,17.4800
6584,764,431,07/01/2021,06/02/2021,308.4990,3,0.15,-18.1470,102.6830
6585,172,1595,27/05/2021,19/06/2021,470.3760,3,0.20,52.9173,156.5920
6586,749,973,01/08/2021,17/08/2021,239.1200,5,0.20,77.7140,47.6240
6587,172,148,27/03/2021,30/03/2021,80.8800,6,0.00,21.0288,13.4800
6588,189,640,10/09/2021,06/10/2021,7.9680,2,0.20,2.5896,3.7840
6589,622,689,28/10/2021,30/10/2021,2.8900,1,0.00,1.3583,2.8900
6590,256,316,15/01/2021,02/02/2021,15.2400,5,0.20,5.3340,2.8480
6591,40,443,21/03/2021,14/04/2021,69.3000,9,0.00,22.8690,7.7000
6592,662,205,15/12/2021,30/12/2021,16.7520,6,0.20,5.4444,2.5920
6593,720,448,05/03/2021,14/03/2021,122.9700,3,0.00,60.2553,40.9900
6594,399,692,22/02/2021,21/03/2021,39.9200,2,0.20,12.9740,19.7600
6595,290,609,29/10/2021,05/11/2021,3.5400,2,0.80,-5.4870,0.9700
6596,358,214,09/06/2021,16/06/2021,767.2140,14,0.10,161.9674,54.7010
6597,405,773,11/11/2021,26/11/2021,15.5280,3,0.20,4.8525,4.9760
6598,732,473,20/09/2021,11/10/2021,63.9240,7,0.70,-46.8776,8.4320
6599,265,461,10/11/2021,23/11/2021,485.8800,6,0.00,19.4352,80.9800
6600,695,1774,21/09/2021,11/10/2021,41.2200,1,0.00,11.1294,41.2200
6601,618,308,03/02/2021,10/02/2021,40.4100,9,0.00,18.5886,4.4900
6602,379,117,04/03/2021,26/03/2021,47.0400,3,0.00,18.3456,15.6800
6603,367,226,25/08/2021,20/09/2021,4.0440,3,0.60,-2.8308,0.7480
6604,442,257,30/11/2021,16/12/2021,2.0800,5,0.80,-3.4320,-0.3840
6605,786,952,14/05/2021,23/05/2021,479.9700,3,0.00,239.9850,159.9900
6606,92,777,13/05/2021,27/05/2021,7.3800,1,0.00,3.6162,7.3800
6607,756,1049,07/04/2021,30/04/2021,33.3600,4,0.00,8.6736,8.3400
6608,358,1064,15/06/2021,21/06/2021,7.1680,2,0.20,0.9856,3.3840
6609,64,913,28/02/2021,29/03/2021,174.3000,3,0.00,81.9210,58.1000
6610,299,468,15/08/2021,28/08/2021,76.5800,7,0.00,38.2900,10.9400
6611,652,778,26/11/2021,14/12/2021,25.9200,4,0.00,12.4416,6.4800
6612,569,1149,19/08/2021,28/08/2021,241.1760,3,0.20,15.0735,80.1920
6613,423,499,05/07/2021,24/07/2021,10.3680,2,0.20,3.6288,4.9840
6614,725,1175,28/05/2021,13/06/2021,895.9200,5,0.20,302.3730,178.9840
6615,290,839,31/07/2021,12/08/2021,17.3800,2,0.00,8.6900,8.6900
6616,11,228,10/06/2021,04/07/2021,7.9800,1,0.00,3.9900,7.9800
6617,278,919,11/08/2021,06/09/2021,114.2000,5,0.00,52.5320,22.8400
6618,242,980,10/08/2021,06/09/2021,68.7420,9,0.70,-48.1194,6.9380
6619,201,1397,09/07/2021,08/08/2021,90.4800,2,0.00,23.5248,45.2400
6620,399,509,03/04/2021,15/04/2021,294.9300,3,0.00,144.5157,98.3100
6621,343,904,27/07/2021,30/07/2021,51.1680,2,0.20,-6.3960,25.3840
6622,236,1078,04/02/2021,05/03/2021,30.8800,2,0.00,15.4400,15.4400
6623,11,1489,26/04/2021,22/05/2021,59.5200,3,0.00,15.4752,19.8400
6624,76,336,07/11/2021,07/12/2021,2430.0800,8,0.00,388.8128,303.7600
6625,254,948,19/05/2021,04/06/2021,158.2800,6,0.00,72.8088,26.3800
6626,382,1441,14/01/2021,25/01/2021,141.4200,5,0.60,-187.3815,27.6840
6627,778,513,25/06/2021,24/07/2021,37.3760,8,0.20,4.6720,4.4720
6628,205,1499,05/09/2021,10/09/2021,23.0400,3,0.20,-4.8960,7.4800
6629,631,1794,16/07/2021,03/08/2021,33.5280,3,0.20,2.5146,10.9760
6630,130,1005,29/05/2021,26/06/2021,12.8400,3,0.00,5.7780,4.2800
6631,402,1489,17/10/2021,30/10/2021,111.1040,7,0.20,8.3328,15.6720
6632,444,1410,24/05/2021,15/06/2021,72.7440,7,0.20,-12.7302,10.1920
6633,249,589,30/09/2021,13/10/2021,7.6400,1,0.00,3.7436,7.6400
6634,551,1409,09/10/2021,14/10/2021,286.3440,3,0.20,-64.4274,95.2480
6635,66,313,24/01/2021,09/02/2021,71.9280,12,0.40,8.3916,5.5940
6636,543,867,15/01/2021,30/01/2021,889.5360,8,0.20,66.7152,110.9920
6637,575,1634,11/01/2021,29/01/2021,19.8300,1,0.00,5.9490,19.8300
6638,109,97,20/08/2021,31/08/2021,27.6960,3,0.20,9.6936,9.0320
6639,164,958,15/02/2021,12/03/2021,167.9400,3,0.00,82.2906,55.9800
6640,43,1158,02/08/2021,29/08/2021,12.0000,4,0.20,4.2000,2.8000
6641,151,954,08/05/2021,09/05/2021,114.5200,7,0.00,11.4520,16.3600
6642,60,698,02/09/2021,29/09/2021,8.5590,1,0.70,-6.5619,7.8590
6643,704,527,23/02/2021,14/03/2021,24.2880,3,0.60,-12.7512,7.4960
6644,213,1244,20/09/2021,21/09/2021,27.1840,2,0.20,2.0388,13.3920
6645,354,332,16/04/2021,17/04/2021,159.9900,1,0.00,54.3966,159.9900
6646,587,1115,21/03/2021,29/03/2021,18.6900,7,0.00,5.2332,2.6700
6647,90,1243,14/06/2021,22/06/2021,330.5880,1,0.40,-115.7058,330.1880
6648,60,437,19/04/2021,25/04/2021,11.0700,3,0.00,5.0922,3.6900
6649,187,632,20/10/2021,14/11/2021,35.4900,1,0.50,-15.6156,34.9900
6650,493,707,15/08/2021,19/08/2021,9.3920,2,0.20,3.2872,4.4960
6651,394,1533,04/04/2021,28/04/2021,127.7640,6,0.70,-191.6460,20.5940
6652,133,1154,18/01/2021,05/02/2021,244.5500,5,0.00,4.8910,48.9100
6653,411,171,18/03/2021,23/03/2021,13.1200,5,0.20,3.7720,2.4240
6654,178,1490,06/11/2021,25/11/2021,299.9800,2,0.00,83.9944,149.9900
6655,336,447,14/08/2021,13/09/2021,3.1680,4,0.70,-2.5344,0.0920
6656,708,846,05/06/2021,30/06/2021,12.1800,7,0.00,3.8976,1.7400
6657,265,1528,09/03/2021,15/03/2021,3.4400,2,0.20,0.5590,1.5200
6658,390,333,30/11/2021,12/12/2021,34.6500,3,0.00,9.7020,11.5500
6659,43,1149,27/09/2021,09/10/2021,100.4900,1,0.00,25.1225,100.4900
6660,43,819,01/05/2021,11/05/2021,27.2640,2,0.20,8.8608,13.4320
6661,592,601,24/11/2021,04/12/2021,182.7200,8,0.00,84.0512,22.8400
6662,336,418,11/01/2021,06/02/2021,55.4800,1,0.00,26.6304,55.4800
6663,682,434,29/06/2021,11/07/2021,15.9840,2,0.20,1.1988,7.7920
6664,23,285,22/07/2021,08/08/2021,408.4220,2,0.30,-5.8346,203.9110
6665,134,799,16/06/2021,19/06/2021,122.9400,3,0.00,59.0112,40.9800
6666,719,1061,10/01/2021,23/01/2021,396.9200,5,0.20,148.8450,79.1840
6667,318,1192,06/11/2021,01/12/2021,38.2800,6,0.00,17.6088,6.3800
6668,640,1670,25/12/2021,09/01/2022,590.3520,6,0.20,206.6232,98.1920
6669,351,1117,29/01/2021,24/02/2021,6.5800,2,0.00,3.0268,3.2900
6670,768,1366,17/06/2021,19/06/2021,133.3800,6,0.00,58.6872,22.2300
6671,763,1172,09/05/2021,24/05/2021,597.1320,3,0.40,49.7610,198.6440
6672,132,1095,01/01/2021,18/01/2021,239.9700,3,0.00,86.3892,79.9900
6673,234,541,07/06/2021,04/07/2021,17.8800,3,0.20,2.4585,5.7600
6674,298,1446,04/05/2021,16/05/2021,498.2600,7,0.00,134.5302,71.1800
6675,145,580,03/10/2021,31/10/2021,29.6000,2,0.00,14.8000,14.8000
6676,563,655,20/12/2021,25/12/2021,1228.4650,5,0.30,0.0000,245.3930
6677,709,1269,14/08/2021,22/08/2021,60.1200,9,0.00,28.8576,6.6800
6678,366,1225,03/09/2021,22/09/2021,13.1200,5,0.20,1.4760,2.4240
6679,375,160,18/06/2021,23/06/2021,13.3600,2,0.00,4.9432,6.6800
6680,677,1308,14/08/2021,25/08/2021,2.6320,1,0.20,0.8225,2.4320
6681,1,1465,20/11/2021,12/12/2021,13.9000,5,0.00,3.6140,2.7800
6682,666,1830,25/05/2021,15/06/2021,91.3600,5,0.20,29.6920,18.0720
6683,677,804,25/01/2021,09/02/2021,99.8460,9,0.70,-83.2050,10.3940
6684,680,788,15/02/2021,01/03/2021,1227.9984,6,0.32,-36.1176,204.3464
6685,5,860,30/12/2021,22/01/2022,6.9360,3,0.20,2.3409,2.1120
6686,365,1278,03/10/2021,16/10/2021,33.2900,1,0.00,7.9896,33.2900
6687,9,830,22/07/2021,21/08/2021,4.3600,2,0.00,2.0492,2.1800
6688,267,539,21/09/2021,28/09/2021,119.8000,4,0.00,47.9200,29.9500
6689,746,820,25/04/2021,04/05/2021,447.8400,4,0.00,98.5248,111.9600
6690,684,1187,08/10/2021,03/11/2021,22.6600,2,0.00,9.7438,11.3300
6691,571,690,20/10/2021,18/11/2021,467.4600,9,0.00,191.6586,51.9400
6692,515,345,06/04/2021,13/04/2021,482.3400,4,0.70,-337.6380,119.8850
6693,394,1573,22/08/2021,12/09/2021,3.1320,2,0.70,-2.6100,0.8660
6694,402,1346,01/03/2021,28/03/2021,3930.0720,3,0.20,-786.0144,1309.8240
6695,668,71,25/02/2021,23/03/2021,1819.8600,14,0.00,163.7874,129.9900
6696,13,201,26/05/2021,04/06/2021,1266.8600,7,0.00,291.3778,180.9800
6697,79,181,05/06/2021,10/06/2021,57.4080,6,0.20,5.7408,9.3680
6698,774,79,15/01/2021,05/02/2021,13.3920,8,0.70,-9.8208,0.9740
6699,700,92,23/10/2021,20/11/2021,13.1840,1,0.20,4.7792,12.9840
6700,458,121,14/03/2021,11/04/2021,2573.8200,9,0.00,746.4078,285.9800
6701,640,57,09/02/2021,16/02/2021,212.9400,3,0.00,25.5528,70.9800
6702,405,13,16/06/2021,15/07/2021,15.5520,3,0.20,5.4432,4.9840
6703,539,9,10/09/2021,22/09/2021,7.7100,1,0.00,3.4695,7.7100
6704,656,618,30/10/2021,16/11/2021,9.9120,3,0.20,3.2214,3.1040
6705,172,370,13/01/2021,15/01/2021,39.9600,2,0.00,18.7812,19.9800
6706,169,625,01/11/2021,06/11/2021,18.2800,2,0.00,9.1400,9.1400
6707,543,1167,25/11/2021,25/12/2021,897.1500,3,0.00,251.2020,299.0500
6708,673,1110,27/01/2021,02/02/2021,459.9200,4,0.00,41.3928,114.9800
6709,574,675,14/09/2021,09/10/2021,12.6450,5,0.70,-10.1160,1.8290
6710,350,827,17/09/2021,17/10/2021,71.9600,5,0.20,25.1860,14.1920
6711,442,1141,11/04/2021,19/04/2021,62.9200,1,0.20,10.2245,62.7200
6712,72,156,09/10/2021,30/10/2021,9.9360,3,0.20,2.7324,3.1120
6713,658,230,28/02/2021,08/03/2021,281.3720,2,0.30,-12.0588,140.3860
6714,426,124,26/02/2021,15/03/2021,243.9920,7,0.20,30.4990,34.6560
6715,95,101,27/08/2021,10/09/2021,447.9300,9,0.00,49.2723,49.7700
6716,547,948,10/01/2021,16/01/2021,42.2080,2,0.20,13.7176,20.9040
6717,553,368,17/10/2021,29/10/2021,302.4500,5,0.50,-199.6170,59.9900
6718,756,235,15/09/2021,15/10/2021,539.9200,5,0.20,47.2430,107.7840
6719,299,1603,18/05/2021,31/05/2021,9.9800,1,0.00,2.7944,9.9800
6720,339,1036,11/11/2021,16/11/2021,21.4000,5,0.00,6.2060,4.2800
6721,179,925,21/04/2021,09/05/2021,504.9000,5,0.00,80.7840,100.9800
6722,46,936,24/12/2021,13/01/2022,552.5600,5,0.20,-138.1400,110.3120
6723,563,1033,20/04/2021,06/05/2021,496.8600,7,0.00,24.8430,70.9800
6724,275,1274,30/06/2021,09/07/2021,499.9800,2,0.00,114.9954,249.9900
6725,534,287,26/12/2021,04/01/2022,6.2640,3,0.20,2.0358,1.8880
6726,71,886,09/09/2021,25/09/2021,159.9200,4,0.00,31.9840,39.9800
6727,206,274,02/12/2021,13/12/2021,270.6200,2,0.00,2.7062,135.3100
6728,470,325,06/04/2021,18/04/2021,4.4480,2,0.20,0.3336,2.0240
6729,485,967,18/10/2021,03/11/2021,71.0880,2,0.20,-1.7772,35.3440
6730,109,819,02/05/2021,13/05/2021,27.2640,2,0.20,8.8608,13.4320
6731,353,889,24/06/2021,03/07/2021,5.5000,1,0.00,1.3750,5.5000
6732,249,723,14/03/2021,21/03/2021,48.7920,3,0.80,-126.8592,15.4640
6733,361,703,07/08/2021,30/08/2021,9.0800,2,0.00,4.0860,4.5400
6734,461,1805,02/10/2021,03/10/2021,756.8000,5,0.00,75.6800,151.3600
6735,603,76,10/03/2021,17/03/2021,90.8000,8,0.00,25.4240,11.3500
6736,323,575,20/12/2021,25/12/2021,239.9800,2,0.00,52.7956,119.9900
6737,784,585,15/09/2021,18/09/2021,863.1280,8,0.30,-160.2952,107.5910
6738,400,1543,24/03/2021,19/04/2021,2395.2000,6,0.20,209.5800,399.0000
6739,92,1171,05/06/2021,05/07/2021,244.5500,5,0.00,114.9385,48.9100
6740,473,1584,21/04/2021,23/04/2021,415.1760,3,0.20,134.9322,138.1920
6741,645,1695,28/07/2021,21/08/2021,5.4720,6,0.20,1.8468,0.7120
6742,577,89,28/07/2021,20/08/2021,19.4400,3,0.00,9.3312,6.4800
6743,315,1549,15/12/2021,06/01/2022,102.2400,4,0.20,-16.6140,25.3600
6744,316,264,12/09/2021,16/09/2021,17.0500,5,0.00,8.1840,3.4100
6745,721,764,30/04/2021,28/05/2021,527.9200,2,0.20,85.7870,263.7600
6746,574,1182,18/02/2021,16/03/2021,62.3100,3,0.00,22.4316,20.7700
6747,666,166,27/03/2021,18/04/2021,52.4480,2,0.80,-131.1200,25.4240
6748,106,997,31/07/2021,29/08/2021,20.7360,4,0.20,7.2576,4.9840
6749,426,90,21/03/2021,20/04/2021,15.5520,3,0.20,5.4432,4.9840
6750,461,1364,18/08/2021,28/08/2021,155.3500,13,0.00,0.0000,11.9500
6751,555,591,10/11/2021,15/11/2021,239.9760,3,0.20,53.9946,79.7920
6752,460,635,27/06/2021,11/07/2021,13.0920,4,0.70,-10.0372,2.5730
6753,747,1182,25/01/2021,26/01/2021,166.1600,8,0.00,59.8176,20.7700
6754,326,932,03/03/2021,30/03/2021,3.3800,1,0.00,1.5548,3.3800
6755,75,575,27/09/2021,12/10/2021,191.9840,2,0.20,4.7996,95.7920
6756,343,1737,20/03/2021,12/04/2021,364.7760,3,0.20,27.3582,121.3920
6757,337,306,16/07/2021,22/07/2021,4.7520,1,0.20,1.6038,4.5520
6758,50,1306,15/01/2021,19/01/2021,665.8800,6,0.00,106.5408,110.9800
6759,744,905,24/10/2021,17/11/2021,11.2120,2,0.80,-16.8180,4.8060
6760,82,1014,17/02/2021,05/03/2021,396.0000,4,0.00,190.0800,99.0000
6761,22,1148,28/03/2021,21/04/2021,273.9200,8,0.20,99.2960,34.0400
6762,613,641,13/08/2021,04/09/2021,91.0560,6,0.20,31.8696,14.9760
6763,290,496,24/08/2021,25/08/2021,311.9800,2,0.00,93.5940,155.9900
6764,503,1089,20/04/2021,11/05/2021,2.4640,1,0.20,0.8624,2.2640
6765,301,344,14/09/2021,23/09/2021,209.9400,6,0.00,39.8886,34.9900
6766,643,1538,30/01/2021,09/02/2021,91.6000,5,0.00,26.5640,18.3200
6767,231,764,28/07/2021,27/08/2021,1649.7500,5,0.00,544.4175,329.9500
6768,345,53,03/07/2021,22/07/2021,6.5400,3,0.00,2.6814,2.1800
6769,184,638,18/01/2021,17/02/2021,310.7440,4,0.30,-26.6352,77.3860
6770,707,203,22/06/2021,04/07/2021,223.9600,4,0.00,53.7504,55.9900
6771,154,297,08/06/2021,04/07/2021,7.9960,1,0.60,-6.9965,7.3960
6772,761,595,09/10/2021,29/10/2021,330.5880,1,0.40,-143.2548,330.1880
6773,240,835,27/07/2021,31/07/2021,5.0400,2,0.20,1.7640,2.3200
6774,563,1148,11/06/2021,23/06/2021,25.6800,3,0.80,-39.8040,7.7600
6775,333,526,12/05/2021,19/05/2021,18.2400,3,0.00,8.5728,6.0800
6776,180,805,19/06/2021,15/07/2021,25.9200,6,0.20,9.0720,4.1200
6777,302,1192,27/09/2021,02/10/2021,57.4200,9,0.00,26.4132,6.3800
6778,58,1445,22/08/2021,23/08/2021,23.2000,5,0.20,8.1200,4.4400
6779,231,1111,14/06/2021,13/07/2021,61.0000,5,0.00,25.6200,12.2000
6780,43,1174,02/12/2021,17/12/2021,359.8800,3,0.20,22.4925,119.7600
6781,85,1454,06/11/2021,20/11/2021,15.5700,3,0.70,-11.9370,4.4900
6782,421,665,07/09/2021,20/09/2021,479.9500,5,0.00,129.5865,95.9900
6783,633,1835,04/01/2021,05/01/2021,1439.9680,4,0.20,143.9968,359.7920
6784,546,41,21/11/2022,20/12/2022,110.3760,4,0.40,-20.2356,27.1940
6785,435,734,22/09/2022,10/10/2022,1261.3300,7,0.00,327.9458,180.1900
6786,466,1012,26/11/2022,16/12/2022,125.7000,6,0.00,35.1960,20.9500
6787,422,87,09/08/2022,18/08/2022,169.6800,6,0.00,45.8136,28.2800
6788,16,456,22/09/2022,03/10/2022,11.7600,5,0.20,1.3230,2.1520
6789,608,1032,15/10/2022,11/11/2022,5.0400,2,0.20,1.7640,2.3200
6790,543,480,05/11/2022,06/11/2022,100.7920,1,0.20,6.2995,100.5920
6791,715,23,29/10/2022,31/10/2022,60.3400,7,0.00,15.6884,8.6200
6792,552,1485,26/02/2022,26/03/2022,963.1360,4,0.20,108.3528,240.5840
6793,750,684,26/04/2022,09/05/2022,15.0080,2,0.20,1.5008,7.3040
6794,359,392,12/07/2022,11/08/2022,61.1000,5,0.00,18.3300,12.2200
6795,292,230,15/06/2022,28/06/2022,643.1360,4,0.20,56.2744,160.5840
6796,88,1530,10/07/2022,07/08/2022,12.9600,2,0.00,6.2208,6.4800
6797,743,1759,25/05/2022,21/06/2022,437.4720,14,0.20,153.1152,31.0480
6798,690,1553,27/12/2022,14/01/2023,10.3680,2,0.20,3.7584,4.9840
6799,303,572,24/02/2022,05/03/2022,129.9200,4,0.00,5.1968,32.4800
6800,522,512,22/07/2022,04/08/2022,71.2800,11,0.00,34.2144,6.4800
6801,380,1183,29/08/2022,05/09/2022,299.5200,9,0.00,149.7600,33.2800
6802,636,122,13/06/2022,12/07/2022,1441.3000,7,0.00,245.0210,205.9000
6803,396,1777,28/01/2022,09/02/2022,100.7040,6,0.20,37.7640,16.5840
6804,34,1601,18/02/2022,06/03/2022,23.6160,9,0.20,2.6568,2.4240
6805,341,42,16/04/2022,05/05/2022,116.8200,3,0.00,5.8410,38.9400
6806,643,1183,27/04/2022,04/05/2022,232.9600,7,0.00,116.4800,33.2800
6807,796,1744,06/09/2022,18/09/2022,55.9840,2,0.20,4.1988,27.7920
6808,645,165,31/01/2022,26/02/2022,546.6600,9,0.00,136.6650,60.7400
6809,613,1709,17/04/2022,02/05/2022,24.3000,5,0.00,10.4490,4.8600
6810,89,919,18/03/2022,20/03/2022,54.8160,3,0.20,17.8152,18.0720
6811,591,143,22/06/2022,08/07/2022,164.6880,6,0.20,55.5822,27.2480
6812,751,448,03/11/2022,28/11/2022,98.3760,3,0.20,35.6613,32.5920
6813,470,180,05/09/2022,26/09/2022,477.6660,2,0.15,84.2940,238.6830
6814,135,702,13/03/2022,22/03/2022,71.9760,3,0.20,-8.9970,23.7920
6815,390,417,21/08/2022,09/09/2022,6.3840,1,0.20,2.1546,6.1840
6816,239,463,16/02/2022,03/03/2022,73.5680,4,0.20,-16.5528,18.1920
6817,175,1449,28/07/2022,15/08/2022,15.1680,2,0.20,3.7920,7.3840
6818,794,1592,07/06/2022,24/06/2022,48.9000,5,0.00,18.0930,9.7800
6819,367,745,23/01/2022,15/02/2022,9.8200,2,0.00,4.8118,4.9100
6820,658,740,07/05/2022,18/05/2022,19.0080,8,0.70,-12.6720,1.6760
6821,485,1548,14/12/2022,07/01/2023,167.9400,3,0.00,82.2906,55.9800
6822,689,368,09/09/2022,20/09/2022,302.4500,5,0.50,-199.6170,59.9900
6823,44,125,13/07/2022,14/07/2022,71.2460,2,0.30,-19.3382,35.3230
6824,293,187,04/02/2022,05/02/2022,4.4190,3,0.70,-3.3879,0.7730
6825,514,1757,04/08/2022,08/08/2022,36.5440,2,0.20,11.8768,18.0720
6826,124,209,18/06/2022,18/07/2022,27.1680,2,0.20,2.7168,13.3840
6827,30,231,07/10/2022,30/10/2022,22.8300,3,0.00,10.7301,7.6100
6828,65,1022,09/03/2022,18/03/2022,123.9200,5,0.20,38.7250,24.5840
6829,107,887,28/12/2022,05/01/2023,86.4500,7,0.00,38.0380,12.3500
6830,735,934,27/04/2022,02/05/2022,109.9000,5,0.00,32.9700,21.9800
6831,28,229,05/12/2022,22/12/2022,1503.2500,5,0.00,496.0725,300.6500
6832,681,643,10/03/2022,24/03/2022,88.9200,5,0.20,14.4495,17.5840
6833,328,64,11/07/2022,06/08/2022,79.7600,4,0.00,22.3328,19.9400
6834,546,1557,12/07/2022,09/08/2022,6.4080,3,0.20,1.4418,1.9360
6835,477,1554,26/09/2022,11/10/2022,15.5200,4,0.00,4.5008,3.8800
6836,470,744,19/06/2022,15/07/2022,4.6080,2,0.20,1.6704,2.1040
6837,14,712,02/03/2022,31/03/2022,38.8800,6,0.00,18.6624,6.4800
6838,726,1177,18/02/2022,09/03/2022,239.9000,2,0.00,71.9700,119.9500
6839,224,1492,06/07/2022,26/07/2022,5.2320,4,0.80,-8.1096,0.5080
6840,606,312,18/12/2022,06/01/2023,11.1600,2,0.00,2.7900,5.5800
6841,531,133,11/06/2022,03/07/2022,4.8240,3,0.20,1.7487,1.4080
6842,713,454,29/11/2022,19/12/2022,57.0600,3,0.00,18.2592,19.0200
6843,70,660,05/10/2022,22/10/2022,30.0000,6,0.00,14.4000,5.0000
6844,299,828,31/05/2022,21/06/2022,38.8800,6,0.00,18.6624,6.4800
6845,707,1787,06/07/2022,07/07/2022,7.8300,3,0.00,3.6018,2.6100
6846,567,557,23/03/2022,21/04/2022,452.5500,7,0.00,22.6275,64.6500
6847,422,617,30/05/2022,31/05/2022,209.1480,2,0.40,-66.2302,104.1740
6848,125,794,04/01/2022,05/01/2022,282.8880,9,0.20,56.5776,31.2320
6849,786,379,09/05/2022,28/05/2022,1212.9600,8,0.30,-69.3120,151.3200
6850,93,718,26/07/2022,03/08/2022,422.8560,3,0.20,15.8571,140.7520
6851,778,1107,11/12/2022,18/12/2022,429.6000,2,0.40,-93.0800,214.4000
6852,703,1084,07/08/2022,17/08/2022,532.7200,2,0.20,53.2720,266.1600
6853,303,335,20/03/2022,18/04/2022,61.9600,2,0.00,27.8820,30.9800
6854,194,1536,09/06/2022,21/06/2022,3.4380,2,0.70,-2.5212,1.0190
6855,475,682,16/11/2022,09/12/2022,19.9800,1,0.00,9.3906,19.9800
6856,671,1330,30/07/2022,21/08/2022,34.9440,6,0.20,11.7936,5.6240
6857,158,971,24/06/2022,05/07/2022,314.5500,3,0.00,150.9840,104.8500
6858,674,1787,13/01/2022,08/02/2022,7.8300,3,0.00,3.6018,2.6100
6859,638,625,20/08/2022,09/09/2022,38.3880,14,0.70,-25.5920,2.0420
6860,573,993,11/05/2022,24/05/2022,241.5680,2,0.20,-15.0980,120.5840
6861,247,713,05/09/2022,29/09/2022,302.9400,3,0.00,69.6762,100.9800
6862,78,235,26/07/2022,28/07/2022,539.9200,5,0.20,47.2430,107.7840
6863,437,626,21/11/2022,15/12/2022,20.7040,4,0.20,7.7640,4.9760
6864,196,217,13/08/2022,14/08/2022,902.7120,3,0.20,33.8517,300.7040
6865,553,1198,26/10/2022,21/11/2022,13.7760,3,0.20,4.4772,4.3920
6866,221,426,02/11/2022,11/11/2022,5.8800,2,0.00,2.6460,2.9400
6867,328,283,01/02/2022,16/02/2022,9.7800,2,0.00,4.0098,4.8900
6868,139,787,11/03/2022,12/03/2022,175.2300,11,0.00,61.3305,15.9300
6869,534,1142,16/10/2022,17/10/2022,563.2400,5,0.20,56.3240,112.4480
6870,295,703,08/11/2022,15/11/2022,10.8960,3,0.20,3.4050,3.4320
6871,44,529,14/01/2022,05/02/2022,13.4280,3,0.70,-11.1900,3.7760
6872,218,658,05/06/2022,01/07/2022,127.9840,2,0.20,15.9980,63.7920
6873,155,957,03/01/2022,07/01/2022,1089.7500,3,0.00,305.1300,363.2500
6874,750,1493,03/04/2022,28/04/2022,15.8400,3,0.00,0.0000,5.2800
6875,794,1575,22/06/2022,27/06/2022,14.5760,2,0.20,2.3686,7.0880
6876,212,900,07/12/2022,05/01/2023,1079.8500,3,0.00,323.9550,359.9500
6877,128,718,30/10/2022,07/11/2022,704.7600,5,0.20,26.4285,140.7520
6878,729,653,27/05/2022,16/06/2022,46.7600,7,0.00,22.4448,6.6800
6879,536,966,01/08/2022,04/08/2022,2348.8200,9,0.00,399.2994,260.9800
6880,613,788,31/05/2022,12/06/2022,613.9992,3,0.32,-18.0588,204.3464
6881,473,277,21/01/2022,14/02/2022,22.8480,2,0.20,7.4256,11.2240
6882,54,1407,01/04/2022,05/04/2022,377.9700,3,0.00,109.6113,125.9900
6883,198,795,09/10/2022,08/11/2022,5.5800,1,0.00,2.1762,5.5800
6884,345,966,01/06/2022,30/06/2022,1252.7040,8,0.40,-480.2032,156.1880
6885,39,187,21/08/2022,09/09/2022,11.7840,3,0.20,3.9771,3.7280
6886,430,1159,25/02/2022,01/03/2022,94.6800,9,0.00,31.2444,10.5200
6887,660,1483,29/06/2022,02/07/2022,13.2800,2,0.00,6.3744,6.6400
6888,589,522,03/07/2022,22/07/2022,36.7920,1,0.20,4.1391,36.5920
6889,798,449,21/12/2022,30/12/2022,10.9600,4,0.00,2.9592,2.7400
6890,789,618,29/03/2022,06/04/2022,8.2600,2,0.00,3.7996,4.1300
6891,142,1686,04/02/2022,14/02/2022,146.3520,3,0.20,49.3938,48.5840
6892,755,1043,15/11/2022,01/12/2022,5.6800,2,0.20,1.9170,2.6400
6893,500,748,06/08/2022,01/09/2022,1003.6200,6,0.00,0.0000,167.2700
6894,340,883,30/11/2022,02/12/2022,63.9680,2,0.20,19.9900,31.7840
6895,273,977,23/12/2022,07/01/2023,75.8400,2,0.00,29.5776,37.9200
6896,776,1257,28/04/2022,01/05/2022,123.9200,5,0.20,9.2940,24.5840
6897,451,1441,22/02/2022,14/03/2022,70.7100,1,0.00,4.9497,70.7100
6898,566,637,08/07/2022,07/08/2022,6.4560,4,0.70,-4.5192,0.9140
6899,189,1666,15/06/2022,06/07/2022,36.4000,5,0.00,13.8320,7.2800
6900,323,1052,08/02/2022,13/02/2022,155.9400,6,0.00,45.2226,25.9900
6901,222,1642,13/03/2022,03/04/2022,31.6800,4,0.20,11.0880,7.7200
6902,125,1754,20/10/2022,29/10/2022,66.9600,4,0.00,2.6784,16.7400
6903,783,1317,13/01/2022,05/02/2022,41.8600,7,0.00,20.5114,5.9800
6904,222,411,07/08/2022,03/09/2022,21.3800,5,0.80,-33.1390,3.4760
6905,407,1192,19/02/2022,27/02/2022,57.4200,9,0.00,26.4132,6.3800
6906,782,1449,15/05/2022,22/05/2022,15.1680,2,0.20,3.7920,7.3840
6907,800,1256,29/01/2022,01/02/2022,832.9300,7,0.00,233.2204,118.9900
6908,400,1351,19/12/2022,16/01/2023,1158.1200,4,0.00,335.8548,289.5300
6909,195,179,20/12/2022,29/12/2022,37.2240,3,0.20,3.7224,12.2080
6910,217,84,08/08/2022,22/08/2022,528.4300,5,0.30,-143.4310,105.3860
6911,560,328,24/03/2022,19/04/2022,4.3600,2,0.00,0.1744,2.1800
6912,645,1671,04/08/2022,26/08/2022,20.0160,3,0.20,5.5044,6.4720
6913,464,1381,02/10/2022,29/10/2022,64.1400,3,0.00,16.6764,21.3800
6914,701,767,09/06/2022,26/06/2022,113.7900,3,0.00,20.4822,37.9300
6915,193,638,12/05/2022,05/06/2022,332.9400,3,0.00,79.9056,110.9800
6916,233,1365,09/09/2022,07/10/2022,12.4200,3,0.00,4.4712,4.1400
6917,190,1220,03/03/2022,11/03/2022,217.5840,2,0.20,19.0386,108.5920
6918,343,1191,09/06/2022,11/06/2022,22.2400,2,0.20,2.5020,10.9200
6919,380,385,11/01/2022,02/02/2022,14.9000,5,0.00,1.0430,2.9800
6920,344,417,20/03/2022,02/04/2022,19.1520,3,0.20,6.4638,6.1840
6921,83,169,27/01/2022,03/02/2022,64.7840,1,0.20,6.4784,64.5840
6922,156,490,14/07/2022,28/07/2022,626.1000,3,0.50,-538.4460,208.2000
6923,280,1547,10/10/2022,08/11/2022,71.9280,9,0.20,6.2937,7.7920
6924,687,1544,30/05/2022,27/06/2022,23.6700,3,0.00,0.9468,7.8900
6925,522,360,08/12/2022,12/12/2022,16.2800,2,0.00,6.5120,8.1400
6926,350,107,30/09/2022,24/10/2022,339.9600,4,0.00,122.3856,84.9900
6927,741,16,29/01/2022,21/02/2022,12.7200,3,0.00,6.3600,4.2400
6928,349,1317,29/08/2022,18/09/2022,29.9000,5,0.00,14.6510,5.9800
6929,565,467,09/02/2022,24/02/2022,4663.7360,7,0.20,-1049.3406,666.0480
6930,6,275,16/10/2022,13/11/2022,189.7000,10,0.00,91.0560,18.9700
6931,183,64,15/10/2022,16/10/2022,139.5800,7,0.00,39.0824,19.9400
6932,389,479,06/03/2022,22/03/2022,435.8400,12,0.00,130.7520,36.3200
6933,428,1333,24/12/2022,04/01/2023,25.9200,4,0.00,12.4416,6.4800
6934,304,52,26/04/2022,13/05/2022,89.9900,1,0.00,17.0981,89.9900
6935,456,307,26/09/2022,16/10/2022,959.9840,2,0.20,335.9944,479.7920
6936,375,1550,09/08/2022,19/08/2022,23.6500,1,0.00,6.1490,23.6500
6937,134,696,25/12/2022,29/12/2022,371.9700,3,0.00,66.9546,123.9900
6938,744,817,16/09/2022,01/10/2022,11.5600,2,0.00,5.6644,5.7800
6939,286,423,07/01/2022,18/01/2022,71.6000,8,0.00,32.9360,8.9500
6940,30,347,08/10/2022,01/11/2022,2.6240,1,0.20,0.4264,2.4240
6941,439,439,30/01/2022,19/02/2022,253.1760,3,0.20,-31.6470,84.1920
6942,9,224,24/06/2022,10/07/2022,79.9600,5,0.20,27.9860,15.7920
6943,365,1468,30/05/2022,26/06/2022,83.9700,3,0.00,23.5116,27.9900
6944,21,948,27/07/2022,22/08/2022,79.1400,3,0.00,36.4044,26.3800
6945,512,771,03/04/2022,27/04/2022,124.9500,5,0.00,2.4990,24.9900
6946,58,1387,23/07/2022,15/08/2022,63.9600,4,0.00,30.7008,15.9900
6947,249,1754,13/11/2022,15/11/2022,150.6600,9,0.00,6.0264,16.7400
6948,166,378,07/09/2022,07/10/2022,26.1600,3,0.20,1.9620,8.5200
6949,348,328,09/11/2022,21/11/2022,12.7680,2,0.20,1.4364,6.1840
6950,465,542,24/11/2022,11/12/2022,392.9400,3,0.00,43.2234,130.9800
6951,628,358,12/06/2022,01/07/2022,71.9800,2,0.00,15.1158,35.9900
6952,166,1142,31/01/2022,01/03/2022,1408.1000,10,0.00,394.2680,140.8100
6953,208,969,30/06/2022,09/07/2022,15.5520,3,0.20,5.4432,4.9840
6954,605,1742,28/07/2022,08/08/2022,83.5600,4,0.00,1.6712,20.8900
6955,113,79,24/06/2022,02/07/2022,31.2480,7,0.20,10.9368,4.2640
6956,790,1748,21/01/2022,13/02/2022,101.4000,5,0.00,38.5320,20.2800
6957,182,756,05/12/2022,16/12/2022,7.5060,9,0.70,-6.0048,0.1340
6958,130,132,10/02/2022,09/03/2022,25.9200,9,0.00,7.7760,2.8800
6959,427,866,23/10/2022,30/10/2022,259.1360,4,0.20,-58.3056,64.5840
6960,660,1002,01/09/2022,02/09/2022,6.4800,1,0.00,3.1104,6.4800
6961,95,698,14/06/2022,01/07/2022,296.7120,13,0.20,100.1403,22.6240
6962,668,620,10/05/2022,12/05/2022,646.7400,6,0.00,258.6960,107.7900
6963,255,1503,16/11/2022,02/12/2022,19.4560,4,0.20,2.1888,4.6640
6964,100,810,06/09/2022,13/09/2022,393.5680,4,0.20,-44.2764,98.1920
6965,453,562,27/11/2022,03/12/2022,457.4850,3,0.30,-84.9615,152.1950
6966,388,590,11/06/2022,13/06/2022,281.3400,6,0.00,109.7226,46.8900
6967,646,614,28/10/2022,23/11/2022,43.0200,3,0.00,15.4872,14.3400
6968,126,492,31/05/2022,07/06/2022,27.0180,6,0.70,-21.6144,3.8030
6969,772,1332,25/01/2022,19/02/2022,9.1100,1,0.00,4.0995,9.1100
6970,309,1377,15/09/2022,03/10/2022,2.9920,4,0.80,-4.4880,-0.0520
6971,780,1418,05/01/2022,19/01/2022,32.1920,2,0.80,-80.4800,15.2960
6972,730,467,06/12/2022,28/12/2022,1665.6200,2,0.00,33.3124,832.8100
6973,664,348,21/04/2022,25/04/2022,6.5700,3,0.70,-5.0370,1.4900
6974,754,1224,22/11/2022,02/12/2022,18.4320,8,0.20,5.9904,2.1040
6975,173,28,05/04/2022,26/04/2022,64.1200,4,0.00,30.7776,16.0300
6976,691,81,07/10/2022,16/10/2022,149.7300,7,0.00,43.4217,21.3900
6977,99,1111,23/07/2022,10/08/2022,61.0000,5,0.00,25.6200,12.2000
6978,426,1382,27/12/2022,06/01/2023,30.7680,2,0.20,8.0766,15.1840
6979,37,444,16/04/2022,19/04/2022,180.9600,6,0.20,67.8600,29.9600
6980,540,282,26/09/2022,02/10/2022,154.2400,4,0.20,17.3520,38.3600
6981,593,697,25/10/2022,19/11/2022,6.8740,7,0.80,-10.6547,0.1820
6982,611,1461,01/03/2022,29/03/2022,56.3000,2,0.00,15.7640,28.1500
6983,196,514,09/10/2022,28/10/2022,121.7920,4,0.20,13.7016,30.2480
6984,483,105,13/09/2022,14/09/2022,55.9840,2,0.20,4.1988,27.7920
6985,32,888,28/02/2022,01/03/2022,204.8500,5,0.00,53.2610,40.9700
6986,234,1544,03/01/2022,31/01/2022,15.7800,2,0.00,0.6312,7.8900
6987,477,1784,23/02/2022,24/03/2022,13.5920,2,0.60,-14.2716,6.1960
6988,158,241,18/02/2022,26/02/2022,328.2240,4,0.20,28.7196,81.8560
6989,736,341,16/09/2022,01/10/2022,33.0240,2,0.20,11.5584,16.3120
6990,512,494,10/08/2022,16/08/2022,8.7520,4,0.60,-3.7196,1.5880
6991,600,449,31/10/2022,17/11/2022,6.5760,3,0.20,0.5754,1.9920
6992,327,69,06/08/2022,30/08/2022,2.3080,2,0.80,-3.4620,0.3540
6993,547,825,10/04/2022,03/05/2022,9.7020,3,0.70,-7.1148,2.5340
6994,686,659,05/11/2022,16/11/2022,40.6800,3,0.20,-7.1190,13.3600
6995,371,161,17/03/2022,16/04/2022,177.9800,5,0.80,-453.8490,34.7960
6996,387,499,05/04/2022,23/04/2022,10.3680,2,0.20,3.6288,4.9840
6997,709,69,04/06/2022,30/06/2022,11.5400,2,0.00,5.7700,5.7700
6998,649,1382,09/10/2022,21/10/2022,76.9200,4,0.00,31.5372,19.2300
6999,125,521,14/04/2022,29/04/2022,1.6410,1,0.70,-1.3128,0.9410
7000,740,983,18/05/2022,08/06/2022,109.9500,1,0.00,36.2835,109.9500
7001,522,1110,25/08/2022,29/08/2022,195.4660,2,0.15,-13.7976,97.5830
7002,667,675,30/04/2022,29/05/2022,13.4880,2,0.20,4.3836,6.5440
7003,432,12,01/10/2022,10/10/2022,455.7120,2,0.20,34.1784,227.6560
7004,87,1746,13/02/2022,08/03/2022,235.9200,5,0.20,-44.2350,46.9840
7005,699,1666,14/09/2022,14/10/2022,36.4000,5,0.00,13.8320,7.2800
7006,311,675,06/10/2022,02/11/2022,20.2320,8,0.70,-16.1856,1.8290
7007,107,684,05/09/2022,09/09/2022,67.5360,9,0.20,6.7536,7.3040
7008,793,1828,24/12/2022,26/12/2022,10.9440,2,0.20,0.9576,5.2720
7009,423,720,16/02/2022,18/02/2022,48.7200,3,0.00,7.3080,16.2400
7010,121,1448,18/09/2022,21/09/2022,2939.9300,7,0.00,764.3818,419.9900
7011,468,34,16/09/2022,23/09/2022,35.4400,1,0.00,16.6568,35.4400
7012,672,1052,05/07/2022,13/07/2022,155.9400,6,0.00,45.2226,25.9900
7013,129,1379,25/06/2022,12/07/2022,9.2400,3,0.00,2.9568,3.0800
7014,461,119,26/07/2022,28/07/2022,30.6720,3,0.20,9.5850,10.0240
7015,390,1262,11/09/2022,04/10/2022,52.9800,2,0.00,14.8344,26.4900
7016,125,958,22/01/2022,28/01/2022,111.9600,2,0.00,54.8604,55.9800
7017,221,641,01/08/2022,29/08/2022,15.1760,1,0.20,5.3116,14.9760
7018,79,1647,01/08/2022,09/08/2022,49.5600,7,0.00,18.8328,7.0800
7019,647,798,05/04/2022,05/05/2022,14.9520,3,0.20,5.4201,4.7840
7020,531,660,16/04/2022,15/05/2022,20.0000,4,0.00,9.6000,5.0000
7021,785,663,07/12/2022,26/12/2022,603.9200,4,0.00,181.1760,150.9800
7022,606,394,11/11/2022,21/11/2022,236.5000,10,0.00,68.5850,23.6500
7023,605,476,11/03/2022,06/04/2022,198.7440,4,0.30,-14.1960,49.3860
7024,174,1278,16/08/2022,25/08/2022,33.2900,1,0.00,7.9896,33.2900
7025,759,410,08/03/2022,20/03/2022,899.9100,9,0.00,377.9622,99.9900
7026,373,706,24/11/2022,04/12/2022,58.3400,2,0.00,28.0032,29.1700
7027,461,555,18/06/2022,08/07/2022,13.2720,8,0.70,-10.6176,0.9590
7028,740,912,20/09/2022,16/10/2022,15.1200,3,0.20,4.9140,4.8400
7029,765,683,30/06/2022,30/07/2022,51.1500,5,0.00,13.2990,10.2300
7030,297,397,03/06/2022,12/06/2022,12.6000,4,0.00,6.0480,3.1500
7031,774,193,01/04/2022,24/04/2022,18.8400,3,0.00,7.9128,6.2800
7032,669,434,25/11/2022,24/12/2022,7.9920,1,0.20,0.5994,7.7920
7033,652,1214,21/05/2022,09/06/2022,9.9800,5,0.80,-16.4670,1.1960
7034,201,751,30/05/2022,05/06/2022,45.3600,4,0.00,22.2264,11.3400
7035,441,1054,28/07/2022,30/07/2022,43.9200,3,0.00,12.7368,14.6400
7036,609,261,01/05/2022,12/05/2022,20.7360,4,0.20,7.2576,4.9840
7037,417,419,18/07/2022,29/07/2022,363.6480,4,0.20,-86.3664,90.7120
7038,137,230,07/10/2022,05/11/2022,1125.4880,7,0.20,98.4802,160.5840
7039,594,1061,20/03/2022,14/04/2022,396.9200,4,0.00,198.4600,99.2300
7040,204,1202,15/06/2022,08/07/2022,9.4200,2,0.00,0.4710,4.7100
7041,798,948,04/04/2022,04/05/2022,211.0400,8,0.00,97.0784,26.3800
7042,128,1792,25/06/2022,24/07/2022,99.9500,5,0.00,22.9885,19.9900
7043,665,467,07/10/2022,16/10/2022,1332.4960,2,0.20,-299.8116,666.0480
7044,593,958,18/06/2022,14/07/2022,279.9000,5,0.00,137.1510,55.9800
7045,240,1843,03/06/2022,11/06/2022,7.0720,2,0.20,2.3868,3.3360
7046,25,821,18/03/2022,30/03/2022,4.2240,3,0.20,0.4752,1.2080
7047,600,1009,29/06/2022,29/07/2022,11.7600,2,0.00,5.7624,5.8800
7048,529,721,08/10/2022,18/10/2022,85.1400,3,0.00,34.9074,28.3800
7049,757,949,03/08/2022,06/08/2022,218.3520,3,0.20,0.0000,72.5840
7050,689,1523,10/01/2022,28/01/2022,213.4300,5,0.30,-39.6370,42.3860
7051,107,34,13/10/2022,09/11/2022,19.9200,4,0.00,9.3624,4.9800
7052,103,254,04/06/2022,03/07/2022,18.1760,4,0.20,5.9072,4.3440
7053,359,713,23/08/2022,25/08/2022,242.3520,3,0.20,9.0882,80.5840
7054,396,1255,04/08/2022,03/09/2022,197.0500,7,0.00,59.1150,28.1500
7055,68,125,10/09/2022,18/09/2022,106.8690,3,0.30,-29.0073,35.3230
7056,461,456,11/03/2022,05/04/2022,11.7600,5,0.20,1.3230,2.1520
7057,753,175,02/04/2022,15/04/2022,149.9500,5,0.00,41.9860,29.9900
7058,132,615,20/10/2022,05/11/2022,1.7280,3,0.80,-2.6784,-0.2240
7059,151,181,30/10/2022,22/11/2022,23.9200,2,0.00,6.6976,11.9600
7060,471,65,16/06/2022,24/06/2022,60.8900,1,0.00,15.2225,60.8900
7061,420,507,11/08/2022,28/08/2022,105.5840,2,0.20,9.2386,52.5920
7062,688,890,15/10/2022,13/11/2022,99.5880,2,0.70,-82.9900,49.0940
7063,235,120,09/06/2022,21/06/2022,29.1600,3,0.00,8.4564,9.7200
7064,419,1156,09/12/2022,25/12/2022,613.9080,3,0.40,-122.7816,204.2360
7065,111,296,26/05/2022,11/06/2022,399.9600,4,0.00,139.9860,99.9900
7066,774,759,08/03/2022,10/03/2022,2793.5280,9,0.20,942.8157,310.1920
7067,352,94,11/04/2022,05/05/2022,124.1100,9,0.00,52.1262,13.7900
7068,589,1213,18/03/2022,29/03/2022,16.0600,1,0.00,4.1756,16.0600
7069,390,189,24/12/2022,08/01/2023,21.7440,3,0.20,6.7950,7.0480
7070,796,1445,04/04/2022,09/04/2022,18.5600,4,0.20,6.4960,4.4400
7071,268,697,21/02/2022,03/03/2022,2.9460,2,0.70,-2.0622,0.7730
7072,97,894,03/10/2022,25/10/2022,253.7640,2,0.10,31.0156,126.7820
7073,749,1031,07/07/2022,18/07/2022,31.7440,2,0.20,3.9680,15.6720
7074,317,624,26/05/2022,08/06/2022,641.9600,2,0.00,179.7488,320.9800
7075,506,980,07/07/2022,15/07/2022,38.1900,5,0.70,-26.7330,6.9380
7076,297,69,23/03/2022,07/04/2022,11.5400,2,0.00,5.7700,5.7700
7077,673,1640,11/10/2022,06/11/2022,38.8800,6,0.00,18.6624,6.4800
7078,784,576,25/02/2022,28/02/2022,520.0500,5,0.00,72.8070,104.0100
7079,26,1755,04/09/2022,18/09/2022,415.9680,4,0.20,51.9960,103.7920
7080,64,833,08/12/2022,07/01/2023,240.7440,4,0.30,-13.7568,59.8860
7081,662,1215,11/08/2022,26/08/2022,64.7400,13,0.00,30.4278,4.9800
7082,528,620,13/05/2022,30/05/2022,323.3700,3,0.00,129.3480,107.7900
7083,632,1649,21/06/2022,01/07/2022,674.3520,3,0.20,-8.4294,224.5840
7084,596,1278,24/07/2022,09/08/2022,66.5800,2,0.00,15.9792,33.2900
7085,664,419,25/04/2022,19/05/2022,454.5600,5,0.20,-107.9580,90.7120
7086,240,157,13/07/2022,30/07/2022,8159.9520,8,0.40,-1359.9920,1019.5940
7087,568,945,26/10/2022,01/11/2022,26.7000,5,0.00,12.5490,5.3400
7088,742,45,03/01/2022,09/01/2022,10.4760,6,0.80,-17.2854,0.9460
7089,222,1449,11/05/2022,28/05/2022,28.4400,3,0.00,11.3760,9.4800
7090,766,383,27/03/2022,22/04/2022,2.7800,2,0.00,0.7228,1.3900
7091,27,1578,15/11/2022,26/11/2022,37.5900,3,0.00,17.6673,12.5300
7092,615,815,02/05/2022,31/05/2022,40.0500,3,0.00,11.2140,13.3500
7093,95,1643,30/08/2022,06/09/2022,20.2400,1,0.00,8.7032,20.2400
7094,154,51,09/03/2022,31/03/2022,8.6240,7,0.60,-2.5872,0.6320
7095,204,740,18/06/2022,13/07/2022,4.7520,2,0.70,-3.1680,1.6760
7096,410,1026,15/01/2022,21/01/2022,2.3340,3,0.80,-6.3018,-0.0220
7097,229,561,31/10/2022,02/11/2022,31.9680,2,0.20,6.3936,15.7840
7098,707,1191,07/10/2022,15/10/2022,55.6000,5,0.20,6.2550,10.9200
7099,285,629,05/08/2022,15/08/2022,32.7600,7,0.20,3.6855,4.4800
7100,73,274,09/05/2022,04/06/2022,541.2400,4,0.00,5.4124,135.3100
7101,164,1572,03/11/2022,13/11/2022,335.9440,7,0.20,41.9930,47.7920
7102,789,1124,04/02/2022,07/02/2022,79.9840,2,0.20,22.9954,39.7920
7103,373,1485,23/08/2022,26/08/2022,1474.8020,7,0.30,-21.0686,210.3860
7104,440,323,30/01/2022,17/02/2022,41.4000,4,0.00,19.8720,10.3500
7105,141,9,04/03/2022,23/03/2022,4.6260,2,0.70,-3.8550,1.6130
7106,251,651,17/10/2022,05/11/2022,106.9600,2,0.00,31.0184,53.4800
7107,359,443,06/09/2022,03/10/2022,30.8000,4,0.00,10.1640,7.7000
7108,653,1601,05/06/2022,18/06/2022,7.8720,3,0.20,0.8856,2.4240
7109,519,591,21/07/2022,31/07/2022,99.9900,1,0.00,37.9962,99.9900
7110,244,1550,09/05/2022,05/06/2022,47.3000,2,0.00,12.2980,23.6500
7111,661,56,22/04/2022,02/05/2022,71.2800,11,0.00,34.2144,6.4800
7112,485,380,09/11/2022,10/11/2022,42.6000,3,0.00,16.6140,14.2000
7113,92,1125,15/06/2022,02/07/2022,29.9700,3,0.00,0.2997,9.9900
7114,598,352,21/10/2022,22/10/2022,75.7920,3,0.20,25.5798,25.0640
7115,534,820,17/10/2022,26/10/2022,447.8400,4,0.00,98.5248,111.9600
7116,108,470,03/10/2022,20/10/2022,31.9600,2,0.00,1.5980,15.9800
7117,654,527,27/05/2022,22/06/2022,40.4800,2,0.00,15.7872,20.2400
7118,4,54,07/06/2022,18/06/2022,329.5840,2,0.20,37.0782,164.5920
7119,345,155,20/04/2022,20/05/2022,27.6800,2,0.20,9.6880,13.6400
7120,659,501,06/03/2022,30/03/2022,4.9500,1,0.00,1.3365,4.9500
7121,597,1240,23/02/2022,22/03/2022,118.6500,5,0.40,19.7750,23.3300
7122,728,250,31/07/2022,12/08/2022,10.9200,3,0.20,4.0950,3.4400
7123,659,1442,07/09/2022,13/09/2022,127.3860,2,0.30,-25.4772,63.3930
7124,169,955,20/02/2022,19/03/2022,17.0880,4,0.20,5.5536,4.0720
7125,598,886,13/06/2022,12/07/2022,159.9200,4,0.00,31.9840,39.9800
7126,311,652,13/04/2022,08/05/2022,399.9800,2,0.00,171.9914,199.9900
7127,241,171,11/02/2022,24/02/2022,16.4000,5,0.00,7.0520,3.2800
7128,685,1043,02/04/2022,01/05/2022,24.8500,7,0.00,11.6795,3.5500
7129,553,1754,27/02/2022,05/03/2022,33.4800,2,0.00,1.3392,16.7400
7130,357,673,18/11/2022,14/12/2022,87.2100,3,0.50,-45.3492,28.5700
7131,149,1228,13/01/2022,26/01/2022,795.5100,3,0.00,143.1918,265.1700
7132,716,1580,09/07/2022,10/07/2022,76.1400,3,0.00,26.6490,25.3800
7133,363,894,07/05/2022,25/05/2022,1268.8200,9,0.00,266.4522,140.9800
7134,89,1036,28/03/2022,18/04/2022,34.2400,8,0.00,9.9296,4.2800
7135,169,678,17/05/2022,16/06/2022,48.8960,4,0.20,8.5568,12.0240
7136,3,836,18/11/2022,02/12/2022,177.5500,5,0.00,47.9385,35.5100
7137,375,1739,21/05/2022,03/06/2022,239.9840,2,0.20,38.9974,119.7920
7138,302,1170,04/11/2022,20/11/2022,22.7520,6,0.60,-8.5320,3.1920
7139,225,925,21/09/2022,12/10/2022,161.5680,2,0.20,-8.0784,80.5840
7140,357,375,05/05/2022,02/06/2022,24.4000,2,0.20,7.9300,12.0000
7141,229,767,19/01/2022,09/02/2022,91.0320,3,0.20,-2.2758,30.1440
7142,42,701,27/11/2022,13/12/2022,44.6720,8,0.20,-10.0512,5.3840
7143,733,773,06/06/2022,18/06/2022,20.9600,2,0.00,5.2400,10.4800
7144,266,791,10/03/2022,23/03/2022,83.1360,4,0.20,5.1960,20.5840
7145,223,671,06/04/2022,18/04/2022,42.2800,7,0.00,19.8716,6.0400
7146,636,304,20/02/2022,16/03/2022,55.2640,2,0.20,20.7240,27.4320
7147,86,609,08/07/2022,17/07/2022,2.6550,1,0.70,-1.8585,1.9550
7148,463,1246,18/03/2022,27/03/2022,55.3280,2,0.20,6.2244,27.4640
7149,638,159,21/02/2022,04/03/2022,828.6000,3,0.00,240.2940,276.2000
7150,783,1372,20/03/2022,17/04/2022,40.7760,3,0.20,4.5873,13.3920
7151,529,1473,12/04/2022,17/04/2022,57.5940,1,0.40,-11.5188,57.1940
7152,577,1192,22/09/2022,02/10/2022,20.4160,4,0.20,6.6352,4.9040
7153,590,498,01/10/2022,28/10/2022,2.8960,1,0.80,-4.7784,2.0960
7154,44,636,23/07/2022,05/08/2022,523.3920,3,0.20,52.3392,174.2640
7155,428,567,24/11/2022,12/12/2022,17.9200,5,0.20,1.1200,3.3840
7156,19,632,21/02/2022,05/03/2022,120.6660,2,0.15,18.4548,60.1830
7157,245,50,04/02/2022,04/03/2022,50.1200,4,0.00,23.5564,12.5300
7158,564,124,13/10/2022,21/10/2022,43.5700,1,0.00,13.0710,43.5700
7159,370,871,20/09/2022,26/09/2022,599.9000,10,0.00,191.9680,59.9900
7160,55,956,22/12/2022,20/01/2023,730.2000,4,0.00,94.9260,182.5500
7161,73,1017,28/10/2022,14/11/2022,11.9520,3,0.20,4.0338,3.7840
7162,59,528,10/06/2022,29/06/2022,34.7900,7,0.00,10.7849,4.9700
7163,444,1596,16/04/2022,20/04/2022,30.1800,3,0.00,13.8828,10.0600
7164,212,661,24/05/2022,25/05/2022,27.9300,3,0.00,8.0997,9.3100
7165,164,329,30/05/2022,24/06/2022,23.9520,2,0.20,2.3952,11.7760
7166,627,1046,25/03/2022,17/04/2022,13.4400,3,0.00,6.5856,4.4800
7167,315,1038,14/04/2022,23/04/2022,71.9760,3,0.20,0.8997,23.7920
7168,84,1398,03/05/2022,27/05/2022,574.9100,2,0.30,156.0470,287.1550
7169,410,1490,14/11/2022,18/11/2022,359.9760,3,0.20,35.9976,119.7920
7170,384,1010,10/11/2022,01/12/2022,100.7040,6,0.20,-1.2588,16.5840
7171,231,1757,27/02/2022,20/03/2022,45.6800,2,0.00,21.0128,22.8400
7172,452,1353,14/04/2022,04/05/2022,776.8500,5,0.40,-181.2650,154.9700
7173,377,825,13/07/2022,01/08/2022,22.6380,7,0.70,-16.6012,2.5340
7174,773,942,09/09/2022,05/10/2022,2.0880,1,0.20,0.6786,1.8880
7175,6,1138,12/05/2022,28/05/2022,1259.9300,7,0.00,327.5818,179.9900
7176,16,1031,07/01/2022,24/01/2022,79.3600,5,0.20,9.9200,15.6720
7177,160,801,01/12/2022,24/12/2022,5.5800,3,0.00,0.1674,1.8600
7178,544,635,19/07/2022,01/08/2022,3.2730,1,0.70,-2.5093,2.5730
7179,567,1762,13/11/2022,10/12/2022,686.4000,2,0.20,77.2200,343.0000
7180,720,1214,08/09/2022,20/09/2022,19.9600,2,0.00,9.3812,9.9800
7181,145,591,28/06/2022,03/07/2022,319.9680,4,0.20,71.9928,79.7920
7182,238,2,22/02/2022,08/03/2022,1537.0740,9,0.30,0.0000,170.4860
7183,427,1614,06/04/2022,30/04/2022,978.8400,9,0.20,110.1195,108.5600
7184,538,1318,16/04/2022,18/04/2022,431.9760,3,0.20,-75.5958,143.7920
7185,85,355,25/11/2022,05/12/2022,70.1200,4,0.00,21.0360,17.5300
7186,233,1082,31/10/2022,26/11/2022,11.1200,2,0.20,3.4750,5.3600
7187,571,94,20/05/2022,10/06/2022,27.5800,2,0.00,11.5836,13.7900
7188,234,1094,17/07/2022,09/08/2022,10.7760,3,0.60,-4.8492,2.9920
7189,657,113,24/08/2022,01/09/2022,23.9760,3,0.20,7.4925,7.7920
7190,323,143,20/07/2022,05/08/2022,82.3440,3,0.20,27.7911,27.2480
7191,424,799,11/12/2022,31/12/2022,327.8400,8,0.00,157.3632,40.9800
7192,642,1103,29/03/2022,02/04/2022,129.4500,5,0.00,46.6020,25.8900
7193,599,176,16/11/2022,17/11/2022,34.8000,3,0.20,2.1750,11.4000
7194,47,618,26/07/2022,27/07/2022,20.6500,5,0.00,9.4990,4.1300
7195,14,771,07/03/2022,27/03/2022,79.9680,4,0.20,-17.9928,19.7920
7196,621,1661,01/07/2022,25/07/2022,1347.5200,8,0.20,84.2200,168.2400
7197,719,361,14/07/2022,22/07/2022,60.6900,7,0.00,16.3863,8.6700
7198,133,9,14/06/2022,02/07/2022,2.3130,1,0.70,-1.9275,1.6130
7199,295,1597,07/06/2022,28/06/2022,26.7200,5,0.20,9.3520,5.1440
7200,768,720,28/09/2022,19/10/2022,12.9920,1,0.20,-0.8120,12.7920
7201,711,911,18/09/2022,28/09/2022,148.4800,2,0.20,16.7040,74.0400
7202,280,444,31/10/2022,17/11/2022,22.6200,2,0.70,-15.0800,10.6100
7203,340,124,22/03/2022,02/04/2022,139.4240,4,0.20,17.4280,34.6560
7204,62,7,20/09/2022,13/10/2022,7.2800,4,0.00,1.9656,1.8200
7205,703,985,03/02/2022,14/02/2022,614.2720,8,0.20,-23.0352,76.5840
7206,213,1167,17/05/2022,01/06/2022,239.2400,1,0.20,23.9240,239.0400
7207,635,1199,25/03/2022,04/04/2022,512.1900,5,0.30,-65.8530,102.1380
7208,97,1443,23/04/2022,16/05/2022,18.7000,1,0.00,7.1060,18.7000
7209,89,1272,19/12/2022,01/01/2023,583.8000,5,0.20,72.9750,116.5600
7210,422,1433,08/12/2022,28/12/2022,17.0880,2,0.20,1.0680,8.3440
7211,454,906,16/10/2022,17/10/2022,532.7040,6,0.20,-39.9528,88.5840
7212,486,381,29/12/2022,27/01/2023,287.9200,8,0.00,138.2016,35.9900
7213,37,571,26/09/2022,06/10/2022,14.3520,3,0.20,4.6644,4.5840
7214,128,866,05/01/2022,10/01/2022,80.9800,1,0.00,1.6196,80.9800
7215,440,653,03/09/2022,18/09/2022,46.7600,7,0.00,22.4448,6.6800
7216,466,743,08/03/2022,30/03/2022,7.4880,8,0.70,-5.2416,0.2360
7217,93,808,28/02/2022,08/03/2022,23.3600,4,0.00,6.0736,5.8400
7218,166,942,09/12/2022,11/12/2022,13.0500,5,0.00,6.0030,2.6100
7219,173,449,07/04/2022,11/04/2022,21.9200,8,0.00,5.9184,2.7400
7220,436,1362,09/07/2022,08/08/2022,675.1200,3,0.00,290.3016,225.0400
7221,288,738,12/03/2022,09/04/2022,286.8500,1,0.00,63.1070,286.8500
7222,712,1214,09/01/2022,31/01/2022,15.9680,2,0.20,5.3892,7.7840
7223,720,1462,17/05/2022,26/05/2022,72.9000,5,0.00,26.9730,14.5800
7224,657,543,21/05/2022,31/05/2022,33.5680,2,0.20,11.7488,16.5840
7225,47,1146,16/08/2022,19/08/2022,21.1200,4,0.00,9.5040,5.2800
7226,679,1344,14/06/2022,17/06/2022,17.9400,3,0.00,8.0730,5.9800
7227,473,868,24/01/2022,15/02/2022,594.8160,2,0.20,59.4816,297.2080
7228,233,1129,27/12/2022,18/01/2023,14.9400,3,0.00,6.8724,4.9800
7229,29,274,02/07/2022,09/07/2022,947.1700,7,0.00,9.4717,135.3100
7230,727,156,06/06/2022,18/06/2022,12.4200,3,0.00,5.2164,4.1400
7231,112,931,14/02/2022,03/03/2022,11.6480,4,0.80,-30.8672,2.1120
7232,382,688,09/10/2022,01/11/2022,29.5920,1,0.20,2.5893,29.3920
7233,314,151,11/11/2022,05/12/2022,323.9760,3,0.20,20.2485,107.7920
7234,670,279,19/06/2022,27/06/2022,40.2000,3,0.00,19.2960,13.4000
7235,189,877,09/08/2022,24/08/2022,51.0720,6,0.20,5.1072,8.3120
7236,361,1517,09/01/2022,26/01/2022,241.9200,4,0.40,-56.4480,60.0800
7237,352,567,30/04/2022,06/05/2022,26.8800,6,0.00,6.7200,4.4800
7238,34,154,16/05/2022,02/06/2022,41.4000,5,0.00,19.4580,8.2800
7239,730,1062,09/04/2022,06/05/2022,40.0000,2,0.20,0.5000,19.8000
7240,730,723,26/05/2022,15/06/2022,162.6400,2,0.00,45.5392,81.3200
7241,618,1061,07/01/2022,13/01/2022,595.3800,6,0.00,297.6900,99.2300
7242,485,1778,04/06/2022,27/06/2022,122.3820,3,0.40,-24.4764,40.3940
7243,707,1004,05/05/2022,21/05/2022,27.0960,3,0.20,2.0322,8.8320
7244,359,315,20/05/2022,30/05/2022,36.8400,3,0.00,17.3148,12.2800
7245,693,448,24/05/2022,09/06/2022,98.3760,3,0.20,35.6613,32.5920
7246,742,69,26/09/2022,15/10/2022,28.8500,5,0.00,14.4250,5.7700
7247,401,1068,14/09/2022,04/10/2022,3149.9300,7,0.00,1480.4670,449.9900
7248,205,638,13/09/2022,13/10/2022,177.5680,2,0.20,8.8784,88.5840
7249,371,1413,09/02/2022,01/03/2022,184.7040,6,0.20,13.8528,30.5840
7250,59,410,06/01/2022,18/01/2022,99.9900,1,0.00,41.9958,99.9900
7251,268,1384,17/06/2022,11/07/2022,12.9600,2,0.00,6.2208,6.4800
7252,353,169,04/08/2022,29/08/2022,161.9600,2,0.00,45.3488,80.9800
7253,727,1020,11/07/2022,04/08/2022,11.2200,3,0.00,0.2244,3.7400
7254,791,1181,13/08/2022,06/09/2022,194.3200,4,0.00,31.0912,48.5800
7255,400,1066,23/11/2022,27/11/2022,219.1680,2,0.20,-43.8336,109.3840
7256,485,931,22/02/2022,26/02/2022,58.2400,4,0.00,15.7248,14.5600
7257,758,1340,10/07/2022,24/07/2022,35.1680,4,0.20,11.4296,8.5920
7258,231,651,04/07/2022,29/07/2022,106.9600,2,0.00,31.0184,53.4800
7259,582,851,28/06/2022,26/07/2022,241.9600,2,0.00,60.4900,120.9800
7260,191,1065,27/01/2022,01/02/2022,1006.0560,3,0.20,88.0299,335.1520
7261,129,667,25/05/2022,30/05/2022,88.0400,5,0.20,6.6030,17.4080
7262,327,661,18/03/2022,17/04/2022,52.1360,7,0.20,5.8653,7.2480
7263,261,1325,23/09/2022,23/10/2022,8.2720,4,0.80,-13.6488,1.2680
7264,6,1501,17/09/2022,28/09/2022,87.8000,4,0.00,43.9000,21.9500
7265,722,931,17/02/2022,18/03/2022,11.6480,4,0.80,-30.8672,2.1120
7266,691,461,15/06/2022,09/07/2022,242.9400,3,0.00,9.7176,80.9800
7267,71,1798,14/01/2022,18/01/2022,249.5840,2,0.20,15.5990,124.5920
7268,588,244,15/04/2022,23/04/2022,3.0240,3,0.20,-0.6048,0.8080
7269,138,1346,17/06/2022,17/07/2022,4912.5900,3,0.00,196.5036,1637.5300
7270,323,1483,03/10/2022,22/10/2022,5.3120,2,0.60,-1.5936,2.0560
7271,283,1442,05/05/2022,17/05/2022,582.3360,8,0.20,-29.1168,72.5920
7272,693,370,19/11/2022,20/11/2022,19.9800,1,0.00,9.3906,19.9800
7273,445,624,28/08/2022,15/09/2022,866.6460,3,0.10,173.3292,288.7820
7274,119,768,25/06/2022,07/07/2022,98.2100,7,0.00,28.4809,14.0300
7275,561,1780,08/08/2022,10/08/2022,43.2800,1,0.20,3.2460,43.0800
7276,540,1656,27/09/2022,06/10/2022,177.6480,2,0.20,-28.8678,88.6240
7277,381,848,03/12/2022,20/12/2022,122.4800,2,0.00,0.0000,61.2400
7278,124,571,08/04/2022,07/05/2022,4.7840,1,0.20,1.5548,4.5840
7279,779,540,08/08/2022,06/09/2022,601.5360,8,0.20,60.1536,74.9920
7280,689,699,23/03/2022,30/03/2022,17.4600,2,0.00,5.9364,8.7300
7281,426,225,31/01/2022,23/02/2022,177.2250,5,0.50,-120.5130,34.9450
7282,271,1391,14/06/2022,29/06/2022,8.9520,2,0.80,-14.7708,3.6760
7283,155,736,11/01/2022,14/01/2022,262.1100,1,0.00,62.9064,262.1100
7284,597,286,13/03/2022,20/03/2022,22.8480,3,0.60,-17.7072,7.0160
7285,91,528,13/11/2022,10/12/2022,34.7900,7,0.00,10.7849,4.9700
7286,45,1038,07/01/2022,10/01/2022,47.9840,2,0.20,0.5998,23.7920
7287,460,1221,26/03/2022,01/04/2022,106.2320,7,0.20,37.1812,14.9760
7288,238,1156,27/02/2022,07/03/2022,409.2720,2,0.40,-81.8544,204.2360
7289,129,1446,28/05/2022,25/06/2022,113.8880,2,0.20,9.9652,56.7440
7290,273,114,12/03/2022,07/04/2022,135.9000,5,0.00,63.8730,27.1800
7291,143,1624,12/08/2022,02/09/2022,19.9800,2,0.00,8.9910,9.9900
7292,133,373,16/10/2022,02/11/2022,34.6800,6,0.00,16.9932,5.7800
7293,1,426,08/01/2022,03/02/2022,5.8800,2,0.00,2.6460,2.9400
7294,679,981,21/10/2022,03/11/2022,16.2720,3,0.20,5.2884,5.2240
7295,61,1013,09/08/2022,12/08/2022,1256.2200,6,0.00,75.3732,209.3700
7296,374,672,05/07/2022,15/07/2022,11.5200,4,0.00,3.3408,2.8800
7297,399,962,23/01/2022,30/01/2022,77.5200,2,0.00,37.9848,38.7600
7298,69,1358,11/08/2022,23/08/2022,96.9600,6,0.00,33.9360,16.1600
7299,245,1113,01/11/2022,27/11/2022,10.4300,5,0.80,-18.2525,1.2860
7300,101,784,30/03/2022,08/04/2022,173.2400,4,0.00,17.3240,43.3100
7301,152,1030,15/06/2022,08/07/2022,1.4080,1,0.20,0.1584,1.2080
7302,235,585,20/04/2022,26/04/2022,863.1280,7,0.20,-32.3673,123.1040
7303,399,1658,13/06/2022,04/07/2022,62.0160,2,0.20,22.4808,30.8080
7304,748,1545,24/01/2022,06/02/2022,3.9000,2,0.00,1.5210,1.9500
7305,18,159,01/07/2022,24/07/2022,220.9600,1,0.20,24.8580,220.7600
7306,128,430,31/08/2022,22/09/2022,44.4000,3,0.00,22.2000,14.8000
7307,667,1234,31/05/2022,04/06/2022,20.9360,1,0.20,7.0659,20.7360
7308,587,1235,01/12/2022,03/12/2022,74.9500,5,0.00,36.7255,14.9900
7309,510,349,27/09/2022,13/10/2022,246.3840,2,0.20,27.7182,122.9920
7310,23,1186,24/10/2022,27/10/2022,1071.0000,9,0.00,171.3600,119.0000
7311,194,913,21/04/2022,23/04/2022,174.3000,3,0.00,81.9210,58.1000
7312,657,306,12/05/2022,31/05/2022,4.7520,1,0.20,1.6038,4.5520
7313,716,559,22/02/2022,27/02/2022,508.7680,4,0.20,38.1576,126.9920
7314,513,686,13/06/2022,14/06/2022,191.4720,6,0.20,40.6878,31.7120
7315,13,152,14/11/2022,10/12/2022,35.8800,6,0.00,16.1460,5.9800
7316,72,844,31/05/2022,21/06/2022,35.0400,4,0.20,-7.0080,8.5600
7317,48,1331,19/08/2022,17/09/2022,22.5000,6,0.00,10.8000,3.7500
7318,488,1346,24/10/2022,31/10/2022,8187.6500,5,0.00,327.5060,1637.5300
7319,96,1269,29/11/2022,21/12/2022,20.0400,3,0.00,9.6192,6.6800
7320,70,274,14/01/2022,11/02/2022,947.1700,7,0.00,9.4717,135.3100
7321,113,498,15/12/2022,21/12/2022,2.8960,1,0.80,-4.7784,2.0960
7322,670,459,23/08/2022,05/09/2022,62.1920,13,0.20,19.4350,4.5840
7323,335,451,11/10/2022,20/10/2022,15.5800,1,0.00,3.8950,15.5800
7324,635,1065,20/02/2022,22/02/2022,2934.3300,7,0.00,792.2691,419.1900
7325,784,1767,22/08/2022,16/09/2022,35.8800,6,0.00,17.5812,5.9800
7326,285,129,08/11/2022,04/12/2022,39.3120,13,0.20,12.7764,2.8240
7327,526,381,28/11/2022,04/12/2022,28.7920,1,0.20,10.0772,28.5920
7328,496,1401,17/02/2022,05/03/2022,116.2800,3,0.00,56.9772,38.7600
7329,187,559,19/09/2022,15/10/2022,635.9600,4,0.00,165.3496,158.9900
7330,559,722,30/09/2022,14/10/2022,140.7360,8,0.20,49.2576,17.3920
7331,734,1391,27/07/2022,31/07/2022,8.9520,2,0.80,-14.7708,3.6760
7332,295,1522,20/03/2022,31/03/2022,10.0200,3,0.00,4.4088,3.3400
7333,534,79,29/10/2022,06/11/2022,16.7400,3,0.00,8.0352,5.5800
7334,657,736,24/03/2022,20/04/2022,393.1650,3,0.50,-204.4458,130.5550
7335,344,1563,10/08/2022,14/08/2022,31.7440,2,0.20,8.3328,15.6720
7336,295,884,16/01/2022,07/02/2022,1399.9800,2,0.00,629.9910,699.9900
7337,438,160,20/12/2022,31/12/2022,60.1200,9,0.00,22.2444,6.6800
7338,361,701,12/07/2022,23/07/2022,48.8600,7,0.00,0.9772,6.9800
7339,236,999,25/11/2022,07/12/2022,12.5400,3,0.00,4.5144,4.1800
7340,406,441,05/12/2022,07/12/2022,89.7120,6,0.20,30.2778,14.7520
7341,68,154,07/03/2022,27/03/2022,31.1200,4,0.00,14.6264,7.7800
7342,35,1051,27/09/2022,17/10/2022,4.4480,2,0.20,1.1120,2.0240
7343,629,535,11/11/2022,14/11/2022,25.4000,5,0.00,8.6360,5.0800
7344,678,867,04/04/2022,15/04/2022,555.9600,5,0.20,41.6970,110.9920
7345,245,570,26/04/2022,15/05/2022,243.9920,4,0.80,-426.9860,60.1980
7346,38,180,11/05/2022,16/05/2022,590.0580,7,0.70,-786.7440,83.5940
7347,142,634,06/08/2022,10/08/2022,348.4880,7,0.20,117.6147,49.5840
7348,16,1246,05/05/2022,27/05/2022,55.3280,2,0.20,6.2244,27.4640
7349,256,784,31/05/2022,06/06/2022,86.6200,2,0.00,8.6620,43.3100
7350,617,1332,24/03/2022,03/04/2022,9.1100,1,0.00,4.0995,9.1100
7351,359,1662,20/05/2022,19/06/2022,99.9000,5,0.00,47.9520,19.9800
7352,512,192,01/05/2022,12/05/2022,795.4080,6,0.20,59.6556,132.3680
7353,643,314,02/12/2022,30/12/2022,12.9600,2,0.00,4.1472,6.4800
7354,186,1248,16/05/2022,07/06/2022,13.1680,2,0.20,4.6088,6.3840
7355,474,696,19/01/2022,26/01/2022,297.5760,3,0.20,-7.4394,98.9920
7356,458,641,10/08/2022,02/09/2022,91.0560,6,0.20,31.8696,14.9760
7357,652,1031,06/08/2022,18/08/2022,15.8720,1,0.20,1.9840,15.6720
7358,691,508,22/07/2022,23/07/2022,18.0880,7,0.20,6.5569,2.3840
7359,171,346,16/07/2022,26/07/2022,7.4000,2,0.00,3.0340,3.7000
7360,252,893,12/08/2022,07/09/2022,424.9575,5,0.15,19.9980,84.8415
7361,671,1360,28/08/2022,02/09/2022,15.0200,1,0.00,2.7036,15.0200
7362,582,318,05/06/2022,29/06/2022,220.2656,4,0.32,-42.1096,54.7464
7363,688,166,25/05/2022,20/06/2022,262.2400,2,0.00,78.6720,131.1200
7364,580,1005,23/02/2022,22/03/2022,30.8160,9,0.20,9.6300,3.2240
7365,694,1117,23/03/2022,04/04/2022,10.5280,4,0.20,3.4216,2.4320
7366,777,1586,26/11/2022,30/11/2022,79.9900,1,0.00,28.7964,79.9900
7367,361,1753,16/04/2022,22/04/2022,86.3520,6,0.20,8.6352,14.1920
7368,145,1273,30/03/2022,21/04/2022,29.6640,4,0.20,10.0116,7.2160
7369,66,308,28/07/2022,23/08/2022,7.1840,2,0.20,2.2450,3.3920
7370,488,1494,03/04/2022,17/04/2022,93.3600,12,0.00,0.9336,7.7800
7371,213,1713,31/08/2022,25/09/2022,706.8600,7,0.00,197.9208,100.9800
7372,504,923,19/01/2022,20/01/2022,299.9600,5,0.20,37.4950,59.7920
7373,197,341,18/08/2022,30/08/2022,66.0480,4,0.20,23.1168,16.3120
7374,88,1341,07/05/2022,12/05/2022,470.3600,11,0.00,122.2936,42.7600
7375,507,1365,23/11/2022,10/12/2022,8.2800,2,0.00,2.9808,4.1400
7376,104,24,13/10/2022,26/10/2022,71.3720,2,0.30,-1.0196,35.3860
7377,621,261,18/09/2022,13/10/2022,19.4400,3,0.00,9.3312,6.4800
7378,508,34,23/05/2022,28/05/2022,56.7000,5,0.00,27.7830,11.3400
7379,13,911,08/07/2022,26/07/2022,464.0000,5,0.00,134.5600,92.8000
7380,71,1510,27/09/2022,06/10/2022,81.9800,2,0.00,40.1702,40.9900
7381,546,1028,22/10/2022,12/11/2022,7.7700,1,0.00,2.0979,7.7700
7382,246,833,11/01/2022,25/01/2022,300.9300,5,0.30,-34.3920,59.8860
7383,241,801,20/06/2022,22/06/2022,5.5800,3,0.00,0.1674,1.8600
7384,762,1679,14/01/2022,22/01/2022,57.4000,5,0.00,10.9060,11.4800
7385,374,359,12/05/2022,03/06/2022,9.5680,2,0.20,3.4684,4.5840
7386,32,1517,13/11/2022,06/12/2022,120.9600,2,0.40,-28.2240,60.0800
7387,704,617,13/09/2022,23/09/2022,209.1480,2,0.40,-66.2302,104.1740
7388,412,1644,18/09/2022,16/10/2022,31.0500,3,0.00,14.9040,10.3500
7389,171,579,28/09/2022,26/10/2022,40.0800,6,0.00,19.2384,6.6800
7390,642,1122,27/10/2022,06/11/2022,347.9700,3,0.00,100.9113,115.9900
7391,693,857,16/01/2022,25/01/2022,35.8080,4,0.20,12.5328,8.7520
7392,376,661,22/03/2022,09/04/2022,37.2400,4,0.00,10.7996,9.3100
7393,292,1595,12/04/2022,07/05/2022,156.7920,1,0.20,17.6391,156.5920
7394,632,887,20/11/2022,13/12/2022,19.7600,2,0.20,5.9280,9.6800
7395,145,336,09/02/2022,24/02/2022,1488.4240,7,0.30,-297.6848,212.3320
7396,201,1709,01/06/2022,23/06/2022,24.3000,5,0.00,10.4490,4.8600
7397,609,1613,19/07/2022,01/08/2022,12.6000,2,0.00,5.7960,6.3000
7398,410,663,30/04/2022,21/05/2022,603.9200,5,0.20,75.4900,120.5840
7399,781,1543,06/02/2022,14/02/2022,449.1000,3,0.70,-643.7100,149.0000
7400,283,452,19/06/2022,21/06/2022,1525.1880,6,0.80,-2287.7820,253.3980
7401,521,561,05/04/2022,26/04/2022,79.9200,4,0.00,28.7712,19.9800
7402,212,1535,10/04/2022,09/05/2022,821.9400,6,0.00,213.7044,136.9900
7403,322,1595,23/06/2022,28/06/2022,470.3760,3,0.20,52.9173,156.5920
7404,558,222,14/06/2022,13/07/2022,335.7440,2,0.20,25.1808,167.6720
7405,494,716,02/05/2022,08/05/2022,1199.8000,4,0.00,323.9460,299.9500
7406,460,851,22/12/2022,21/01/2023,387.1360,4,0.20,24.1960,96.5840
7407,652,455,29/10/2022,22/11/2022,19.8900,9,0.00,5.3703,2.2100
7408,675,1586,08/11/2022,01/12/2022,447.9440,7,0.20,89.5888,63.7920
7409,61,900,04/06/2022,28/06/2022,863.8800,3,0.20,107.9850,287.7600
7410,28,95,14/01/2022,27/01/2022,8.5520,2,0.80,-13.6832,3.4760
7411,469,1179,04/01/2022,05/01/2022,25.9200,4,0.00,12.4416,6.4800
7412,598,93,14/02/2022,16/03/2022,11.3640,3,0.80,-17.0460,2.9880
7413,456,953,13/11/2022,12/12/2022,239.9520,6,0.20,-35.9928,39.7920
7414,762,652,20/04/2022,29/04/2022,599.9700,3,0.00,257.9871,199.9900
7415,616,990,02/03/2022,11/03/2022,30.5600,5,0.80,-45.8400,5.3120
7416,173,243,05/06/2022,30/06/2022,9.3440,2,0.20,3.1536,4.4720
7417,183,119,12/06/2022,24/06/2022,51.1200,4,0.00,23.0040,12.7800
7418,693,32,19/06/2022,30/06/2022,5.7150,5,0.70,-4.7625,0.4430
7419,302,1361,26/03/2022,18/04/2022,3.7680,2,0.70,-3.1400,1.1840
7420,236,834,31/08/2022,18/09/2022,286.9300,7,0.00,140.5957,40.9900
7421,367,295,22/05/2022,10/06/2022,21.4800,6,0.00,10.7400,3.5800
7422,565,603,19/02/2022,11/03/2022,33.6300,3,0.00,10.0890,11.2100
7423,332,1272,29/07/2022,15/08/2022,437.8500,3,0.00,131.3550,145.9500
7424,44,247,01/10/2022,29/10/2022,435.5040,3,0.20,48.9942,144.9680
7425,99,1766,27/04/2022,01/05/2022,55.7600,4,0.00,7.8064,13.9400
7426,292,1310,12/10/2022,27/10/2022,173.4880,7,0.20,54.2150,24.5840
7427,216,1094,20/01/2022,26/01/2022,26.9400,3,0.00,11.3148,8.9800
7428,524,911,18/05/2022,31/05/2022,278.4000,3,0.00,80.7360,92.8000
7429,698,15,12/10/2022,10/11/2022,68.8100,5,0.80,-123.8580,12.9620
7430,477,426,30/08/2022,05/09/2022,7.0560,3,0.20,2.2050,2.1520
7431,657,1515,13/06/2022,03/07/2022,325.6320,6,0.20,28.4928,54.0720
7432,460,1729,01/01/2022,31/01/2022,2625.1200,8,0.00,735.0336,328.1400
7433,329,1418,10/04/2022,07/05/2022,32.1920,2,0.80,-80.4800,15.2960
7434,544,588,23/12/2022,24/12/2022,1352.3976,9,0.32,-437.5404,149.9464
7435,338,1637,06/03/2022,14/03/2022,11.0700,3,0.00,5.2029,3.6900
7436,489,359,29/10/2022,16/11/2022,11.9600,2,0.00,5.8604,5.9800
7437,211,1765,25/05/2022,19/06/2022,41.8600,7,0.00,18.8370,5.9800
7438,238,87,21/08/2022,28/08/2022,169.6800,6,0.00,45.8136,28.2800
7439,10,973,18/01/2022,12/02/2022,478.2400,8,0.00,219.9904,59.7800
7440,24,848,05/11/2022,20/11/2022,122.4800,2,0.00,0.0000,61.2400
7441,317,879,16/06/2022,01/07/2022,159.9600,5,0.20,17.9955,31.7920
7442,611,1309,09/11/2022,10/11/2022,9.1840,2,0.20,1.1480,4.3920
7443,539,653,12/12/2022,04/01/2023,60.1200,9,0.00,28.8576,6.6800
7444,782,1285,15/05/2022,01/06/2022,1875.2580,7,0.40,-968.8833,267.4940
7445,746,1430,23/06/2022,08/07/2022,46.9000,5,0.00,13.1320,9.3800
7446,511,751,27/02/2022,20/03/2022,11.3400,1,0.00,5.5566,11.3400
7447,320,1022,16/05/2022,19/05/2022,173.4880,7,0.20,54.2150,24.5840
7448,487,1656,02/05/2022,18/05/2022,777.2100,7,0.00,54.4047,111.0300
7449,737,401,22/07/2022,10/08/2022,219.9000,5,0.00,59.3730,43.9800
7450,42,393,08/10/2022,04/11/2022,454.8600,7,0.00,54.5832,64.9800
7451,671,324,01/06/2022,23/06/2022,1013.4880,7,0.20,76.0116,144.5840
7452,335,447,03/09/2022,05/09/2022,2.3760,3,0.70,-1.9008,0.0920
7453,560,843,02/08/2022,26/08/2022,7.6560,4,0.70,-6.1248,1.2140
7454,470,1118,21/04/2022,26/04/2022,144.9500,5,0.00,42.0355,28.9900
7455,708,94,30/04/2022,09/05/2022,96.5300,7,0.00,40.5426,13.7900
7456,30,188,08/05/2022,18/05/2022,16.0560,3,0.20,5.8203,5.1520
7457,255,1346,04/02/2022,01/03/2022,4912.5900,3,0.00,196.5036,1637.5300
7458,230,446,03/12/2022,27/12/2022,1603.1360,4,0.20,100.1960,400.5840
7459,439,1762,20/04/2022,04/05/2022,343.2000,1,0.20,38.6100,343.0000
7460,148,1060,25/12/2022,13/01/2023,20.0700,3,0.00,9.2322,6.6900
7461,231,323,13/10/2022,27/10/2022,33.1200,4,0.20,11.5920,8.0800
7462,722,484,24/06/2022,06/07/2022,4416.1740,9,0.30,-630.8820,490.3860
7463,323,1594,18/05/2022,20/05/2022,493.4300,5,0.30,-70.4900,98.3860
7464,610,1016,19/09/2022,01/10/2022,37.1700,9,0.00,11.1510,4.1300
7465,266,986,13/08/2022,24/08/2022,71.9760,3,0.20,8.9970,23.7920
7466,52,410,21/02/2022,15/03/2022,899.9100,9,0.00,377.9622,99.9900
7467,121,1813,12/06/2022,10/07/2022,120.0000,6,0.00,46.8000,20.0000
7468,223,1023,27/08/2022,02/09/2022,53.7200,4,0.00,13.9672,13.4300
7469,635,1105,19/07/2022,13/08/2022,591.3200,4,0.00,112.3508,147.8300
7470,680,665,22/01/2022,14/02/2022,537.5440,7,0.20,47.0351,76.5920
7471,246,76,31/08/2022,27/09/2022,18.1600,2,0.20,1.8160,8.8800
7472,567,380,26/04/2022,04/05/2022,42.6000,3,0.00,16.6140,14.2000
7473,732,1239,22/10/2022,03/11/2022,32.7500,5,0.00,15.0650,6.5500
7474,740,390,30/12/2022,06/01/2023,31.8720,8,0.20,11.5536,3.7840
7475,519,1339,01/04/2022,08/04/2022,11.1840,1,0.20,0.8388,10.9840
7476,779,660,12/02/2022,05/03/2022,5.0000,1,0.00,2.4000,5.0000
7477,312,969,15/11/2022,02/12/2022,6.4800,1,0.00,3.1104,6.4800
7478,472,1282,19/10/2022,21/10/2022,11.9600,2,0.00,5.8604,5.9800
7479,142,481,14/09/2022,08/10/2022,132.2240,4,0.20,-18.1808,32.8560
7480,765,543,05/09/2022,27/09/2022,62.9400,3,0.00,30.2112,20.9800
7481,526,1318,29/05/2022,19/06/2022,431.9760,3,0.20,-75.5958,143.7920
7482,681,696,02/02/2022,22/02/2022,297.5760,3,0.20,-7.4394,98.9920
7483,783,465,04/06/2022,25/06/2022,1282.4100,5,0.10,213.7350,256.3820
7484,470,1028,21/07/2022,30/07/2022,31.0800,4,0.00,8.3916,7.7700
7485,308,1514,02/05/2022,28/05/2022,9.7620,2,0.70,-6.8334,4.1810
7486,214,259,23/12/2022,04/01/2023,1038.8400,5,0.20,51.9420,207.5680
7487,593,1523,22/01/2022,31/01/2022,128.0580,3,0.30,-23.7822,42.3860
7488,677,30,03/12/2022,10/12/2022,14.2800,7,0.00,6.7116,2.0400
7489,567,773,19/10/2022,24/10/2022,38.8200,6,0.00,17.4690,6.4700
7490,417,1406,11/04/2022,30/04/2022,155.9760,3,0.20,54.5916,51.7920
7491,355,615,19/04/2022,14/05/2022,11.5200,4,0.00,5.6448,2.8800
7492,455,1414,22/08/2022,08/09/2022,5.5440,7,0.20,1.6632,0.5920
7493,557,248,13/01/2022,01/02/2022,95.9680,4,0.20,28.7904,23.7920
7494,615,161,15/12/2022,25/12/2022,177.9800,5,0.80,-453.8490,34.7960
7495,588,1648,21/10/2022,17/11/2022,242.3520,8,0.70,-363.5280,29.5940
7496,492,575,28/06/2022,05/07/2022,509.9575,5,0.15,41.9965,101.8415
7497,60,662,02/07/2022,21/07/2022,22.9200,3,0.00,11.2308,7.6400
7498,571,1704,18/02/2022,24/02/2022,119.1000,3,0.00,34.5390,39.7000
7499,697,441,09/12/2022,18/12/2022,119.6160,8,0.20,40.3704,14.7520
7500,416,1814,28/03/2022,08/04/2022,67.9000,5,0.00,20.3700,13.5800
7501,20,1405,21/09/2022,19/10/2022,302.3760,3,0.20,37.7970,100.5920
7502,170,1527,06/08/2022,07/08/2022,589.9000,2,0.00,147.4750,294.9500
7503,11,468,18/09/2022,15/10/2022,76.5800,7,0.00,38.2900,10.9400
7504,384,275,02/06/2022,08/06/2022,189.7000,10,0.00,91.0560,18.9700
7505,80,1446,11/08/2022,24/08/2022,199.3040,4,0.30,-8.5416,49.5260
7506,325,287,24/12/2022,19/01/2023,2.6100,1,0.00,1.2006,2.6100
7507,177,223,23/04/2022,18/05/2022,25.4720,4,0.20,7.6416,6.1680
7508,226,302,18/08/2022,20/08/2022,50.3520,3,0.20,17.6232,16.5840
7509,40,761,22/08/2022,06/09/2022,21.3400,2,0.00,9.8164,10.6700
7510,280,663,14/12/2022,17/12/2022,271.7640,2,0.10,60.3920,135.7820
7511,198,198,07/02/2022,01/03/2022,91.9900,1,0.00,3.6796,91.9900
7512,199,403,08/02/2022,06/03/2022,9.8400,3,0.00,2.8536,3.2800
7513,253,1290,26/03/2022,27/03/2022,341.9600,5,0.60,-427.4500,67.7920
7514,94,23,10/09/2022,19/09/2022,60.3400,7,0.00,15.6884,8.6200
7515,656,1205,10/05/2022,04/06/2022,270.3400,14,0.00,75.6952,19.3100
7516,366,706,09/03/2022,25/03/2022,145.8500,5,0.00,70.0080,29.1700
7517,394,1377,18/08/2022,20/08/2022,3.3660,3,0.70,-2.2440,0.4220
7518,517,1366,31/10/2022,05/11/2022,22.2300,1,0.00,9.7812,22.2300
7519,745,431,24/07/2022,27/07/2022,308.4990,3,0.15,-18.1470,102.6830
7520,717,34,25/06/2022,11/07/2022,40.5600,4,0.00,19.8744,10.1400
7521,331,477,01/08/2022,14/08/2022,234.4500,3,0.00,103.1580,78.1500
7522,438,1050,25/11/2022,06/12/2022,169.5680,2,0.20,0.0000,84.5840
7523,236,86,14/09/2022,24/09/2022,27.7200,9,0.00,13.3056,3.0800
7524,201,1592,29/04/2022,18/05/2022,23.4720,3,0.20,4.9878,7.6240
7525,714,619,09/04/2022,05/05/2022,40.7520,3,0.20,15.2820,13.3840
7526,39,1723,29/05/2022,06/06/2022,105.5520,6,0.20,35.6238,17.3920
7527,797,1079,26/01/2022,14/02/2022,12.6700,7,0.00,4.5612,1.8100
7528,1,996,05/05/2022,24/05/2022,872.9400,3,0.00,226.9644,290.9800
7529,93,884,11/02/2022,06/03/2022,1399.9800,2,0.00,629.9910,699.9900
7530,327,1691,04/06/2022,28/06/2022,23.8400,8,0.00,6.4368,2.9800
7531,180,1531,13/03/2022,23/03/2022,90.0000,5,0.00,16.2000,18.0000
7532,186,1565,12/03/2022,08/04/2022,14.5200,3,0.00,5.6628,4.8400
7533,39,530,30/06/2022,12/07/2022,68.2380,3,0.40,-12.5103,22.3460
7534,31,569,03/10/2022,09/10/2022,220.0640,4,0.20,55.0160,54.8160
7535,398,390,19/12/2022,04/01/2023,31.8720,8,0.20,11.5536,3.7840
7536,259,143,17/04/2022,27/04/2022,102.9300,3,0.00,48.3771,34.3100
7537,468,927,14/12/2022,09/01/2023,122.1200,4,0.00,56.1752,30.5300
7538,137,445,09/01/2022,21/01/2022,7.4760,1,0.70,-5.9808,6.7760
7539,680,1167,05/04/2022,23/04/2022,897.1500,3,0.00,251.2020,299.0500
7540,800,1642,06/03/2022,27/03/2022,15.8400,2,0.20,5.5440,7.7200
7541,203,415,02/12/2022,11/12/2022,195.6800,4,0.00,50.8768,48.9200
7542,501,587,21/09/2022,21/10/2022,250.2600,6,0.00,72.5754,41.7100
7543,506,496,03/01/2022,21/01/2022,1871.8800,12,0.00,561.5640,155.9900
7544,78,928,29/08/2022,13/09/2022,38.8800,6,0.00,18.6624,6.4800
7545,165,224,23/05/2022,10/06/2022,119.9400,10,0.40,15.9920,11.5940
7546,455,992,21/04/2022,27/04/2022,121.6000,4,0.00,55.9360,30.4000
7547,161,1047,12/11/2022,15/11/2022,136.7840,1,0.20,5.1294,136.5840
7548,578,1061,05/08/2022,26/08/2022,396.9200,5,0.20,148.8450,79.1840
7549,37,980,01/08/2022,17/08/2022,68.7420,9,0.70,-48.1194,6.9380
7550,428,394,11/10/2022,27/10/2022,94.6000,4,0.00,27.4340,23.6500
7551,768,1267,22/06/2022,30/06/2022,22.2000,1,0.60,-26.0850,21.6000
7552,436,819,16/11/2022,23/11/2022,153.3600,9,0.00,70.5456,17.0400
7553,686,1013,08/08/2022,12/08/2022,1256.2200,6,0.00,75.3732,209.3700
7554,703,488,21/03/2022,14/04/2022,18.2400,3,0.00,6.2016,6.0800
7555,785,1667,08/02/2022,23/02/2022,26.8600,2,0.00,6.7150,13.4300
7556,694,429,03/09/2022,01/10/2022,447.9440,7,0.20,89.5888,63.7920
7557,379,758,15/01/2022,27/01/2022,49.5680,2,0.20,15.4900,24.5840
7558,690,321,08/06/2022,16/06/2022,34.4000,5,0.00,15.8240,6.8800
7559,269,319,28/06/2022,20/07/2022,6.6080,2,0.20,2.1476,3.1040
7560,208,695,25/07/2022,13/08/2022,192.1600,5,0.20,67.2560,38.2320
7561,673,518,21/07/2022,06/08/2022,659.1680,4,0.20,49.4376,164.5920
7562,585,30,22/08/2022,04/09/2022,14.2800,7,0.00,6.7116,2.0400
7563,466,1498,12/02/2022,13/03/2022,10.6400,5,0.20,3.8570,1.9280
7564,115,1620,13/11/2022,25/11/2022,8749.9500,5,0.00,2799.9840,1749.9900
7565,31,312,26/02/2022,12/03/2022,8.9280,2,0.20,0.5580,4.2640
7566,531,132,02/10/2022,03/10/2022,23.0400,8,0.00,6.9120,2.8800
7567,668,1347,28/06/2022,10/07/2022,245.8800,6,0.00,68.8464,40.9800
7568,77,212,11/02/2022,21/02/2022,21.9800,1,0.00,0.2198,21.9800
7569,686,285,05/01/2022,11/01/2022,1166.9200,5,0.20,131.2785,233.1840
7570,152,194,06/10/2022,30/10/2022,333.5760,3,0.20,33.3576,110.9920
7571,296,412,17/06/2022,14/07/2022,3393.6800,8,0.00,610.8624,424.2100
7572,64,34,26/06/2022,22/07/2022,85.0560,3,0.20,28.7064,28.1520
7573,259,592,24/05/2022,05/06/2022,14.9400,3,0.00,7.1712,4.9800
7574,797,971,16/09/2022,03/10/2022,104.8500,1,0.00,50.3280,104.8500
7575,64,315,20/01/2022,14/02/2022,36.8400,3,0.00,17.3148,12.2800
7576,503,341,02/11/2022,08/11/2022,41.2800,2,0.00,19.8144,20.6400
7577,771,679,13/04/2022,27/04/2022,148.3200,9,0.00,63.7776,16.4800
7578,579,68,08/07/2022,01/08/2022,182.1120,6,0.20,61.4628,30.1520
7579,351,286,07/10/2022,11/10/2022,22.8480,3,0.60,-17.7072,7.0160
7580,613,430,04/02/2022,07/02/2022,29.6000,2,0.00,14.8000,14.8000
7581,112,225,10/05/2022,25/05/2022,35.4450,1,0.50,-24.1026,34.9450
7582,201,1141,22/08/2022,15/09/2022,283.1400,4,0.10,72.3580,70.6850
7583,781,656,05/02/2022,07/03/2022,110.5280,4,0.20,38.6848,27.4320
7584,66,1331,15/06/2022,01/07/2022,3.0000,1,0.20,1.0500,2.8000
7585,292,1477,28/08/2022,18/09/2022,25.6800,6,0.00,11.5560,4.2800
7586,262,511,09/09/2022,16/09/2022,45.3600,7,0.00,21.7728,6.4800
7587,50,324,13/11/2022,12/12/2022,1013.4880,7,0.20,76.0116,144.5840
7588,120,154,13/01/2022,20/01/2022,68.4600,7,0.00,31.4916,9.7800
7589,792,707,16/09/2022,03/10/2022,14.0880,3,0.20,4.9308,4.4960
7590,649,1612,10/07/2022,21/07/2022,179.7000,6,0.00,88.0530,29.9500
7591,563,129,01/12/2022,15/12/2022,31.5600,5,0.20,9.8625,6.1120
7592,237,1280,24/10/2022,28/10/2022,4899.9300,7,0.00,2302.9670,699.9900
7593,778,1253,19/02/2022,26/02/2022,127.8800,5,0.60,-67.1370,24.9760
7594,682,426,04/01/2022,02/02/2022,5.8800,2,0.00,2.6460,2.9400
7595,526,32,31/05/2022,19/06/2022,18.2880,6,0.20,5.7150,2.8480
7596,254,1067,28/08/2022,15/09/2022,58.3200,9,0.00,27.9936,6.4800
7597,526,176,26/06/2022,17/07/2022,23.2000,2,0.20,1.4500,11.4000
7598,615,352,16/03/2022,09/04/2022,157.9000,5,0.00,74.2130,31.5800
7599,242,328,17/12/2022,29/12/2022,1.7440,1,0.20,-0.3488,1.5440
7600,775,1145,24/08/2022,14/09/2022,139.0400,4,0.00,38.9312,34.7600
7601,381,954,06/07/2022,12/07/2022,39.2640,3,0.20,-4.9080,12.8880
7602,755,1710,01/05/2022,24/05/2022,3.3040,1,0.20,1.0738,3.1040
7603,22,1274,09/01/2022,24/01/2022,999.9600,4,0.00,229.9908,249.9900
7604,366,1793,26/03/2022,20/04/2022,1059.1200,4,0.00,307.1448,264.7800
7605,258,1111,26/01/2022,20/02/2022,19.5200,2,0.20,5.3680,9.5600
7606,750,1309,10/06/2022,21/06/2022,17.2200,3,0.00,5.1660,5.7400
7607,652,350,13/12/2022,04/01/2023,2399.9600,5,0.20,569.9905,479.7920
7608,685,458,29/05/2022,24/06/2022,17.1500,1,0.00,4.6305,17.1500
7609,743,554,09/02/2022,25/02/2022,113.5520,2,0.20,8.5164,56.5760
7610,213,1295,29/06/2022,26/07/2022,43.5840,1,0.20,4.3584,43.3840
7611,717,589,24/12/2022,01/01/2023,12.2240,2,0.20,4.4312,5.9120
7612,376,536,25/09/2022,23/10/2022,38.8640,4,0.80,-99.1032,8.9160
7613,707,1752,15/01/2022,20/01/2022,220.7040,6,0.20,-8.2764,36.5840
7614,35,1080,18/09/2022,26/09/2022,94.9920,2,0.20,-2.3748,47.2960
7615,113,27,08/06/2022,11/06/2022,4404.9000,5,0.00,1013.1270,880.9800
7616,392,1031,15/01/2022,18/01/2022,119.0400,6,0.00,35.7120,19.8400
7617,691,1755,20/11/2022,15/12/2022,415.9680,4,0.20,51.9960,103.7920
7618,666,675,17/02/2022,04/03/2022,26.9760,4,0.20,8.7672,6.5440
7619,19,973,29/01/2022,30/01/2022,23.9120,2,0.80,-40.6504,11.1560
7620,152,492,14/05/2022,26/05/2022,4.5030,1,0.70,-3.6024,3.8030
7621,27,832,13/09/2022,24/09/2022,3.2800,1,0.00,0.9512,3.2800
7622,734,188,17/12/2022,20/12/2022,40.1400,6,0.00,19.6686,6.6900
7623,424,992,05/02/2022,06/02/2022,48.6400,2,0.20,15.8080,24.1200
7624,274,40,19/07/2022,18/08/2022,371.1680,4,0.20,41.7564,92.5920
7625,767,1628,28/02/2022,29/03/2022,62.2800,4,0.00,29.2716,15.5700
7626,626,308,14/06/2022,12/07/2022,14.3680,4,0.20,4.4900,3.3920
7627,453,536,17/06/2022,17/07/2022,242.9000,5,0.00,70.4410,48.5800
7628,145,178,03/10/2022,14/10/2022,66.3000,3,0.00,8.6190,22.1000
7629,46,834,18/07/2022,04/08/2022,81.9800,2,0.00,40.1702,40.9900
7630,133,513,17/10/2022,11/11/2022,18.6880,4,0.20,2.3360,4.4720
7631,355,1344,11/05/2022,23/05/2022,17.9400,3,0.00,8.0730,5.9800
7632,251,476,24/11/2022,08/12/2022,283.9200,5,0.20,17.7450,56.5840
7633,173,1441,15/03/2022,13/04/2022,212.1300,3,0.00,14.8491,70.7100
7634,62,977,26/07/2022,17/08/2022,53.0880,7,0.80,-108.8304,6.7840
7635,624,317,11/02/2022,12/02/2022,3266.3760,3,0.20,1061.5721,1088.5920
7636,261,1033,30/06/2022,19/07/2022,70.9800,1,0.00,3.5490,70.9800
7637,309,313,30/09/2022,10/10/2022,29.9700,3,0.00,14.0859,9.9900
7638,690,1308,03/04/2022,07/04/2022,29.6100,9,0.00,13.3245,3.2900
7639,307,917,11/09/2022,26/09/2022,38.8640,7,0.20,7.7728,5.3520
7640,709,689,02/11/2022,19/11/2022,2.8900,1,0.00,1.3583,2.8900
7641,85,505,21/03/2022,07/04/2022,61.5440,7,0.60,-40.0036,8.1920
7642,157,238,26/11/2022,17/12/2022,14.0160,4,0.20,4.9056,3.3040
7643,90,129,10/06/2022,26/06/2022,9.4320,3,0.20,3.0654,2.9440
7644,294,670,20/06/2022,21/06/2022,447.8600,7,0.00,219.4514,63.9800
7645,164,1600,15/04/2022,02/05/2022,44.7600,3,0.20,14.5470,14.7200
7646,751,323,02/03/2022,13/03/2022,93.1500,9,0.00,44.7120,10.3500
7647,517,827,26/06/2022,12/07/2022,89.9500,5,0.00,43.1760,17.9900
7648,784,517,23/01/2022,13/02/2022,575.9280,9,0.20,57.5928,63.7920
7649,297,402,05/07/2022,17/07/2022,10.1600,1,0.00,2.6416,10.1600
7650,46,1440,04/10/2022,21/10/2022,29.7600,5,0.20,1.8600,5.7520
7651,198,225,28/09/2022,19/10/2022,170.1360,3,0.20,-8.5068,56.5120
7652,595,593,10/04/2022,15/04/2022,103.0560,3,0.20,24.4758,34.1520
7653,625,787,08/12/2022,28/12/2022,175.2300,11,0.00,61.3305,15.9300
7654,562,761,09/11/2022,04/12/2022,59.7520,7,0.20,19.4194,8.3360
7655,620,1343,16/03/2022,10/04/2022,631.9600,4,0.00,303.3408,157.9900
7656,684,346,07/05/2022,11/05/2022,7.4000,2,0.00,3.0340,3.7000
7657,444,328,07/10/2022,17/10/2022,63.8400,8,0.00,18.5136,7.9800
7658,14,810,12/08/2022,08/09/2022,393.5680,4,0.20,-44.2764,98.1920
7659,722,109,10/06/2022,17/06/2022,30.3840,1,0.20,3.7980,30.1840
7660,325,519,30/01/2022,03/02/2022,999.4320,7,0.20,124.9290,142.5760
7661,732,192,22/02/2022,17/03/2022,66.2840,2,0.80,-178.9668,32.3420
7662,60,1318,08/01/2022,04/02/2022,359.9800,2,0.00,21.5988,179.9900
7663,88,1228,25/02/2022,24/03/2022,530.3400,2,0.00,95.4612,265.1700
7664,464,1322,26/05/2022,04/06/2022,99.9900,1,0.00,43.9956,99.9900
7665,81,1064,29/07/2022,25/08/2022,12.5440,7,0.60,-9.0944,1.1920
7666,411,1765,29/06/2022,09/07/2022,19.1360,4,0.20,5.9800,4.5840
7667,47,630,05/01/2022,01/02/2022,408.0060,2,0.10,72.5344,203.9030
7668,381,700,11/07/2022,22/07/2022,5.2290,3,0.70,-4.1832,1.0430
7669,413,320,29/01/2022,27/02/2022,12.7800,3,0.00,5.2398,4.2600
7670,289,267,07/11/2022,28/11/2022,344.9810,7,0.15,28.4102,49.1330
7671,449,1429,22/07/2022,24/07/2022,19.4400,3,0.00,9.3312,6.4800
7672,30,790,20/10/2022,25/10/2022,58.4640,9,0.80,-146.1600,5.6960
7673,257,513,25/10/2022,15/11/2022,18.6880,4,0.20,2.3360,4.4720
7674,79,1263,03/05/2022,07/05/2022,114.4600,2,0.00,28.6150,57.2300
7675,252,1730,10/11/2022,25/11/2022,355.3600,4,0.00,92.3936,88.8400
7676,103,569,17/09/2022,17/10/2022,82.5240,3,0.60,-41.2620,26.9080
7677,220,1374,21/05/2022,31/05/2022,20.2300,7,0.00,9.5081,2.8900
7678,134,1449,27/01/2022,15/02/2022,15.1680,2,0.20,3.7920,7.3840
7679,290,1595,26/04/2022,12/05/2022,156.7920,1,0.20,17.6391,156.5920
7680,634,584,24/10/2022,27/10/2022,55.9680,1,0.20,-2.0988,55.7680
7681,598,978,26/12/2022,22/01/2023,131.9800,2,0.00,35.6346,65.9900
7682,361,482,03/11/2022,18/11/2022,6.8800,1,0.20,2.3220,6.6800
7683,619,736,03/05/2022,01/06/2022,550.4310,3,0.30,-47.1798,183.1770
7684,550,1032,24/12/2022,12/01/2023,31.5000,10,0.00,15.1200,3.1500
7685,419,1419,23/12/2022,31/12/2022,1.9800,2,0.00,0.8910,0.9900
7686,108,844,29/12/2022,28/01/2023,17.5200,2,0.20,-3.5040,8.5600
7687,608,1229,20/03/2022,11/04/2022,221.9200,5,0.20,77.6720,44.1840
7688,277,1048,23/09/2022,29/09/2022,16.8960,4,0.20,5.2800,4.0240
7689,84,3,29/03/2022,17/04/2022,29.2400,5,0.20,9.8685,5.6480
7690,257,41,16/04/2022,08/05/2022,147.1680,4,0.20,16.5564,36.5920
7691,512,1407,04/06/2022,20/06/2022,377.9700,3,0.00,109.6113,125.9900
7692,555,399,02/12/2022,10/12/2022,39.6800,2,0.00,10.3168,19.8400
7693,384,1080,22/10/2022,19/11/2022,178.1100,3,0.00,32.0598,59.3700
7694,550,1110,03/12/2022,13/12/2022,293.1990,3,0.15,-20.6964,97.5830
7695,23,1095,30/04/2022,01/05/2022,239.9700,3,0.00,86.3892,79.9900
7696,33,196,06/08/2022,23/08/2022,369.5440,7,0.20,32.3351,52.5920
7697,746,1067,24/03/2022,15/04/2022,19.4400,3,0.00,9.3312,6.4800
7698,326,882,13/05/2022,28/05/2022,2.8400,1,0.00,0.8804,2.8400
7699,212,1501,28/09/2022,03/10/2022,87.8000,4,0.00,43.9000,21.9500
7700,292,31,04/07/2022,11/07/2022,71.9200,4,0.00,20.8568,17.9800
7701,138,1445,13/05/2022,05/06/2022,13.9200,3,0.20,4.8720,4.4400
7702,457,666,13/08/2022,05/09/2022,105.5840,2,0.20,7.9188,52.5920
7703,528,537,30/09/2022,25/10/2022,11.4300,3,0.00,5.3721,3.8100
7704,288,1289,20/02/2022,05/03/2022,14.3520,3,0.20,5.2026,4.5840
7705,139,99,30/08/2022,04/09/2022,7.1520,3,0.20,2.3244,2.1840
7706,413,1609,09/08/2022,20/08/2022,40.7760,3,0.20,0.5097,13.3920
7707,69,1130,22/08/2022,06/09/2022,850.5000,5,0.10,245.7000,170.0000
7708,308,1196,21/03/2022,01/04/2022,5.2480,2,0.20,0.5904,2.4240
7709,711,1731,22/05/2022,02/06/2022,11.9400,3,0.00,5.9700,3.9800
7710,18,810,02/11/2022,20/11/2022,602.6510,7,0.30,-163.5767,85.7930
7711,366,891,06/05/2022,19/05/2022,48.6900,9,0.00,23.8581,5.4100
7712,397,354,22/09/2022,27/09/2022,12.9600,2,0.00,6.2208,6.4800
7713,600,1184,28/07/2022,21/08/2022,23.9200,4,0.00,4.0664,5.9800
7714,113,123,15/09/2022,30/09/2022,6.3680,2,0.20,2.1492,2.9840
7715,759,724,20/12/2022,19/01/2023,10.3680,2,0.20,3.6288,4.9840
7716,372,481,07/08/2022,11/08/2022,289.2400,7,0.00,26.0316,41.3200
7717,408,398,30/01/2022,07/02/2022,2.3280,2,0.60,-0.7566,0.5640
7718,145,1452,25/12/2022,04/01/2023,20.7360,4,0.20,7.2576,4.9840
7719,575,400,14/04/2022,01/05/2022,172.7360,4,0.20,-30.2288,42.9840
7720,558,1414,08/02/2022,28/02/2022,0.9900,1,0.00,0.4356,0.9900
7721,348,1799,08/07/2022,20/07/2022,479.9880,2,0.40,55.9986,239.5940
7722,543,545,02/08/2022,27/08/2022,9.6400,2,0.00,4.4344,4.8200
7723,92,1513,15/07/2022,17/07/2022,38.9760,3,0.60,-50.6688,12.3920
7724,313,69,17/03/2022,07/04/2022,11.5400,2,0.00,5.7700,5.7700
7725,643,859,12/08/2022,27/08/2022,31.3200,10,0.70,-25.0560,2.4320
7726,633,790,29/11/2022,23/12/2022,12.9920,2,0.80,-32.4800,5.6960
7727,106,814,04/04/2022,05/04/2022,89.9800,2,0.00,43.1904,44.9900
7728,655,555,26/09/2022,22/10/2022,13.2720,8,0.70,-10.6176,0.9590
7729,17,722,31/10/2022,12/11/2022,21.9900,1,0.00,10.5552,21.9900
7730,180,1320,16/12/2022,02/01/2023,269.9820,3,0.40,40.4973,89.5940
7731,554,951,20/01/2022,22/01/2022,309.5760,4,0.40,-56.7556,76.9940
7732,650,504,20/11/2022,29/11/2022,2.9200,1,0.20,0.3650,2.7200
7733,771,637,21/12/2022,16/01/2023,4.8420,3,0.70,-3.3894,0.9140
7734,105,1415,16/07/2022,14/08/2022,10.3320,3,0.70,-7.5768,2.7440
7735,601,149,18/05/2022,09/06/2022,10.6080,6,0.20,0.9282,1.5680
7736,606,1785,14/06/2022,18/06/2022,12.5850,1,0.70,-18.0385,11.8850
7737,353,1698,22/03/2022,21/04/2022,326.6460,3,0.10,39.9234,108.7820
7738,512,1573,24/08/2022,25/08/2022,4.1760,1,0.20,1.3050,3.9760
7739,264,1195,19/10/2022,24/10/2022,218.3520,3,0.20,-19.1058,72.5840
7740,113,30,07/08/2022,01/09/2022,1.6320,1,0.20,0.5508,1.4320
7741,452,399,26/01/2022,17/02/2022,39.6800,2,0.00,10.3168,19.8400
7742,682,281,05/09/2022,16/09/2022,60.6400,4,0.00,27.8944,15.1600
7743,23,291,04/11/2022,05/11/2022,92.9400,3,0.00,25.0938,30.9800
7744,392,1537,18/06/2022,05/07/2022,629.9300,7,0.00,296.0671,89.9900
7745,265,1475,28/07/2022,18/08/2022,220.9800,1,0.00,50.8254,220.9800
7746,400,1478,04/03/2022,07/03/2022,14.6200,2,0.00,6.7252,7.3100
7747,309,1346,14/12/2022,31/12/2022,4912.5900,3,0.00,196.5036,1637.5300
7748,681,1841,25/03/2022,26/03/2022,20.6640,7,0.20,6.9741,2.7520
7749,266,894,29/09/2022,28/10/2022,338.3520,3,0.20,4.2294,112.5840
7750,508,54,20/07/2022,22/07/2022,1029.9500,5,0.00,298.6855,205.9900
7751,464,1146,27/12/2022,08/01/2023,26.4000,5,0.00,11.8800,5.2800
7752,415,1767,15/07/2022,26/07/2022,17.9400,3,0.00,8.7906,5.9800
7753,291,165,03/10/2022,15/10/2022,170.0720,4,0.30,-12.1480,42.2180
7754,475,1417,30/06/2022,29/07/2022,214.9000,5,0.00,62.3210,42.9800
7755,799,540,16/01/2022,06/02/2022,300.7680,4,0.20,30.0768,74.9920
7756,436,295,28/06/2022,06/07/2022,31.5040,11,0.20,11.8140,2.6640
7757,348,573,16/06/2022,10/07/2022,7999.9800,4,0.50,-3839.9905,1999.4950
7758,531,642,14/11/2022,16/11/2022,6.1600,2,0.00,2.9568,3.0800
7759,712,24,30/04/2022,21/05/2022,122.3520,3,0.20,13.7646,40.5840
7760,431,1514,14/04/2022,29/04/2022,117.1440,9,0.20,42.4647,12.8160
7761,280,165,24/08/2022,18/09/2022,546.6600,9,0.00,136.6650,60.7400
7762,698,749,03/04/2022,05/04/2022,21.1840,1,0.20,4.7664,20.9840
7763,769,278,23/10/2022,16/11/2022,292.1000,2,0.00,58.4200,146.0500
7764,188,861,08/09/2022,22/09/2022,362.2500,6,0.30,0.0000,60.0750
7765,181,1499,20/10/2022,10/11/2022,28.8000,3,0.00,0.8640,9.6000
7766,172,710,09/03/2022,20/03/2022,146.6880,8,0.20,45.8400,18.1360
7767,101,217,25/02/2022,13/03/2022,620.6145,3,0.45,-248.2458,206.4215
7768,350,1731,16/08/2022,02/09/2022,11.9400,3,0.00,5.9700,3.9800
7769,190,939,16/01/2022,22/01/2022,18.7600,2,0.00,9.0048,9.3800
7770,190,1548,15/09/2022,18/09/2022,223.9200,4,0.00,109.7208,55.9800
7771,410,890,22/05/2022,27/05/2022,331.9600,2,0.00,149.3820,165.9800
7772,236,1262,07/08/2022,04/09/2022,79.4700,3,0.00,22.2516,26.4900
7773,406,821,06/11/2022,04/12/2022,4.2240,3,0.20,0.4752,1.2080
7774,463,862,15/04/2022,11/05/2022,151.1920,1,0.20,13.2293,150.9920
7775,512,1543,11/08/2022,05/09/2022,2395.2000,6,0.20,209.5800,399.0000
7776,33,1375,28/05/2022,19/06/2022,10499.9700,3,0.00,5039.9860,3499.9900
7777,785,1754,18/06/2022,24/06/2022,66.9600,4,0.00,2.6784,16.7400
7778,565,643,11/12/2022,25/12/2022,88.9200,5,0.20,14.4495,17.5840
7779,449,318,07/10/2022,22/10/2022,145.7640,6,0.70,-247.7988,23.5940
7780,509,636,23/10/2022,02/11/2022,1526.5600,7,0.00,427.4368,218.0800
7781,402,387,09/06/2022,19/06/2022,4.8120,2,0.70,-3.6892,1.7060
7782,136,34,08/04/2022,25/04/2022,68.0400,6,0.00,33.3396,11.3400
7783,222,231,23/06/2022,12/07/2022,18.2640,3,0.20,6.1641,5.8880
7784,94,187,09/03/2022,14/03/2022,14.7300,3,0.00,6.9231,4.9100
7785,227,974,29/08/2022,19/09/2022,70.4480,7,0.20,12.3284,9.8640
7786,246,104,21/03/2022,24/03/2022,74.1120,8,0.20,17.6016,9.0640
7787,498,34,24/09/2022,27/09/2022,26.3800,1,0.00,12.1348,26.3800
7788,730,979,27/07/2022,26/08/2022,4.4700,3,0.80,-7.8225,0.6900
7789,407,982,17/05/2022,19/05/2022,25.9200,4,0.00,12.4416,6.4800
7790,427,1784,13/07/2022,09/08/2022,13.5920,1,0.20,-0.3398,13.3920
7791,648,1306,27/04/2022,26/05/2022,266.3520,3,0.20,-13.3176,88.5840
7792,82,182,17/12/2022,21/12/2022,20.7360,4,0.20,7.2576,4.9840
7793,354,324,15/08/2022,26/08/2022,542.9400,3,0.00,141.1644,180.9800
7794,496,1537,11/01/2022,14/01/2022,629.9300,7,0.00,296.0671,89.9900
7795,631,147,31/01/2022,04/02/2022,79.1400,3,0.00,36.4044,26.3800
7796,428,554,19/12/2022,30/12/2022,70.9700,5,0.80,-191.6190,13.3940
7797,273,954,23/07/2022,08/08/2022,98.1600,6,0.00,9.8160,16.3600
7798,615,1043,12/09/2022,18/09/2022,10.6500,3,0.00,5.0055,3.5500
7799,129,1748,19/05/2022,22/05/2022,60.8400,3,0.00,23.1192,20.2800
7800,685,998,19/06/2022,30/06/2022,30.8160,9,0.20,2.6964,3.2240
7801,583,265,06/09/2022,07/09/2022,13.8720,6,0.20,4.6818,2.1120
7802,167,992,14/03/2022,29/03/2022,30.4000,1,0.00,13.9840,30.4000
7803,316,535,14/05/2022,02/06/2022,20.3200,5,0.20,3.5560,3.8640
7804,419,1671,14/03/2022,25/03/2022,20.0160,3,0.20,5.5044,6.4720
7805,773,448,28/09/2022,03/10/2022,98.3760,3,0.20,35.6613,32.5920
7806,127,613,17/10/2022,14/11/2022,11.6100,2,0.70,-9.2880,5.1050
7807,109,1144,02/02/2022,03/03/2022,131.8800,7,0.00,55.3896,18.8400
7808,800,630,05/12/2022,22/12/2022,1133.3500,5,0.00,294.6710,226.6700
7809,32,956,23/05/2022,18/06/2022,127.7850,1,0.30,-31.0335,127.4850
7810,672,1186,04/11/2022,06/11/2022,1071.0000,9,0.00,171.3600,119.0000
7811,96,557,22/07/2022,01/08/2022,452.5500,7,0.00,22.6275,64.6500
7812,106,1762,25/02/2022,10/03/2022,343.2000,1,0.20,38.6100,343.0000
7813,460,635,02/12/2022,18/12/2022,22.9110,7,0.70,-17.5651,2.5730
7814,489,725,03/01/2022,09/01/2022,252.0000,4,0.00,93.2400,63.0000
7815,625,1021,15/06/2022,11/07/2022,10.9500,3,0.00,5.1465,3.6500
7816,18,1128,04/06/2022,28/06/2022,5.9040,2,0.20,1.9926,2.7520
7817,584,1105,13/02/2022,17/02/2022,73.9150,1,0.50,-45.8273,73.4150
7818,676,788,13/08/2022,09/09/2022,1023.3320,5,0.32,-30.0980,204.3464
7819,206,905,18/02/2022,19/02/2022,89.6960,4,0.20,33.6360,22.2240
7820,648,1124,02/02/2022,14/02/2022,199.9600,4,0.00,85.9828,49.9900
7821,799,1699,20/08/2022,19/09/2022,16.7760,3,0.20,1.6776,5.3920
7822,428,1202,25/05/2022,03/06/2022,18.8400,5,0.20,-3.5325,3.5680
7823,473,1756,25/03/2022,23/04/2022,131.9040,3,0.20,47.8152,43.7680
7824,666,768,30/09/2022,24/10/2022,67.3440,6,0.20,7.5762,11.0240
7825,553,350,12/08/2022,04/09/2022,599.9900,1,0.00,233.9961,599.9900
7826,374,1086,20/01/2022,30/01/2022,25.0600,2,0.00,11.7782,12.5300
7827,7,29,28/11/2022,01/12/2022,124.2000,3,0.20,15.5250,41.2000
7828,704,924,18/01/2022,05/02/2022,10.8900,1,0.00,2.8314,10.8900
7829,128,297,05/01/2022,07/01/2022,15.9920,1,0.20,0.9995,15.7920
7830,335,682,25/09/2022,15/10/2022,19.9800,1,0.00,9.3906,19.9800
7831,709,1220,28/02/2022,10/03/2022,217.5840,2,0.20,19.0386,108.5920
7832,344,557,10/05/2022,18/05/2022,193.9500,3,0.00,9.6975,64.6500
7833,262,981,12/11/2022,08/12/2022,16.2720,3,0.20,5.2884,5.2240
7834,112,982,10/03/2022,02/04/2022,15.5520,3,0.20,5.4432,4.9840
7835,373,1455,08/05/2022,25/05/2022,19.9200,4,0.00,6.5736,4.9800
7836,80,552,01/05/2022,31/05/2022,316.0000,4,0.00,31.6000,79.0000
7837,61,1557,20/01/2022,08/02/2022,6.4080,3,0.20,1.4418,1.9360
7838,308,1253,08/12/2022,20/12/2022,63.9400,1,0.00,24.9366,63.9400
7839,149,898,27/05/2022,22/06/2022,274.2000,10,0.00,112.4220,27.4200
7840,318,1549,21/07/2022,10/08/2022,159.7500,5,0.00,11.1825,31.9500
7841,473,1141,11/05/2022,23/05/2022,283.1400,4,0.10,72.3580,70.6850
7842,53,378,13/09/2022,14/09/2022,10.9000,1,0.00,2.8340,10.9000
7843,238,129,06/08/2022,24/08/2022,20.4400,7,0.00,9.1980,2.9200
7844,129,584,20/03/2022,08/04/2022,139.9200,2,0.00,23.7864,69.9600
7845,10,1043,10/06/2022,27/06/2022,24.8500,7,0.00,11.6795,3.5500
7846,61,1604,21/09/2022,07/10/2022,83.9000,10,0.00,20.9750,8.3900
7847,333,302,03/07/2022,24/07/2022,134.2720,8,0.20,46.9952,16.5840
7848,154,602,09/04/2022,02/05/2022,933.4080,4,0.30,-173.3472,233.0520
7849,696,725,01/06/2022,26/06/2022,151.2000,3,0.20,32.1300,50.2000
7850,360,330,14/12/2022,10/01/2023,10.3680,2,0.20,3.7584,4.9840
7851,596,1321,21/12/2022,07/01/2023,2396.4000,10,0.20,179.7300,239.4400
7852,693,1228,26/02/2022,26/03/2022,265.1700,1,0.00,47.7306,265.1700
7853,539,1061,12/08/2022,16/08/2022,396.9200,4,0.00,198.4600,99.2300
7854,319,506,21/09/2022,06/10/2022,12.8800,1,0.00,0.3864,12.8800
7855,356,137,12/08/2022,25/08/2022,8.6880,3,0.20,2.9322,2.6960
7856,549,558,09/02/2022,21/02/2022,49.5000,5,0.00,13.3650,9.9000
7857,142,96,22/10/2022,20/11/2022,77.8800,6,0.00,22.5852,12.9800
7858,767,1107,17/02/2022,05/03/2022,1145.6000,4,0.20,100.2400,286.2000
7859,14,262,02/10/2022,25/10/2022,72.5880,2,0.70,-48.3920,35.5940
7860,412,923,26/01/2022,08/02/2022,419.9440,7,0.20,52.4930,59.7920
7861,125,431,21/02/2022,25/02/2022,290.3520,3,0.20,-36.2940,96.5840
7862,463,1449,17/04/2022,02/05/2022,15.1680,2,0.20,3.7920,7.3840
7863,169,166,19/12/2022,28/12/2022,1704.5600,13,0.00,511.3680,131.1200
7864,161,438,15/01/2022,09/02/2022,234.9500,5,0.00,32.8930,46.9900
7865,116,1019,20/02/2022,13/03/2022,29.1200,4,0.00,12.5216,7.2800
7866,706,660,02/07/2022,04/07/2022,16.0000,4,0.20,5.6000,3.8000
7867,172,651,02/08/2022,24/08/2022,106.9600,2,0.00,31.0184,53.4800
7868,103,1031,14/03/2022,09/04/2022,15.8720,1,0.20,1.9840,15.6720
7869,586,1485,28/12/2022,16/01/2023,1805.8800,6,0.00,523.7052,300.9800
7870,794,519,04/12/2022,27/12/2022,142.7760,1,0.20,17.8470,142.5760
7871,467,1542,21/01/2022,16/02/2022,10.3680,2,0.20,3.6288,4.9840
7872,65,129,07/07/2022,17/07/2022,7.4100,3,0.00,3.4827,2.4700
7873,681,439,29/07/2022,21/08/2022,189.8820,3,0.40,-94.9410,62.8940
7874,465,217,14/11/2022,09/12/2022,620.6145,3,0.45,-248.2458,206.4215
7875,722,696,17/03/2022,03/04/2022,371.9700,3,0.00,66.9546,123.9900
7876,165,1705,28/08/2022,11/09/2022,210.5640,6,0.40,-52.6410,34.6940
7877,469,996,26/11/2022,26/12/2022,611.0580,3,0.30,-34.9176,203.3860
7878,663,1105,14/08/2022,21/08/2022,591.3200,4,0.00,112.3508,147.8300
7879,247,1323,19/11/2022,30/11/2022,273.0600,2,0.40,-104.6730,136.1300
7880,169,363,03/03/2022,21/03/2022,10.8600,2,0.00,5.3214,5.4300
7881,305,999,18/11/2022,25/11/2022,12.5400,3,0.00,4.5144,4.1800
7882,379,1010,29/05/2022,23/06/2022,16.7840,1,0.20,-0.2098,16.5840
7883,71,1061,03/06/2022,21/06/2022,79.3840,1,0.20,29.7690,79.1840
7884,478,175,21/02/2022,22/02/2022,119.9600,4,0.00,33.5888,29.9900
7885,607,1423,05/02/2022,24/02/2022,38.8800,6,0.00,18.6624,6.4800
7886,481,1308,16/09/2022,02/10/2022,3.2900,1,0.00,1.4805,3.2900
7887,548,1485,07/03/2022,27/03/2022,1805.8800,6,0.00,523.7052,300.9800
7888,427,608,24/10/2022,04/11/2022,9.8200,2,0.00,4.8118,4.9100
7889,65,914,05/09/2022,12/09/2022,335.5200,4,0.20,117.4320,83.6800
7890,389,157,08/06/2022,12/06/2022,2549.9850,5,0.70,-3399.9800,509.2970
7891,449,661,11/01/2022,03/02/2022,65.1700,7,0.00,18.8993,9.3100
7892,339,826,14/11/2022,18/11/2022,40.9680,3,0.20,13.8267,13.4560
7893,539,51,04/08/2022,11/08/2022,6.1600,2,0.00,2.9568,3.0800
7894,248,590,21/03/2022,24/03/2022,140.6700,3,0.00,54.8613,46.8900
7895,178,178,30/07/2022,02/08/2022,35.3600,2,0.20,-3.0940,17.4800
7896,336,350,29/04/2022,24/05/2022,2399.9600,5,0.20,569.9905,479.7920
7897,543,1595,14/09/2022,22/09/2022,470.3760,3,0.20,52.9173,156.5920
7898,334,1485,26/01/2022,24/02/2022,963.1360,4,0.20,108.3528,240.5840
7899,430,1827,11/05/2022,26/05/2022,7.7000,2,0.00,3.1570,3.8500
7900,83,1179,16/12/2022,12/01/2023,25.9200,4,0.00,12.4416,6.4800
7901,721,1784,03/09/2022,17/09/2022,13.5920,1,0.20,-0.3398,13.3920
7902,667,251,27/10/2022,19/11/2022,3.5280,1,0.20,1.1466,3.3280
7903,224,580,13/12/2022,19/12/2022,47.3600,4,0.20,17.7600,11.6400
7904,245,712,08/01/2022,22/01/2022,6.4800,1,0.00,3.1104,6.4800
7905,2,1560,03/02/2022,05/02/2022,5.7600,2,0.00,2.6496,2.8800
7906,275,372,12/01/2022,21/01/2022,230.2800,3,0.20,23.0280,76.5600
7907,303,1174,16/08/2022,15/09/2022,179.9400,2,0.40,-44.9850,89.5700
7908,474,721,14/10/2022,22/10/2022,141.9000,5,0.00,58.1790,28.3800
7909,617,1516,17/08/2022,16/09/2022,435.9990,3,0.15,20.5176,145.1830
7910,482,588,20/08/2022,31/08/2022,300.5328,2,0.32,-97.2312,149.9464
7911,18,299,04/11/2022,28/11/2022,67.7800,2,0.00,16.9450,33.8900
7912,293,479,03/10/2022,18/10/2022,108.9600,3,0.00,32.6880,36.3200
7913,368,1578,11/09/2022,01/10/2022,25.0600,2,0.00,11.7782,12.5300
7914,219,1156,03/12/2022,23/12/2022,272.8480,1,0.20,27.2848,272.6480
7915,79,497,28/08/2022,09/09/2022,22.9600,2,0.00,11.2504,11.4800
7916,64,513,29/11/2022,19/12/2022,9.3440,2,0.20,1.1680,4.4720
7917,506,1555,20/12/2022,24/12/2022,87.4000,5,0.00,34.9600,17.4800
7918,371,1027,13/11/2022,09/12/2022,33.8200,2,0.00,9.1314,16.9100
7919,729,476,18/05/2022,19/05/2022,99.3720,2,0.30,-7.0980,49.3860
7920,551,1266,28/04/2022,12/05/2022,17.7600,2,0.00,4.9728,8.8800
7921,146,177,04/01/2022,18/01/2022,10.7400,3,0.00,5.1552,3.5800
7922,391,1499,18/11/2022,15/12/2022,23.0400,3,0.20,-4.8960,7.4800
7923,755,148,10/02/2022,18/02/2022,67.4000,5,0.00,17.5240,13.4800
7924,479,1213,13/02/2022,21/02/2022,16.0600,1,0.00,4.1756,16.0600
7925,710,154,24/07/2022,04/08/2022,74.3520,3,0.20,26.9526,24.5840
7926,753,1629,14/09/2022,21/09/2022,198.7440,4,0.30,0.0000,49.3860
7927,771,33,05/08/2022,07/08/2022,49.2500,5,0.00,18.7150,9.8500
7928,413,54,27/08/2022,07/09/2022,411.9800,2,0.00,119.4742,205.9900
7929,321,407,22/09/2022,04/10/2022,647.8400,8,0.00,32.3920,80.9800
7930,182,808,10/04/2022,25/04/2022,11.6800,2,0.00,3.0368,5.8400
7931,376,214,03/07/2022,27/07/2022,48.7120,1,0.20,5.4801,48.5120
7932,117,1437,29/03/2022,09/04/2022,372.1440,3,0.20,27.9108,123.8480
7933,491,924,05/09/2022,17/09/2022,4.3560,2,0.80,-11.7612,1.3780
7934,8,1588,21/09/2022,29/09/2022,53.5680,4,0.20,19.4184,13.1920
7935,506,903,24/12/2022,17/01/2023,12.4800,2,0.00,5.6160,6.2400
7936,767,1099,19/06/2022,06/07/2022,111.0400,4,0.00,29.9808,27.7600
7937,297,1146,15/10/2022,16/10/2022,21.1200,4,0.00,9.5040,5.2800
7938,763,259,16/03/2022,13/04/2022,1298.5500,5,0.00,311.6520,259.7100
7939,611,1257,10/05/2022,25/05/2022,123.9200,5,0.20,9.2940,24.5840
7940,453,28,24/12/2022,02/01/2023,9.6180,2,0.70,-7.0532,4.1090
7941,495,986,10/04/2022,26/04/2022,149.9500,5,0.00,44.9850,29.9900
7942,20,360,30/08/2022,12/09/2022,56.9800,7,0.00,22.7920,8.1400
7943,684,152,13/12/2022,17/12/2022,29.9000,5,0.00,13.4550,5.9800
7944,309,292,06/04/2022,10/04/2022,317.0580,3,0.30,-18.1176,105.3860
7945,593,1351,16/08/2022,18/08/2022,1447.6500,5,0.00,419.8185,289.5300
7946,357,286,30/05/2022,10/06/2022,22.8480,3,0.60,-17.7072,7.0160
7947,725,68,27/05/2022,09/06/2022,189.7000,5,0.00,89.1590,37.9400
7948,353,337,07/10/2022,16/10/2022,69.2160,6,0.20,11.2476,11.3360
7949,549,32,22/09/2022,12/10/2022,15.2400,4,0.00,6.8580,3.8100
7950,705,1310,28/06/2022,09/07/2022,322.1920,13,0.20,100.6850,24.5840
7951,63,1550,08/04/2022,16/04/2022,23.6500,1,0.00,6.1490,23.6500
7952,52,435,21/07/2022,27/07/2022,79.9800,2,0.00,26.3934,39.9900
7953,143,468,10/10/2022,07/11/2022,76.5800,7,0.00,38.2900,10.9400
7954,762,1227,20/07/2022,04/08/2022,128.7440,7,0.20,12.8744,18.1920
7955,11,124,17/04/2022,25/04/2022,139.4240,4,0.20,17.4280,34.6560
7956,187,1428,19/05/2022,05/06/2022,998.8200,9,0.00,29.9646,110.9800
7957,785,424,11/09/2022,16/09/2022,37.9400,2,0.00,18.2112,18.9700
7958,346,665,24/06/2022,04/07/2022,1075.0880,14,0.20,94.0702,76.5920
7959,437,1316,18/11/2022,06/12/2022,45.3600,7,0.00,21.7728,6.4800
7960,279,1821,14/04/2022,10/05/2022,4476.8000,4,0.20,503.6400,1119.0000
7961,324,139,13/11/2022,24/11/2022,447.6960,2,0.20,33.5772,223.6480
7962,28,960,29/12/2022,07/01/2023,199.9800,2,0.00,53.9946,99.9900
7963,759,572,27/07/2022,19/08/2022,129.9200,4,0.00,5.1968,32.4800
7964,317,857,03/06/2022,18/06/2022,22.3800,2,0.00,10.7424,11.1900
7965,133,533,24/07/2022,02/08/2022,555.2100,5,0.10,178.9010,110.9420
7966,565,165,16/03/2022,22/03/2022,255.1080,6,0.30,-18.2220,42.2180
7967,717,1794,27/09/2022,01/10/2022,13.9700,1,0.00,3.6322,13.9700
7968,476,806,20/03/2022,03/04/2022,33.4400,10,0.20,11.7040,3.1440
7969,80,1146,23/01/2022,27/01/2022,26.4000,5,0.00,11.8800,5.2800
7970,285,213,14/08/2022,22/08/2022,181.7640,2,0.10,-8.0784,90.7820
7971,257,848,28/03/2022,07/04/2022,306.2000,5,0.00,0.0000,61.2400
7972,242,1094,15/10/2022,09/11/2022,53.8800,6,0.00,22.6296,8.9800
7973,715,1701,22/06/2022,17/07/2022,48.7840,4,0.80,-131.7168,11.3960
7974,569,1461,20/11/2022,08/12/2022,56.3000,2,0.00,15.7640,28.1500
7975,666,294,13/10/2022,26/10/2022,360.0000,4,0.00,129.6000,90.0000
7976,345,1323,24/12/2022,11/01/2023,136.5300,1,0.40,-52.3365,136.1300
7977,306,816,25/09/2022,18/10/2022,219.1840,2,0.20,19.1786,109.3920
7978,720,278,03/03/2022,07/03/2022,219.0750,3,0.50,-131.4450,72.5250
7979,351,1277,11/01/2022,14/01/2022,20.7360,4,0.20,7.2576,4.9840
7980,127,656,10/05/2022,08/06/2022,82.8960,3,0.20,29.0136,27.4320
7981,577,71,29/10/2022,31/10/2022,454.9650,5,0.30,-136.4895,90.6930
7982,246,1330,30/05/2022,06/06/2022,36.4000,5,0.00,17.1080,7.2800
7983,726,1418,08/07/2022,10/07/2022,64.3840,4,0.80,-160.9600,15.2960
7984,137,956,12/07/2022,08/08/2022,146.0400,1,0.20,-12.7785,145.8400
7985,216,762,29/10/2022,03/11/2022,48.8400,4,0.00,13.1868,12.2100
7986,706,231,16/04/2022,11/05/2022,18.2640,3,0.20,6.1641,5.8880
7987,584,968,23/12/2022,20/01/2023,8.6080,2,0.20,3.0128,4.1040
7988,374,1511,05/01/2022,08/01/2022,474.9500,5,0.00,142.4850,94.9900
7989,677,552,13/07/2022,15/07/2022,395.0000,5,0.00,39.5000,79.0000
7990,576,1058,05/12/2022,10/12/2022,99.3000,10,0.00,41.7060,9.9300
7991,245,130,10/09/2022,21/09/2022,16.0320,3,0.20,5.6112,5.1440
7992,546,213,18/02/2022,20/03/2022,181.7640,2,0.10,-8.0784,90.7820
7993,40,648,30/11/2022,23/12/2022,1983.9680,4,0.20,247.9960,495.7920
7994,566,1422,16/01/2022,02/02/2022,25.6800,6,0.00,11.5560,4.2800
7995,70,964,16/07/2022,17/07/2022,18.8400,3,0.00,7.1592,6.2800
7996,306,704,10/08/2022,26/08/2022,23.8800,6,0.00,8.1192,3.9800
7997,442,621,07/11/2022,17/11/2022,7.5200,5,0.20,2.6320,1.3040
7998,525,1333,26/11/2022,30/11/2022,12.9600,2,0.00,6.2208,6.4800
7999,671,817,20/05/2022,27/05/2022,9.2480,2,0.20,3.3524,4.4240
8000,434,862,24/06/2022,23/07/2022,1322.9300,7,0.00,357.1911,188.9900
8001,650,304,19/05/2022,02/06/2022,31.0860,3,0.70,-20.7240,9.6620
8002,33,40,10/02/2022,03/03/2022,371.1680,4,0.20,41.7564,92.5920
8003,446,1501,01/08/2022,03/08/2022,35.1200,2,0.20,13.1700,17.3600
8004,588,1492,06/03/2022,31/03/2022,9.8100,5,0.70,-6.8670,1.2620
8005,214,122,12/01/2022,16/01/2022,1441.3000,7,0.00,245.0210,205.9000
8006,529,888,27/02/2022,26/03/2022,286.7900,7,0.00,74.5654,40.9700
8007,459,1159,23/09/2022,27/09/2022,50.4960,6,0.20,8.2056,8.2160
8008,372,435,09/10/2022,21/10/2022,63.9840,2,0.20,10.3974,31.7920
8009,380,1442,23/05/2022,24/05/2022,327.5640,4,0.10,21.8376,81.7910
8010,169,275,26/08/2022,14/09/2022,94.8500,5,0.00,45.5280,18.9700
8011,756,946,02/12/2022,29/12/2022,14.3520,3,0.20,5.0232,4.5840
8012,787,1820,29/12/2022,09/01/2023,26.7200,1,0.00,11.7568,26.7200
8013,598,418,01/08/2022,08/08/2022,166.4400,3,0.00,79.8912,55.4800
8014,206,466,01/09/2022,11/09/2022,15.1400,1,0.00,0.6056,15.1400
8015,255,364,28/03/2022,25/04/2022,358.5800,2,0.00,39.4438,179.2900
8016,535,419,25/04/2022,09/05/2022,272.7360,3,0.20,-64.7748,90.7120
8017,584,121,01/07/2022,13/07/2022,2001.8600,7,0.00,580.5394,285.9800
8018,558,899,12/01/2022,17/01/2022,720.0640,4,0.20,-63.0056,179.8160
8019,448,371,11/12/2022,08/01/2023,95.9200,8,0.00,25.8984,11.9900
8020,221,1113,04/07/2022,24/07/2022,10.4300,5,0.80,-18.2525,1.2860
8021,249,36,07/09/2022,23/09/2022,286.3800,3,0.00,83.0502,95.4600
8022,67,1163,15/06/2022,30/06/2022,1793.9800,2,0.00,843.1706,896.9900
8023,461,1546,16/06/2022,26/06/2022,64.7040,6,0.20,-4.8528,10.5840
8024,243,1033,29/04/2022,25/05/2022,496.8600,7,0.00,24.8430,70.9800
8025,682,854,11/09/2022,14/09/2022,109.4800,2,0.00,33.9388,54.7400
8026,626,1038,13/08/2022,31/08/2022,71.9760,3,0.20,0.8997,23.7920
8027,248,896,01/07/2022,02/07/2022,1099.9600,5,0.20,82.4970,219.7920
8028,233,1097,16/11/2022,12/12/2022,542.9400,3,0.00,152.0232,180.9800
8029,233,746,09/08/2022,05/09/2022,12.9600,2,0.00,6.2208,6.4800
8030,678,2,08/12/2022,26/12/2022,1951.8400,8,0.00,585.5520,243.9800
8031,676,1118,30/12/2022,14/01/2023,28.9900,1,0.00,8.4071,28.9900
8032,740,1185,11/10/2022,08/11/2022,5.2480,4,0.20,1.6400,1.1120
8033,462,918,11/05/2022,30/05/2022,3.3040,1,0.20,1.1151,3.1040
8034,473,1519,24/12/2022,19/01/2023,113.5680,2,0.20,12.7764,56.5840
8035,353,1443,05/07/2022,12/07/2022,18.7000,1,0.00,7.1060,18.7000
8036,361,393,29/04/2022,21/05/2022,584.8200,9,0.00,70.1784,64.9800
8037,354,1765,08/12/2022,09/12/2022,41.8600,7,0.00,18.8370,5.9800
8038,84,406,05/12/2022,10/12/2022,63.8800,4,0.00,24.9132,15.9700
8039,558,833,03/04/2022,12/04/2022,464.2920,9,0.40,-108.3348,51.1880
8040,44,228,17/11/2022,08/12/2022,39.9000,5,0.00,19.9500,7.9800
8041,89,1440,21/09/2022,17/10/2022,5.9520,1,0.20,0.3720,5.7520
8042,439,501,26/03/2022,17/04/2022,7.9200,2,0.20,0.6930,3.7600
8043,86,1633,24/08/2022,06/09/2022,3.3600,2,0.00,0.8736,1.6800
8044,558,1096,23/03/2022,30/03/2022,341.9600,2,0.00,54.7136,170.9800
8045,650,733,08/01/2022,09/01/2022,21.3360,7,0.20,7.7343,2.8480
8046,131,11,23/12/2022,11/01/2023,142.1820,1,0.40,-37.9152,141.7820
8047,225,1729,02/07/2022,17/07/2022,1640.7000,5,0.00,459.3960,328.1400
8048,139,246,07/01/2022,14/01/2022,57.5760,3,0.20,21.5910,18.9920
8049,605,507,14/10/2022,28/10/2022,105.5840,2,0.20,9.2386,52.5920
8050,76,918,08/04/2022,29/04/2022,26.4320,8,0.20,8.9208,3.1040
8051,481,80,08/05/2022,24/05/2022,35.7600,12,0.00,10.0128,2.9800
8052,798,419,28/06/2022,12/07/2022,795.4800,7,0.00,7.9548,113.6400
8053,355,943,17/02/2022,02/03/2022,13.4800,2,0.00,6.7400,6.7400
8054,184,1103,25/05/2022,10/06/2022,258.9000,10,0.00,93.2040,25.8900
8055,327,1324,22/12/2022,28/12/2022,1.6800,5,0.80,-2.6880,-0.4640
8056,254,992,07/08/2022,24/08/2022,18.2400,3,0.80,-31.0080,5.2800
8057,580,121,16/04/2022,16/05/2022,915.1360,4,0.20,102.9528,228.5840
8058,700,860,13/06/2022,18/06/2022,11.5600,4,0.00,5.4332,2.8900
8059,738,1277,11/01/2022,30/01/2022,31.1040,6,0.20,10.8864,4.9840
8060,289,292,19/12/2022,07/01/2023,362.3520,3,0.20,27.1764,120.5840
8061,457,146,19/10/2022,25/10/2022,6.6720,1,0.20,2.0850,6.4720
8062,639,1394,20/06/2022,23/06/2022,23.8800,6,0.00,11.2236,3.9800
8063,596,369,28/08/2022,09/09/2022,70.9800,1,0.00,4.9686,70.9800
8064,749,992,12/03/2022,13/03/2022,48.6400,2,0.20,15.8080,24.1200
8065,684,1759,17/04/2022,05/05/2022,15.6240,2,0.80,-24.9984,7.0120
8066,399,348,02/08/2022,18/08/2022,43.8000,6,0.00,20.5860,7.3000
8067,68,196,17/04/2022,18/04/2022,52.7920,1,0.20,4.6193,52.5920
8068,328,608,23/11/2022,26/11/2022,9.8200,2,0.00,4.8118,4.9100
8069,308,581,21/01/2022,26/01/2022,48.8480,2,0.20,15.8756,24.2240
8070,702,1248,12/09/2022,24/09/2022,19.7520,3,0.20,6.9132,6.3840
8071,283,1312,03/09/2022,09/09/2022,211.2480,6,0.20,15.8436,35.0080
8072,533,649,19/07/2022,14/08/2022,279.9440,7,0.20,48.9902,39.7920
8073,9,404,11/10/2022,04/11/2022,21.0720,3,0.20,1.5804,6.8240
8074,788,990,30/04/2022,01/05/2022,146.6880,6,0.20,55.0080,24.2480
8075,590,728,15/09/2022,17/09/2022,28.1600,4,0.00,13.2352,7.0400
8076,69,1639,17/01/2022,01/02/2022,43.9360,4,0.20,6.0412,10.7840
8077,528,893,04/11/2022,08/11/2022,209.9790,7,0.70,-356.9643,29.2970
8078,111,158,12/07/2022,19/07/2022,275.9280,3,0.20,-58.6347,91.7760
8079,220,1584,26/04/2022,04/05/2022,51.8970,1,0.70,-41.5176,51.1970
8080,351,214,11/05/2022,28/05/2022,182.6700,3,0.00,52.9743,60.8900
8081,785,165,24/07/2022,02/08/2022,182.2200,3,0.00,45.5550,60.7400
8082,690,1375,01/07/2022,10/07/2022,17499.9500,5,0.00,8399.9760,3499.9900
8083,10,917,25/11/2022,27/11/2022,34.7000,5,0.00,12.4920,6.9400
8084,68,513,25/12/2022,01/01/2023,28.0320,6,0.20,3.5040,4.4720
8085,445,34,28/05/2022,20/06/2022,21.4000,5,0.00,9.6300,4.2800
8086,211,740,28/02/2022,28/03/2022,3.1680,2,0.80,-4.7520,0.7840
8087,587,1276,22/11/2022,15/12/2022,12.9600,2,0.00,6.3504,6.4800
8088,800,984,05/12/2022,20/12/2022,39.9600,4,0.00,17.9820,9.9900
8089,522,160,08/01/2022,03/02/2022,32.0640,6,0.20,6.8136,5.1440
8090,184,50,20/08/2022,21/08/2022,50.1200,4,0.00,23.5564,12.5300
8091,545,379,13/10/2022,15/10/2022,866.4000,4,0.00,225.2640,216.6000
8092,624,83,23/06/2022,30/06/2022,76.7920,1,0.20,-16.3183,76.5920
8093,126,1570,11/03/2022,20/03/2022,563.4300,5,0.30,-56.3430,112.3860
8094,403,1171,26/01/2022,19/02/2022,273.8960,7,0.20,92.4399,38.9280
8095,47,201,06/02/2022,23/02/2022,1628.8200,9,0.00,374.6286,180.9800
8096,420,969,21/06/2022,28/06/2022,15.5520,3,0.20,5.4432,4.9840
8097,583,704,06/03/2022,12/03/2022,12.7360,4,0.20,2.2288,2.9840
8098,400,1690,14/11/2022,06/12/2022,85.0560,3,0.20,28.7064,28.1520
8099,688,913,07/08/2022,30/08/2022,17.4300,1,0.70,-13.3630,16.7300
8100,103,1594,29/11/2022,01/12/2022,119.8330,1,0.15,7.0490,119.6830
8101,414,999,07/07/2022,24/07/2022,20.9000,5,0.00,7.5240,4.1800
8102,156,457,18/10/2022,24/10/2022,959.9840,2,0.20,311.9948,479.7920
8103,303,328,16/05/2022,27/05/2022,7.3600,2,0.00,0.1472,3.6800
8104,388,974,01/04/2022,26/04/2022,70.4480,7,0.20,12.3284,9.8640
8105,24,1173,13/01/2022,21/01/2022,9.2160,4,0.20,3.3408,2.1040
8106,294,1034,28/05/2022,04/06/2022,71.6000,8,0.00,13.6040,8.9500
8107,405,518,23/03/2022,17/04/2022,617.9700,3,0.00,160.6722,205.9900
8108,725,163,17/12/2022,16/01/2023,62.8200,9,0.00,29.5254,6.9800
8109,568,1551,29/09/2022,03/10/2022,12.3900,3,0.00,3.4692,4.1300
8110,570,1124,05/11/2022,02/12/2022,99.9800,2,0.00,42.9914,49.9900
8111,731,498,24/01/2022,27/01/2022,5.7920,2,0.80,-9.5568,2.0960
8112,377,1232,25/06/2022,04/07/2022,168.6240,9,0.20,14.7546,18.5360
8113,619,1548,14/09/2022,13/10/2022,223.9200,4,0.00,109.7208,55.9800
8114,678,1590,03/07/2022,05/07/2022,364.7040,6,0.20,-36.4704,60.5840
8115,732,19,23/12/2022,27/12/2022,17.1200,4,0.00,4.9648,4.2800
8116,442,123,04/02/2022,05/02/2022,6.3680,2,0.20,2.1492,2.9840
8117,105,1571,18/06/2022,19/06/2022,6.9120,3,0.20,2.3328,2.1040
8118,693,649,17/10/2022,30/10/2022,79.9840,2,0.20,13.9972,39.7920
8119,272,785,26/03/2022,04/04/2022,9.1560,3,0.80,-13.7340,2.2520
8120,690,1487,02/12/2022,18/12/2022,588.7840,2,0.20,183.9950,294.1920
8121,181,34,18/12/2022,20/12/2022,106.3200,3,0.00,49.9704,35.4400
8122,542,1401,28/03/2022,03/04/2022,31.0080,1,0.20,11.2404,30.8080
8123,219,834,14/04/2022,29/04/2022,286.9300,7,0.00,140.5957,40.9900
8124,423,971,27/11/2022,19/12/2022,419.4000,4,0.00,201.3120,104.8500
8125,759,1192,15/09/2022,05/10/2022,6.3800,1,0.00,2.9348,6.3800
8126,296,1486,28/03/2022,05/04/2022,4799.9840,2,0.20,359.9988,2399.7920
8127,60,1066,09/12/2022,29/12/2022,219.1680,2,0.20,-43.8336,109.3840
8128,658,363,22/02/2022,18/03/2022,48.8700,9,0.00,23.9463,5.4300
8129,17,528,10/01/2022,29/01/2022,34.7900,7,0.00,10.7849,4.9700
8130,372,939,11/03/2022,21/03/2022,37.5200,4,0.00,18.0096,9.3800
8131,177,353,13/07/2022,26/07/2022,74.9400,3,0.00,14.2386,24.9800
8132,590,1161,19/01/2022,04/02/2022,185.8800,6,0.00,83.6460,30.9800
8133,724,163,13/01/2022,29/01/2022,11.1680,2,0.20,3.7692,5.3840
8134,466,1563,15/03/2022,24/03/2022,31.7440,2,0.20,8.3328,15.6720
8135,577,131,23/10/2022,26/10/2022,56.7040,2,0.20,19.1376,28.1520
8136,544,571,10/07/2022,27/07/2022,4.7840,1,0.20,1.5548,4.5840
8137,654,209,19/06/2022,16/07/2022,67.9200,5,0.20,6.7920,13.3840
8138,580,545,30/09/2022,27/10/2022,2.8920,2,0.70,-2.3136,0.7460
8139,119,179,29/11/2022,26/12/2022,49.6320,4,0.20,4.9632,12.2080
8140,488,309,07/08/2022,26/08/2022,4.3380,3,0.70,-3.0366,0.7460
8141,233,1809,11/04/2022,23/04/2022,315.2000,4,0.00,6.3040,78.8000
8142,607,486,09/10/2022,18/10/2022,10.8240,3,0.20,2.5707,3.4080
8143,270,1197,23/11/2022,23/12/2022,863.9280,9,0.20,86.3928,95.7920
8144,755,1330,06/04/2022,27/04/2022,36.4000,5,0.00,17.1080,7.2800
8145,385,333,06/06/2022,11/06/2022,57.7500,5,0.00,16.1700,11.5500
8146,38,1652,20/11/2022,14/12/2022,9.3440,2,0.20,1.8688,4.4720
8147,585,906,16/05/2022,22/05/2022,199.7640,2,0.10,8.8784,99.7820
8148,551,904,19/12/2022,03/01/2023,51.1680,2,0.20,-6.3960,25.3840
8149,677,1227,23/10/2022,25/10/2022,128.7440,7,0.20,12.8744,18.1920
8150,496,1379,02/05/2022,07/05/2022,4.9280,2,0.20,0.7392,2.2640
8151,625,472,11/10/2022,24/10/2022,31.4400,3,0.00,8.4888,10.4800
8152,344,126,28/11/2022,26/12/2022,159.0400,5,0.60,-194.8240,31.2080
8153,59,1289,16/07/2022,15/08/2022,14.3520,3,0.20,5.2026,4.5840
8154,669,48,09/12/2022,06/01/2023,21.8000,2,0.00,6.1040,10.9000
8155,481,409,25/10/2022,16/11/2022,103.9200,4,0.00,36.3720,25.9800
8156,662,924,09/05/2022,13/05/2022,4.3560,2,0.80,-11.7612,1.3780
8157,553,220,27/10/2022,19/11/2022,15.8400,3,0.00,7.1280,5.2800
8158,675,1451,28/06/2022,17/07/2022,123.1360,4,0.20,13.8528,30.5840
8159,612,1111,22/09/2022,26/09/2022,36.6000,3,0.00,15.3720,12.2000
8160,771,226,09/09/2022,09/10/2022,10.1100,3,0.00,3.2352,3.3700
8161,460,85,04/03/2022,25/03/2022,47.9760,3,0.20,8.3958,15.7920
8162,370,1203,27/12/2022,14/01/2023,58.9240,1,0.80,-153.2024,58.1240
8163,462,468,27/11/2022,23/12/2022,52.5120,6,0.20,19.6920,8.5520
8164,737,967,25/07/2022,04/08/2022,124.4040,4,0.30,-21.3264,30.8010
8165,441,1316,21/09/2022,09/10/2022,32.4000,5,0.00,15.5520,6.4800
8166,759,1525,07/08/2022,06/09/2022,16.4480,2,0.20,5.5512,8.0240
8167,57,636,10/09/2022,09/10/2022,872.3200,4,0.00,244.2496,218.0800
8168,75,736,22/10/2022,30/10/2022,629.0640,3,0.20,31.4532,209.4880
8169,167,373,25/09/2022,18/10/2022,40.4600,7,0.00,19.8254,5.7800
8170,778,1244,30/01/2022,26/02/2022,84.9500,5,0.00,22.0870,16.9900
8171,451,1523,23/09/2022,13/10/2022,384.1740,7,0.10,29.8802,54.7820
8172,594,1370,23/12/2022,22/01/2023,9.9600,2,0.00,4.8804,4.9800
8173,454,1484,25/04/2022,19/05/2022,203.9760,3,0.20,25.4970,67.7920
8174,797,496,29/06/2022,17/07/2022,311.9800,2,0.00,93.5940,155.9900
8175,253,947,08/06/2022,30/06/2022,94.2000,6,0.00,23.5500,15.7000
8176,608,1107,10/08/2022,16/08/2022,1432.0000,5,0.20,125.3000,286.2000
8177,135,1508,15/11/2022,23/11/2022,464.9700,3,0.00,209.2365,154.9900
8178,20,314,24/05/2022,18/06/2022,15.5520,3,0.20,2.3328,4.9840
8179,417,896,05/12/2022,19/12/2022,824.9700,3,0.00,214.4922,274.9900
8180,689,694,24/06/2022,13/07/2022,82.6560,9,0.20,30.9960,8.9840
8181,240,1401,19/04/2022,07/05/2022,31.0080,1,0.20,11.2404,30.8080
8182,390,1751,17/09/2022,29/09/2022,71.9760,3,0.20,24.2919,23.7920
8183,568,1459,11/03/2022,03/04/2022,5.0400,3,0.00,0.2016,1.6800
8184,105,552,17/10/2022,09/11/2022,442.4000,7,0.20,-55.3000,63.0000
8185,738,881,23/03/2022,09/04/2022,387.7200,5,0.20,-67.8510,77.3440
8186,451,1553,14/07/2022,02/08/2022,6.4800,1,0.00,3.1752,6.4800
8187,253,1162,16/05/2022,12/06/2022,46.2000,5,0.20,5.7750,9.0400
8188,205,697,05/01/2022,08/01/2022,35.3520,9,0.20,12.8151,3.7280
8189,779,1344,17/01/2022,04/02/2022,35.8800,6,0.00,16.1460,5.9800
8190,760,304,11/12/2022,20/12/2022,31.0860,3,0.70,-20.7240,9.6620
8191,511,1384,14/01/2022,13/02/2022,5.1840,1,0.20,1.8144,4.9840
8192,392,665,03/07/2022,01/08/2022,287.9700,3,0.00,77.7519,95.9900
8193,263,842,10/09/2022,16/09/2022,715.6400,2,0.00,178.9100,357.8200
8194,800,1076,05/04/2022,22/04/2022,26.4000,5,0.00,12.6720,5.2800
8195,197,754,28/02/2022,23/03/2022,43.7000,5,0.00,20.5390,8.7400
8196,750,98,14/01/2022,07/02/2022,239.9400,6,0.00,26.3934,39.9900
8197,449,432,09/07/2022,18/07/2022,279.9600,5,0.20,17.4975,55.7920
8198,63,1735,04/08/2022,24/08/2022,275.0580,3,0.30,-90.3762,91.3860
8199,743,241,16/10/2022,09/11/2022,328.2240,4,0.20,28.7196,81.8560
8200,377,1756,26/05/2022,27/05/2022,109.9200,2,0.00,53.8608,54.9600
8201,463,625,06/10/2022,12/10/2022,51.1840,7,0.20,19.1940,7.1120
8202,602,130,15/10/2022,25/10/2022,5.3440,1,0.20,1.8704,5.1440
8203,734,885,09/03/2022,07/04/2022,79.9200,4,0.00,34.3656,19.9800
8204,665,1181,21/07/2022,03/08/2022,155.4560,4,0.20,-7.7728,38.6640
8205,426,710,21/07/2022,13/08/2022,36.6720,2,0.20,11.4600,18.1360
8206,220,261,04/04/2022,09/04/2022,20.7360,4,0.20,7.2576,4.9840
8207,379,937,05/12/2022,09/12/2022,44.6700,3,0.00,12.0609,14.8900
8208,370,1696,30/12/2022,11/01/2023,4.2000,2,0.00,1.1760,2.1000
8209,742,1052,14/12/2022,12/01/2023,51.9800,2,0.00,15.0742,25.9900
8210,67,1189,15/07/2022,14/08/2022,3.6560,4,0.80,-5.8496,0.1140
8211,580,101,13/03/2022,06/04/2022,99.5400,2,0.00,10.9494,49.7700
8212,374,1125,21/06/2022,25/06/2022,55.9440,7,0.20,-13.2867,7.7920
8213,329,1274,02/02/2022,04/03/2022,999.9600,4,0.00,229.9908,249.9900
8214,411,1346,08/02/2022,26/02/2022,8187.6500,5,0.00,327.5060,1637.5300
8215,642,638,19/03/2022,20/03/2022,266.3520,3,0.20,13.3176,88.5840
8216,710,1368,10/09/2022,11/09/2022,1202.9400,3,0.00,300.7350,400.9800
8217,554,39,15/02/2022,21/02/2022,212.0580,3,0.30,-15.1470,70.3860
8218,528,95,05/11/2022,08/11/2022,64.1400,3,0.00,30.7872,21.3800
8219,285,1722,05/09/2022,23/09/2022,318.9600,9,0.00,149.9112,35.4400
8220,602,263,16/12/2022,25/12/2022,240.3700,1,0.00,7.2111,240.3700
8221,78,499,02/07/2022,26/07/2022,32.4000,5,0.00,15.5520,6.4800
8222,305,1341,01/05/2022,13/05/2022,85.5200,2,0.00,22.2352,42.7600
8223,338,1702,25/07/2022,10/08/2022,8.4480,2,0.20,2.9568,4.0240
8224,725,973,10/02/2022,02/03/2022,334.7680,7,0.20,108.7996,47.6240
8225,397,256,24/09/2022,16/10/2022,31.0500,3,0.00,14.9040,10.3500
8226,223,1405,11/09/2022,02/10/2022,302.3760,3,0.20,37.7970,100.5920
8227,174,1144,05/12/2022,17/12/2022,60.2880,8,0.60,-27.1296,6.9360
8228,582,1388,11/06/2022,29/06/2022,539.9700,3,0.00,134.9925,179.9900
8229,269,803,10/04/2022,23/04/2022,1.4480,1,0.20,0.2353,1.2480
8230,625,803,06/12/2022,20/12/2022,2.8960,2,0.20,0.4706,1.2480
8231,118,608,25/08/2022,24/09/2022,29.4600,6,0.00,14.4354,4.9100
8232,238,1058,13/11/2022,15/11/2022,49.6500,5,0.00,20.8530,9.9300
8233,69,667,17/08/2022,23/08/2022,88.0400,5,0.20,6.6030,17.4080
8234,407,915,13/11/2022,21/11/2022,4.1580,7,0.70,-3.4650,-0.1060
8235,660,69,30/08/2022,04/09/2022,5.1930,3,0.70,-3.4620,1.0310
8236,433,1073,23/01/2022,19/02/2022,109.9200,2,0.00,53.8608,54.9600
8237,80,1111,26/07/2022,30/07/2022,24.4000,2,0.00,10.2480,12.2000
8238,557,1335,26/12/2022,06/01/2023,451.1360,4,0.20,-67.6704,112.5840
8239,19,551,20/02/2022,08/03/2022,37.6800,2,0.00,10.5504,18.8400
8240,162,1563,15/03/2022,06/04/2022,119.0400,6,0.00,48.8064,19.8400
8241,577,561,03/02/2022,05/03/2022,39.9600,5,0.60,-23.9760,7.3920
8242,523,650,07/03/2022,12/03/2022,5.7600,2,0.00,1.6128,2.8800
8243,101,1147,13/12/2022,16/12/2022,146.7300,3,0.00,68.9631,48.9100
8244,243,1711,12/07/2022,22/07/2022,51.8400,8,0.00,24.8832,6.4800
8245,293,990,03/04/2022,28/04/2022,146.6880,6,0.20,55.0080,24.2480
8246,607,23,12/06/2022,24/06/2022,60.3400,7,0.00,15.6884,8.6200
8247,93,18,03/10/2022,25/10/2022,88.8000,4,0.20,-2.2200,22.0000
8248,675,307,21/12/2022,08/01/2023,1439.9760,4,0.40,191.9968,359.5940
8249,650,1419,25/03/2022,10/04/2022,2.9700,3,0.00,1.3365,0.9900
8250,591,1442,23/07/2022,07/08/2022,272.9700,3,0.00,43.6752,90.9900
8251,259,1474,12/08/2022,08/09/2022,44.3840,1,0.20,15.5344,44.1840
8252,534,617,20/05/2022,12/06/2022,366.0090,3,0.30,-47.0583,121.7030
8253,658,955,16/07/2022,12/08/2022,3.2040,2,0.70,-2.5632,0.9020
8254,496,1535,01/11/2022,07/11/2022,821.9400,6,0.00,213.7044,136.9900
8255,195,76,17/02/2022,18/02/2022,79.4500,7,0.00,22.2460,11.3500
8256,124,154,30/12/2022,14/01/2023,9.3440,1,0.20,3.5040,9.1440
8257,289,1600,27/12/2022,13/01/2023,44.7600,3,0.20,14.5470,14.7200
8258,88,564,01/07/2022,09/07/2022,14.6700,3,0.00,3.9609,4.8900
8259,638,1284,11/12/2022,14/12/2022,17.4800,5,0.20,1.3110,3.2960
8260,50,407,19/02/2022,13/03/2022,129.5680,2,0.20,-24.2940,64.5840
8261,19,1404,23/09/2022,14/10/2022,51.9680,2,0.20,10.3936,25.7840
8262,69,853,26/02/2022,03/03/2022,25.3200,5,0.20,9.1785,4.8640
8263,741,292,30/04/2022,16/05/2022,241.5680,2,0.20,18.1176,120.5840
8264,617,1533,21/05/2022,28/05/2022,193.0656,4,0.32,-19.8744,47.9464
8265,507,1533,11/01/2022,15/01/2022,354.9000,5,0.00,88.7250,70.9800
8266,458,1326,24/10/2022,23/11/2022,232.8800,4,0.00,60.5488,58.2200
8267,171,756,20/07/2022,07/08/2022,2.5020,3,0.70,-2.0016,0.1340
8268,82,1078,27/11/2022,28/11/2022,9.2640,3,0.80,-13.8960,2.2880
8269,263,1105,10/07/2022,03/08/2022,73.9150,1,0.50,-45.8273,73.4150
8270,408,27,18/03/2022,13/04/2022,4228.7040,6,0.20,158.5764,704.5840
8271,728,969,25/07/2022,29/07/2022,20.7360,4,0.20,7.2576,4.9840
8272,712,285,23/10/2022,06/11/2022,408.4220,2,0.30,-5.8346,203.9110
8273,183,1442,10/04/2022,19/04/2022,191.0790,3,0.30,-38.2158,63.3930
8274,704,1609,17/04/2022,26/04/2022,101.9400,6,0.00,21.4074,16.9900
8275,315,8,24/05/2022,05/06/2022,604.7680,4,0.20,60.4768,150.9920
8276,192,448,08/01/2022,11/01/2022,32.7920,1,0.20,11.8871,32.5920
8277,321,1311,11/09/2022,27/09/2022,54.7120,7,0.20,11.6263,7.6160
8278,423,1488,13/01/2022,01/02/2022,25.9000,5,0.00,12.6910,5.1800
8279,636,1722,27/06/2022,10/07/2022,318.9600,9,0.00,149.9112,35.4400
8280,290,1758,21/05/2022,28/05/2022,27.2000,4,0.20,2.0400,6.6000
8281,313,804,07/11/2022,01/12/2022,55.4700,5,0.70,-46.2250,10.3940
8282,345,904,25/02/2022,03/03/2022,102.3360,4,0.20,-12.7920,25.3840
8283,155,700,01/10/2022,24/10/2022,8.1340,7,0.80,-13.8278,0.3620
8284,110,1719,09/04/2022,29/04/2022,13.0400,4,0.00,5.7376,3.2600
8285,31,736,10/01/2022,12/01/2022,550.4310,3,0.30,-47.1798,183.1770
8286,664,1251,27/01/2022,23/02/2022,32.4320,2,0.20,3.2432,16.0160
8287,200,770,17/10/2022,08/11/2022,6.9800,1,0.00,3.3504,6.9800
8288,22,1043,21/04/2022,07/05/2022,14.2000,4,0.00,6.6740,3.5500
8289,691,1359,20/02/2022,15/03/2022,1406.8600,7,0.00,140.6860,200.9800
8290,191,967,05/01/2022,03/02/2022,53.3160,2,0.40,-19.5492,26.2580
8291,780,901,01/03/2022,26/03/2022,30.8280,7,0.70,-24.6624,3.7040
8292,770,535,13/01/2022,26/01/2022,35.5600,7,0.00,12.0904,5.0800
8293,265,537,13/11/2022,13/12/2022,3.0480,1,0.20,1.0287,2.8480
8294,638,790,31/07/2022,28/08/2022,129.9200,4,0.00,38.9760,32.4800
8295,540,1163,29/05/2022,01/06/2022,1345.4850,5,0.70,-1031.5385,268.3970
8296,554,181,24/07/2022,26/07/2022,23.9200,2,0.00,6.6976,11.9600
8297,72,617,26/05/2022,19/06/2022,244.0060,2,0.30,-31.3722,121.7030
8298,404,655,19/03/2022,20/03/2022,561.5840,2,0.20,70.1980,280.5920
8299,300,187,14/11/2022,04/12/2022,4.4190,3,0.70,-3.3879,0.7730
8300,387,364,23/07/2022,09/08/2022,215.1480,2,0.40,-103.9882,107.1740
8301,267,230,05/03/2022,23/03/2022,844.1160,6,0.30,-36.1764,140.3860
8302,136,925,13/06/2022,02/07/2022,161.5680,2,0.20,-8.0784,80.5840
8303,333,1809,10/12/2022,14/12/2022,315.2000,4,0.00,6.3040,78.8000
8304,760,639,17/05/2022,29/05/2022,818.3760,3,0.20,51.1485,272.5920
8305,171,107,30/11/2022,09/12/2022,339.9600,4,0.00,122.3856,84.9900
8306,569,18,29/06/2022,09/07/2022,55.5000,2,0.00,9.9900,27.7500
8307,420,399,12/05/2022,31/05/2022,59.5200,3,0.00,15.4752,19.8400
8308,103,110,13/06/2022,29/06/2022,2.7240,2,0.70,-1.9068,0.6620
8309,773,700,12/05/2022,15/05/2022,12.2010,7,0.70,-9.7608,1.0430
8310,89,513,05/05/2022,16/05/2022,14.0160,3,0.20,1.7520,4.4720
8311,163,596,28/09/2022,29/09/2022,296.3700,3,0.00,80.0199,98.7900
8312,69,202,17/10/2022,27/10/2022,3080.0000,7,0.00,1416.8000,440.0000
8313,620,242,16/06/2022,04/07/2022,239.7000,6,0.00,105.4680,39.9500
8314,158,595,22/05/2022,31/05/2022,1652.9400,3,0.00,231.4116,550.9800
8315,306,1419,18/10/2022,24/10/2022,1.9800,2,0.00,0.8910,0.9900
8316,229,435,24/06/2022,19/07/2022,63.9840,2,0.20,10.3974,31.7920
8317,747,1010,13/06/2022,20/06/2022,41.9600,2,0.00,7.9724,20.9800
8318,230,154,25/06/2022,05/07/2022,74.3520,3,0.20,26.9526,24.5840
8319,76,587,28/08/2022,13/09/2022,83.4200,2,0.00,24.1918,41.7100
8320,647,1631,20/01/2022,21/01/2022,94.4280,3,0.60,-42.4926,30.8760
8321,705,850,28/09/2022,13/10/2022,195.1840,1,0.20,19.5184,194.9840
8322,336,1220,12/06/2022,16/06/2022,217.5840,2,0.20,19.0386,108.5920
8323,302,488,13/01/2022,14/01/2022,18.2400,3,0.00,6.2016,6.0800
8324,192,277,23/02/2022,11/03/2022,91.3920,8,0.20,29.7024,11.2240
8325,120,1241,12/02/2022,03/03/2022,11.8080,2,0.20,1.3284,5.7040
8326,566,306,01/02/2022,02/03/2022,3.5640,2,0.70,-2.9700,1.0820
8327,648,477,09/11/2022,02/12/2022,468.9000,6,0.00,206.3160,78.1500
8328,148,302,14/12/2022,25/12/2022,50.3520,3,0.20,17.6232,16.5840
8329,290,1240,19/01/2022,01/02/2022,94.9200,4,0.40,15.8200,23.3300
8330,512,319,26/01/2022,17/02/2022,6.6080,2,0.20,2.1476,3.1040
8331,202,819,11/05/2022,05/06/2022,25.5600,5,0.70,-20.4480,4.4120
8332,557,394,25/10/2022,23/11/2022,118.2500,5,0.00,34.2925,23.6500
8333,727,1595,13/03/2022,11/04/2022,156.7920,1,0.20,17.6391,156.5920
8334,410,1117,10/03/2022,03/04/2022,16.4500,5,0.00,7.5670,3.2900
8335,195,950,19/11/2022,28/11/2022,29.6000,4,0.00,13.3200,7.4000
8336,724,1737,06/04/2022,25/04/2022,455.9700,6,0.50,-218.8656,75.4950
8337,702,875,17/04/2022,18/04/2022,21.3600,5,0.20,7.2090,4.0720
8338,438,166,20/02/2022,10/03/2022,52.4480,2,0.80,-131.1200,25.4240
8339,699,893,20/09/2022,08/10/2022,254.9745,3,0.15,11.9988,84.8415
8340,345,330,23/09/2022,16/10/2022,32.4000,5,0.00,15.8760,6.4800
8341,587,407,21/03/2022,12/04/2022,647.8400,8,0.00,32.3920,80.9800
8342,430,491,06/06/2022,13/06/2022,58.3200,9,0.00,27.9936,6.4800
8343,385,1030,26/06/2022,09/07/2022,3.5200,2,0.00,1.0208,1.7600
8344,607,1304,21/02/2022,17/03/2022,400.8000,5,0.00,112.2240,80.1600
8345,113,530,24/01/2022,21/02/2022,68.2380,3,0.40,-12.5103,22.3460
8346,251,176,04/06/2022,19/06/2022,116.0000,8,0.00,29.0000,14.5000
8347,113,379,02/02/2022,09/02/2022,866.4000,4,0.00,225.2640,216.6000
8348,104,14,12/03/2022,03/04/2022,271.9840,2,0.20,88.3948,135.7920
8349,551,1349,16/10/2022,21/10/2022,1117.9200,4,0.00,55.8960,279.4800
8350,660,661,22/06/2022,19/07/2022,37.2400,4,0.00,10.7996,9.3100
8351,658,849,28/04/2022,24/05/2022,513.0240,2,0.20,12.8256,256.3120
8352,432,64,27/07/2022,25/08/2022,39.8800,2,0.00,11.1664,19.9400
8353,540,1106,04/05/2022,25/05/2022,30.8160,9,0.20,9.6300,3.2240
8354,456,1842,11/02/2022,28/02/2022,436.7040,6,0.20,21.8352,72.5840
8355,680,693,31/07/2022,11/08/2022,1217.5680,2,0.20,456.5880,608.5840
8356,617,2,14/03/2022,27/03/2022,1537.0740,9,0.30,0.0000,170.4860
8357,726,446,26/04/2022,01/05/2022,1603.1360,4,0.20,100.1960,400.5840
8358,268,301,08/09/2022,23/09/2022,62.6500,5,0.00,29.4455,12.5300
8359,776,1773,04/03/2022,12/03/2022,1039.9920,1,0.20,103.9992,1039.7920
8360,31,701,08/11/2022,28/11/2022,41.8800,6,0.00,0.8376,6.9800
8361,724,243,27/02/2022,12/03/2022,11.6800,2,0.00,5.4896,5.8400
8362,406,237,26/10/2022,12/11/2022,295.4000,5,0.20,-62.7725,58.8800
8363,407,129,26/02/2022,16/03/2022,18.8640,9,0.20,6.1308,1.8960
8364,258,292,29/01/2022,31/01/2022,603.9200,5,0.20,45.2940,120.5840
8365,583,799,07/08/2022,21/08/2022,40.9800,5,0.80,-65.5680,7.3960
8366,225,1600,01/07/2022,13/07/2022,22.3800,3,0.60,-7.8330,6.8600
8367,162,1461,11/09/2022,07/10/2022,56.3000,2,0.00,15.7640,28.1500
8368,437,428,18/10/2022,06/11/2022,9.0900,3,0.00,1.9089,3.0300
8369,423,1229,27/04/2022,18/05/2022,221.9200,5,0.20,77.6720,44.1840
8370,507,1030,14/08/2022,08/09/2022,12.6720,9,0.20,1.4256,1.2080
8371,487,1029,21/11/2022,06/12/2022,27.7200,9,0.00,13.3056,3.0800
8372,139,81,02/02/2022,03/02/2022,21.3900,1,0.00,6.2031,21.3900
8373,606,446,19/08/2022,25/08/2022,2404.7040,6,0.20,150.2940,400.5840
8374,158,931,10/11/2022,08/12/2022,58.2400,5,0.20,5.0960,11.4480
8375,533,1488,25/11/2022,23/12/2022,8.2880,2,0.20,3.0044,3.9440
8376,101,896,24/10/2022,09/11/2022,1979.9280,9,0.20,148.4946,219.7920
8377,355,753,09/11/2022,21/11/2022,2239.9360,8,0.20,223.9936,279.7920
8378,757,1641,05/11/2022,10/11/2022,50.8800,6,0.20,14.6280,8.2800
8379,562,615,03/11/2022,02/12/2022,5.1840,6,0.70,-3.6288,0.1640
8380,647,1522,09/04/2022,28/04/2022,10.0200,3,0.00,4.4088,3.3400
8381,502,1448,23/01/2022,07/02/2022,1679.9600,5,0.20,125.9970,335.7920
8382,727,1050,07/06/2022,18/06/2022,211.9600,2,0.00,42.3920,105.9800
8383,400,1068,30/03/2022,15/04/2022,3149.9300,7,0.00,1480.4670,449.9900
8384,707,519,24/04/2022,04/05/2022,856.6560,6,0.20,107.0820,142.5760
8385,762,1674,24/02/2022,16/03/2022,42.8500,5,0.00,15.4260,8.5700
8386,666,670,26/05/2022,06/06/2022,102.3680,2,0.20,37.1084,50.9840
8387,723,1834,30/12/2022,10/01/2023,120.0000,2,0.50,-7.2000,59.5000
8388,277,1143,22/07/2022,18/08/2022,40.7840,2,0.60,-30.5880,19.7920
8389,732,296,16/04/2022,28/04/2022,99.9900,1,0.00,34.9965,99.9900
8390,201,260,06/11/2022,08/11/2022,119.9000,2,0.00,43.1640,59.9500
8391,464,992,19/09/2022,26/09/2022,72.9600,3,0.20,23.7120,24.1200
8392,435,1030,12/02/2022,26/02/2022,4.2240,3,0.20,0.4752,1.2080
8393,270,1324,04/09/2022,25/09/2022,1.3440,1,0.20,0.4704,1.1440
8394,797,632,25/02/2022,21/03/2022,35.4900,1,0.50,-15.6156,34.9900
8395,13,221,11/04/2022,22/04/2022,15.5520,3,0.20,5.6376,4.9840
8396,311,277,05/08/2022,11/08/2022,22.8480,2,0.20,7.4256,11.2240
8397,688,187,07/11/2022,18/11/2022,1.9640,2,0.80,-3.2406,0.1820
8398,599,445,07/04/2022,05/05/2022,7.4760,1,0.70,-5.9808,6.7760
8399,266,1102,22/08/2022,17/09/2022,8.7120,2,0.80,-19.6020,3.5560
8400,339,1207,17/04/2022,28/04/2022,104.9000,5,0.00,25.1760,20.9800
8401,421,887,18/04/2022,30/04/2022,19.7600,2,0.20,5.9280,9.6800
8402,721,770,12/03/2022,17/03/2022,13.9600,2,0.00,6.7008,6.9800
8403,16,1487,09/11/2022,21/11/2022,2060.7440,7,0.20,643.9825,294.1920
8404,300,134,12/09/2022,03/10/2022,9.5220,1,0.70,-6.9828,8.8220
8405,254,676,18/08/2022,08/09/2022,11.3600,2,0.00,3.2944,5.6800
8406,346,1125,28/05/2022,12/06/2022,23.9760,4,0.40,-15.5844,5.5940
8407,629,1530,14/06/2022,07/07/2022,19.4400,3,0.00,9.3312,6.4800
8408,422,33,24/12/2022,07/01/2023,7.8800,1,0.20,1.7730,7.6800
8409,156,842,19/10/2022,11/11/2022,2504.7400,7,0.00,626.1850,357.8200
8410,746,1026,16/03/2022,23/03/2022,11.6700,3,0.00,3.0342,3.8900
8411,54,989,03/11/2022,14/11/2022,33.7500,5,0.00,16.8750,6.7500
8412,567,154,14/10/2022,17/10/2022,57.9600,7,0.00,27.2412,8.2800
8413,767,1167,22/10/2022,29/10/2022,478.4800,2,0.20,47.8480,239.0400
8414,210,102,22/09/2022,05/10/2022,85.3000,2,0.00,14.5010,42.6500
8415,669,897,13/01/2022,06/02/2022,75.3300,9,0.00,19.5858,8.3700
8416,246,1602,15/08/2022,10/09/2022,8.4480,2,0.20,2.6400,4.0240
8417,314,1500,21/05/2022,09/06/2022,48.8160,3,0.20,-11.5938,16.0720
8418,90,938,24/01/2022,14/02/2022,677.5800,3,0.00,176.1708,225.8600
8419,430,1098,08/10/2022,10/10/2022,0.4440,1,0.80,-1.1100,-0.3560
8420,284,1177,16/02/2022,26/02/2022,239.9000,2,0.00,71.9700,119.9500
8421,499,364,28/07/2022,03/08/2022,215.1480,2,0.40,-103.9882,107.1740
8422,109,1136,27/07/2022,25/08/2022,1879.9600,4,0.00,545.1884,469.9900
8423,96,374,03/10/2022,27/10/2022,6.9900,3,0.00,2.0271,2.3300
8424,210,1291,21/11/2022,08/12/2022,50.0400,6,0.00,25.0200,8.3400
8425,274,274,05/11/2022,03/12/2022,947.1700,7,0.00,9.4717,135.3100
8426,18,808,04/12/2022,18/12/2022,11.6800,2,0.00,3.0368,5.8400
8427,632,76,25/08/2022,13/09/2022,27.2400,3,0.20,2.7240,8.8800
8428,636,387,12/04/2022,21/04/2022,11.2280,7,0.80,-18.5262,0.8040
8429,7,564,10/10/2022,20/10/2022,29.3400,6,0.00,7.9218,4.8900
8430,21,199,29/03/2022,12/04/2022,39.0000,3,0.00,17.5500,13.0000
8431,585,619,23/02/2022,09/03/2022,40.7520,3,0.20,15.2820,13.3840
8432,779,335,01/12/2022,28/12/2022,198.2720,8,0.20,61.9600,24.5840
8433,165,1150,09/05/2022,15/05/2022,482.9400,6,0.50,-376.6932,79.9900
8434,401,913,05/06/2022,17/06/2022,185.9200,4,0.20,62.7480,46.2800
8435,636,1674,09/04/2022,04/05/2022,17.1400,2,0.00,6.1704,8.5700
8436,490,397,29/07/2022,24/08/2022,22.0500,7,0.00,10.5840,3.1500
8437,747,1026,20/06/2022,14/07/2022,2.3340,3,0.80,-6.3018,-0.0220
8438,356,1195,08/12/2022,24/12/2022,363.9200,5,0.20,-31.8430,72.5840
8439,648,376,14/07/2022,08/08/2022,196.7520,6,0.20,56.5662,32.5920
8440,425,1754,21/04/2022,11/05/2022,33.4800,2,0.00,1.3392,16.7400
8441,421,1695,21/03/2022,06/04/2022,1.8240,2,0.20,0.6156,0.7120
8442,676,109,05/06/2022,12/06/2022,75.9600,2,0.00,22.7880,37.9800
8443,375,487,27/11/2022,04/12/2022,2591.5600,4,0.00,621.9744,647.8900
8444,423,1291,27/05/2022,24/06/2022,50.0400,6,0.00,25.0200,8.3400
8445,49,193,01/04/2022,28/04/2022,15.0720,3,0.20,4.1448,4.8240
8446,648,831,03/04/2022,10/04/2022,159.9840,2,0.20,11.9988,79.7920
8447,247,1731,01/04/2022,08/04/2022,6.3680,2,0.20,2.3880,2.9840
8448,593,1580,20/08/2022,17/09/2022,101.5200,5,0.20,19.0350,20.1040
8449,114,995,18/07/2022,19/07/2022,138.5600,4,0.00,66.5088,34.6400
8450,722,1720,09/11/2022,16/11/2022,19.3120,2,0.20,3.1382,9.4560
8451,316,455,17/12/2022,28/12/2022,19.8900,9,0.00,5.3703,2.2100
8452,184,212,11/11/2022,01/12/2022,21.9800,1,0.00,0.2198,21.9800
8453,166,860,07/05/2022,25/05/2022,20.8080,9,0.20,7.0227,2.1120
8454,541,1702,12/06/2022,22/06/2022,8.4480,2,0.20,2.9568,4.0240
8455,322,118,29/08/2022,25/09/2022,60.4160,2,0.20,6.0416,30.0080
8456,103,274,05/09/2022,21/09/2022,324.7440,3,0.20,-77.1267,108.0480
8457,318,483,24/11/2022,12/12/2022,13.3600,2,0.00,6.4128,6.6800
8458,524,242,31/10/2022,30/11/2022,255.6800,8,0.20,76.7040,31.7600
8459,96,729,03/04/2022,26/04/2022,33.0200,2,0.00,15.8496,16.5100
8460,546,1714,25/04/2022,23/05/2022,13.6800,2,0.00,3.6936,6.8400
8461,631,228,30/04/2022,17/05/2022,39.9000,5,0.00,19.9500,7.9800
8462,734,561,08/11/2022,16/11/2022,111.8880,7,0.20,22.3776,15.7840
8463,162,34,16/01/2022,15/02/2022,70.9800,7,0.00,34.7802,10.1400
8464,542,555,01/01/2022,28/01/2022,13.2720,8,0.70,-10.6176,0.9590
8465,551,1071,24/09/2022,27/09/2022,13.4560,1,0.80,-23.5480,12.6560
8466,416,476,13/12/2022,06/01/2023,283.9200,4,0.00,70.9800,70.9800
8467,483,341,02/11/2022,24/11/2022,33.0240,2,0.20,11.5584,16.3120
8468,476,1022,02/07/2022,04/07/2022,74.3520,3,0.20,23.2350,24.5840
8469,64,684,01/01/2022,29/01/2022,18.7600,2,0.00,5.2528,9.3800
8470,464,730,12/01/2022,03/02/2022,12.9600,2,0.00,6.2208,6.4800
8471,442,1158,11/02/2022,13/02/2022,12.0000,4,0.20,4.2000,2.8000
8472,287,1662,10/06/2022,29/06/2022,259.7400,13,0.00,124.6752,19.9800
8473,654,591,11/06/2022,13/06/2022,199.9800,2,0.00,75.9924,99.9900
8474,389,459,05/08/2022,11/08/2022,17.9400,3,0.00,8.0730,5.9800
8475,348,705,08/09/2022,22/09/2022,271.9600,5,0.20,16.9975,54.1920
8476,311,85,23/11/2022,25/11/2022,19.9900,1,0.00,6.7966,19.9900
8477,112,37,11/05/2022,31/05/2022,62.9600,4,0.00,28.3320,15.7400
8478,93,798,25/12/2022,01/01/2023,1.8690,1,0.70,-1.3083,1.1690
8479,447,365,05/10/2022,19/10/2022,9.6800,1,0.00,4.6464,9.6800
8480,377,1065,27/10/2022,30/10/2022,1006.0560,3,0.20,88.0299,335.1520
8481,266,35,19/06/2022,25/06/2022,627.1680,4,0.20,70.5564,156.5920
8482,44,147,24/07/2022,05/08/2022,84.4160,4,0.20,27.4352,20.9040
8483,698,543,25/03/2022,28/03/2022,62.9400,3,0.00,30.2112,20.9800
8484,452,9,20/06/2022,03/07/2022,37.0080,6,0.20,11.5650,5.9680
8485,800,72,30/05/2022,14/06/2022,303.2500,5,0.00,63.6825,60.6500
8486,103,122,24/10/2022,05/11/2022,370.6200,3,0.40,-142.0710,123.1400
8487,689,902,25/09/2022,18/10/2022,1.7520,1,0.20,0.1533,1.5520
8488,18,1037,29/11/2022,26/12/2022,7.2800,1,0.00,3.4944,7.2800
8489,412,1511,25/05/2022,29/05/2022,284.9700,3,0.00,85.4910,94.9900
8490,224,698,04/07/2022,10/07/2022,296.7120,13,0.20,100.1403,22.6240
8491,625,948,25/02/2022,23/03/2022,79.1400,3,0.00,36.4044,26.3800
8492,753,93,18/09/2022,18/10/2022,5.6820,1,0.70,-3.7880,4.9820
8493,190,76,15/11/2022,07/12/2022,90.8000,8,0.00,25.4240,11.3500
8494,282,1523,13/08/2022,16/08/2022,146.3520,3,0.20,-5.4882,48.5840
8495,595,1359,06/12/2022,20/12/2022,683.3320,4,0.15,-40.1960,170.6830
8496,155,1199,24/09/2022,11/10/2022,307.3140,3,0.30,-39.5118,102.1380
8497,317,1117,05/08/2022,06/08/2022,10.5280,4,0.20,3.4216,2.4320
8498,344,1163,20/10/2022,03/11/2022,538.1940,2,0.70,-412.6154,268.3970
8499,279,492,10/01/2022,23/01/2022,48.0320,4,0.20,15.6104,11.8080
8500,756,586,02/08/2022,16/08/2022,10.3680,2,0.20,3.6288,4.9840
8501,409,39,12/11/2022,14/11/2022,90.8820,1,0.10,15.1470,90.7820
8502,796,1429,14/06/2022,25/06/2022,12.9600,2,0.00,6.2208,6.4800
8503,440,513,12/02/2022,16/02/2022,11.6800,2,0.00,3.5040,5.8400
8504,267,272,06/11/2022,07/11/2022,45.9200,5,0.20,15.4980,8.9840
8505,632,38,09/04/2022,02/05/2022,913.4300,5,0.30,-52.1960,182.3860
8506,297,1204,20/01/2022,15/02/2022,183.3720,2,0.30,-36.6744,91.3860
8507,185,560,29/06/2022,10/07/2022,30.3600,5,0.20,8.7285,5.8720
8508,784,511,04/04/2022,24/04/2022,12.9600,2,0.00,6.2208,6.4800
8509,329,558,26/11/2022,05/12/2022,23.7600,3,0.20,2.0790,7.7200
8510,96,28,07/05/2022,31/05/2022,9.6180,2,0.70,-7.0532,4.1090
8511,128,476,07/04/2022,01/05/2022,170.3520,3,0.20,10.6470,56.5840
8512,704,1451,01/09/2022,25/09/2022,500.2400,13,0.00,145.0696,38.4800
8513,16,1325,26/07/2022,04/08/2022,2.0680,1,0.80,-3.4122,1.2680
8514,285,1378,03/06/2022,11/06/2022,74.5920,4,0.30,-2.1312,18.3480
8515,797,27,05/08/2022,18/08/2022,2396.2656,4,0.32,-317.1528,598.7464
8516,261,1335,29/01/2022,24/02/2022,451.1360,4,0.20,-67.6704,112.5840
8517,576,1023,19/09/2022,26/09/2022,107.4400,8,0.00,27.9344,13.4300
8518,199,1077,23/05/2022,11/06/2022,267.9600,5,0.20,16.7475,53.3920
8519,795,1584,20/08/2022,05/09/2022,968.7440,7,0.20,314.8418,138.1920
8520,553,1478,05/09/2022,29/09/2022,65.7900,9,0.00,30.2634,7.3100
8521,540,92,28/05/2022,12/06/2022,82.4000,5,0.00,40.3760,16.4800
8522,402,1060,07/05/2022,19/05/2022,80.2800,12,0.00,36.9288,6.6900
8523,456,722,11/10/2022,18/10/2022,140.7360,8,0.20,49.2576,17.3920
8524,592,855,13/08/2022,10/09/2022,32.4000,5,0.00,15.5520,6.4800
8525,177,424,06/10/2022,04/11/2022,30.3520,2,0.20,10.6232,14.9760
8526,24,1367,10/02/2022,20/02/2022,21.2040,3,0.60,-11.6622,6.4680
8527,481,1050,02/02/2022,15/02/2022,254.3520,3,0.20,0.0000,84.5840
8528,440,742,25/06/2022,06/07/2022,102.3000,1,0.00,26.5980,102.3000
8529,718,1554,12/04/2022,11/05/2022,11.6400,3,0.00,3.3756,3.8800
8530,413,1565,10/05/2022,09/06/2022,15.4880,4,0.20,3.6784,3.6720
8531,126,1049,22/08/2022,09/09/2022,16.6800,2,0.00,4.3368,8.3400
8532,120,69,01/10/2022,08/10/2022,4.6160,1,0.20,1.7310,4.4160
8533,275,1096,29/12/2022,31/12/2022,341.9600,2,0.00,54.7136,170.9800
8534,54,1465,05/12/2022,02/01/2023,13.9000,5,0.00,3.6140,2.7800
8535,433,945,24/03/2022,01/04/2022,26.7000,5,0.00,12.5490,5.3400
8536,663,373,30/08/2022,14/09/2022,34.6800,6,0.00,16.9932,5.7800
8537,422,119,28/04/2022,02/05/2022,63.9000,5,0.00,28.7550,12.7800
8538,95,151,01/05/2022,29/05/2022,323.9760,3,0.20,20.2485,107.7920
8539,341,610,25/02/2022,10/03/2022,9.2480,2,0.20,3.3524,4.4240
8540,217,1200,11/04/2022,16/04/2022,17.3400,3,0.00,8.4966,5.7800
8541,673,524,26/08/2022,11/09/2022,10.5600,2,0.00,4.7520,5.2800
8542,455,578,16/09/2022,03/10/2022,166.2400,1,0.00,24.9360,166.2400
8543,672,759,18/12/2022,21/12/2022,387.9900,1,0.00,182.3553,387.9900
8544,394,1666,19/07/2022,21/07/2022,36.4000,5,0.00,13.8320,7.2800
8545,682,1557,18/10/2022,07/11/2022,8.5440,4,0.20,1.9224,1.9360
8546,456,649,06/03/2022,04/04/2022,279.9440,7,0.20,48.9902,39.7920
8547,118,1001,28/03/2022,12/04/2022,28.9100,7,0.00,13.2986,4.1300
8548,676,866,19/12/2022,05/01/2023,485.8800,6,0.00,9.7176,80.9800
8549,616,586,20/08/2022,05/09/2022,12.9600,2,0.00,6.2208,6.4800
8550,422,1226,13/04/2022,30/04/2022,95.9700,5,0.70,-73.5770,18.4940
8551,30,806,25/11/2022,16/12/2022,0.8360,1,0.80,-1.3376,0.0360
8552,123,10,29/04/2022,23/05/2022,22.9800,1,0.00,6.8940,22.9800
8553,790,543,28/11/2022,26/12/2022,62.9400,3,0.00,30.2112,20.9800
8554,169,1298,15/02/2022,06/03/2022,69.4560,2,0.20,22.5732,34.5280
8555,352,1080,17/02/2022,17/03/2022,296.8500,5,0.00,53.4330,59.3700
8556,5,145,06/05/2022,01/06/2022,406.3680,4,0.20,30.4776,101.3920
8557,182,255,25/11/2022,08/12/2022,9.9520,1,0.20,0.9952,9.7520
8558,751,1458,02/12/2022,26/12/2022,663.9360,4,0.20,82.9920,165.7840
8559,747,80,28/06/2022,22/07/2022,4.7680,2,0.20,0.4768,2.1840
8560,705,738,06/10/2022,15/10/2022,200.7950,1,0.30,-22.9480,200.4950
8561,447,483,11/05/2022,14/05/2022,20.0400,3,0.00,9.6192,6.6800
8562,134,391,27/10/2022,26/11/2022,107.7720,2,0.30,-29.2524,53.5860
8563,633,802,03/10/2022,04/10/2022,65.9900,1,0.00,17.1574,65.9900
8564,222,458,09/02/2022,24/02/2022,27.4400,2,0.20,2.4010,13.5200
8565,544,1317,26/10/2022,03/11/2022,19.1360,4,0.20,6.9368,4.5840
8566,401,1080,11/12/2022,09/01/2023,94.9920,2,0.20,-2.3748,47.2960
8567,58,1071,30/11/2022,12/12/2022,94.1920,7,0.80,-164.8360,12.6560
8568,681,86,06/05/2022,05/06/2022,9.8560,4,0.20,3.4496,2.2640
8569,623,894,20/12/2022,19/01/2023,197.3720,2,0.30,-25.3764,98.3860
8570,556,623,22/07/2022,10/08/2022,466.3200,3,0.20,34.9740,155.2400
8571,314,347,19/08/2022,14/09/2022,19.6800,6,0.00,6.4944,3.2800
8572,146,1266,09/09/2022,30/09/2022,44.4000,5,0.00,12.4320,8.8800
8573,75,536,13/12/2022,26/12/2022,87.4440,2,0.10,18.4604,43.6220
8574,295,1727,28/05/2022,23/06/2022,42.2400,10,0.20,13.2000,4.0240
8575,61,931,27/03/2022,16/04/2022,58.2400,5,0.20,5.0960,11.4480
8576,661,437,23/12/2022,10/01/2023,11.0700,3,0.00,5.0922,3.6900
8577,100,416,21/09/2022,17/10/2022,241.5680,2,0.20,0.0000,120.5840
8578,385,81,09/03/2022,30/03/2022,64.1700,3,0.00,18.6093,21.3900
8579,68,445,01/03/2022,06/03/2022,4.9840,1,0.80,-8.4728,4.1840
8580,152,1176,11/12/2022,31/12/2022,539.6580,3,0.30,-7.7094,179.5860
8581,650,5,22/12/2022,24/12/2022,13.9800,1,0.00,4.0542,13.9800
8582,37,1114,08/11/2022,29/11/2022,497.6100,9,0.00,129.3786,55.2900
8583,487,214,05/12/2022,01/01/2023,85.2460,2,0.30,-1.2178,42.3230
8584,50,1720,04/02/2022,24/02/2022,12.0700,1,0.00,3.9831,12.0700
8585,360,1136,03/02/2022,17/02/2022,1879.9600,5,0.20,211.4955,375.7920
8586,7,744,01/03/2022,21/03/2022,8.6400,3,0.00,4.2336,2.8800
8587,332,1577,16/04/2022,12/05/2022,419.1360,4,0.20,-57.6312,104.5840
8588,747,1415,25/11/2022,04/12/2022,13.7760,6,0.80,-22.0416,1.4960
8589,265,1106,02/02/2022,09/02/2022,30.8160,9,0.20,9.6300,3.2240
8590,405,1291,25/09/2022,24/10/2022,60.0480,9,0.20,22.5180,6.4720
8591,701,1627,13/06/2022,09/07/2022,171.2000,5,0.20,64.2000,34.0400
8592,655,1713,10/10/2022,17/10/2022,646.2720,8,0.20,64.6272,80.5840
8593,488,665,06/03/2022,16/03/2022,191.9800,2,0.00,51.8346,95.9900
8594,206,1035,19/07/2022,31/07/2022,54.9000,5,0.00,26.9010,10.9800
8595,311,825,09/09/2022,13/09/2022,22.6380,7,0.70,-16.6012,2.5340
8596,330,73,20/12/2022,03/01/2023,272.9400,3,0.00,0.0000,90.9800
8597,229,1395,22/04/2022,28/04/2022,9.4200,3,0.00,4.2390,3.1400
8598,198,842,20/04/2022,17/05/2022,644.0760,2,0.10,107.3460,321.9380
8599,543,742,23/02/2022,02/03/2022,306.9000,3,0.00,79.7940,102.3000
8600,215,111,28/08/2022,23/09/2022,17.9000,5,0.00,8.7710,3.5800
8601,588,1293,25/05/2022,26/05/2022,25.9200,4,0.00,12.4416,6.4800
8602,783,1376,04/06/2022,04/07/2022,652.9950,7,0.70,-935.9595,92.5850
8603,782,592,23/03/2022,27/03/2022,19.9200,5,0.20,6.9720,3.7840
8604,570,1483,08/07/2022,09/07/2022,19.9200,3,0.00,9.5616,6.6400
8605,710,1419,09/02/2022,07/03/2022,1.9800,2,0.00,0.8910,0.9900
8606,491,422,02/05/2022,03/05/2022,24.6720,2,0.20,2.1588,12.1360
8607,514,398,02/07/2022,21/07/2022,18.6240,8,0.20,6.2856,2.1280
8608,512,468,12/09/2022,29/09/2022,52.5120,6,0.20,19.6920,8.5520
8609,440,431,30/12/2022,21/01/2023,616.9980,6,0.15,-36.2940,102.6830
8610,80,581,15/12/2022,28/12/2022,152.6500,5,0.00,70.2190,30.5300
8611,595,527,28/11/2022,08/12/2022,20.2400,1,0.00,7.8936,20.2400
8612,682,983,04/01/2022,24/01/2022,439.8000,4,0.00,145.1340,109.9500
8613,206,745,22/07/2022,26/07/2022,4.9100,1,0.00,2.4059,4.9100
8614,149,81,27/02/2022,20/03/2022,68.4480,4,0.20,7.7004,16.9120
8615,172,1825,08/03/2022,10/03/2022,24.5880,3,0.80,-67.6170,7.3960
8616,589,1410,24/09/2022,25/09/2022,12.9900,1,0.00,0.7794,12.9900
8617,669,896,14/01/2022,13/02/2022,329.9880,2,0.40,-76.9972,164.5940
8618,37,763,17/11/2022,10/12/2022,24.1000,5,0.00,9.1580,4.8200
8619,539,1005,22/01/2022,30/01/2022,12.8400,3,0.00,5.7780,4.2800
8620,552,911,10/10/2022,27/10/2022,371.2000,5,0.20,41.7600,74.0400
8621,312,48,27/11/2022,09/12/2022,10.9000,1,0.00,3.0520,10.9000
8622,47,225,17/11/2022,07/12/2022,382.8060,9,0.40,-153.1224,42.1340
8623,486,1484,31/10/2022,20/11/2022,475.9440,7,0.20,59.4930,67.7920
8624,350,1226,08/10/2022,04/11/2022,511.8400,8,0.00,240.5648,63.9800
8625,174,521,01/08/2022,10/08/2022,4.9230,3,0.70,-3.9384,0.9410
8626,427,16,18/04/2022,18/05/2022,1.6960,2,0.80,-2.5440,0.0480
8627,125,338,16/08/2022,20/08/2022,29.7900,3,0.00,8.6391,9.9300
8628,294,1704,30/05/2022,29/06/2022,222.3200,7,0.20,25.0110,31.5600
8629,716,899,23/02/2022,20/03/2022,1080.0960,6,0.20,-94.5084,179.8160
8630,11,178,27/12/2022,12/01/2023,35.3600,2,0.20,-3.0940,17.4800
8631,130,1095,13/02/2022,21/02/2022,399.9500,5,0.00,143.9820,79.9900
8632,788,814,25/03/2022,09/04/2022,251.9440,7,0.20,88.1804,35.7920
8633,135,1622,18/12/2022,15/01/2023,569.0580,3,0.30,-178.8468,189.3860
8634,588,1504,06/07/2022,01/08/2022,20.7360,4,0.20,7.2576,4.9840
8635,786,1127,17/06/2022,18/06/2022,54.8160,3,0.20,17.8152,18.0720
8636,187,1286,20/08/2022,07/09/2022,128.8500,3,0.00,3.8655,42.9500
8637,454,96,05/04/2022,24/04/2022,77.8800,6,0.00,22.5852,12.9800
8638,793,921,23/10/2022,13/11/2022,198.2720,8,0.20,-32.2192,24.5840
8639,327,1707,20/05/2022,08/06/2022,605.3400,6,0.00,145.2816,100.8900
8640,61,1552,13/09/2022,10/10/2022,58.1700,5,0.70,-46.5360,10.9340
8641,404,114,21/07/2022,17/08/2022,108.7200,5,0.20,36.6930,21.5440
8642,646,1004,22/08/2022,31/08/2022,22.5800,2,0.00,5.8708,11.2900
8643,554,247,25/01/2022,15/02/2022,580.6720,4,0.20,65.3256,144.9680
8644,124,787,04/01/2022,24/01/2022,25.4880,2,0.20,4.7790,12.5440
8645,560,1074,08/11/2022,28/11/2022,13.3600,2,0.00,6.4128,6.6800
8646,80,374,23/10/2022,22/11/2022,11.6500,5,0.00,3.3785,2.3300
8647,149,255,25/04/2022,05/05/2022,49.7600,4,0.00,13.9328,12.4400
8648,777,950,01/09/2022,15/09/2022,37.0000,5,0.00,16.6500,7.4000
8649,8,1596,07/07/2022,01/08/2022,40.2400,5,0.20,13.0780,7.8480
8650,207,28,13/04/2022,12/05/2022,9.6180,2,0.70,-7.0532,4.1090
8651,430,1841,27/08/2022,15/09/2022,20.6640,7,0.20,6.9741,2.7520
8652,413,1620,18/03/2022,15/04/2022,2624.9850,3,0.50,-944.9946,874.4950
8653,82,504,07/08/2022,18/08/2022,2.9200,1,0.20,0.3650,2.7200
8654,89,46,23/12/2022,28/12/2022,211.9600,4,0.00,8.4784,52.9900
8655,732,474,22/11/2022,28/11/2022,24.1920,9,0.20,7.5600,2.4880
8656,181,1030,22/08/2022,11/09/2022,4.2240,3,0.20,0.4752,1.2080
8657,365,1107,12/04/2022,29/04/2022,1145.6000,4,0.20,100.2400,286.2000
8658,64,204,28/08/2022,21/09/2022,881.9300,7,0.00,229.3018,125.9900
8659,378,1597,08/03/2022,13/03/2022,26.7200,5,0.20,9.3520,5.1440
8660,310,418,11/04/2022,25/04/2022,55.4800,1,0.00,26.6304,55.4800
8661,698,1410,24/08/2022,22/09/2022,20.7840,2,0.20,-3.6372,10.1920
8662,691,506,29/01/2022,05/02/2022,51.5200,5,0.20,-10.9480,10.1040
8663,139,461,31/08/2022,25/09/2022,485.8800,6,0.00,19.4352,80.9800
8664,229,452,23/12/2022,11/01/2023,5083.9600,5,0.20,1906.4850,1016.5920
8665,209,1166,22/02/2022,23/03/2022,29.5600,4,0.00,7.9812,7.3900
8666,371,9,06/11/2022,10/11/2022,43.1760,7,0.20,13.4925,5.9680
8667,247,1326,28/05/2022,22/06/2022,366.7860,7,0.10,65.2064,52.2980
8668,89,1299,05/08/2022,21/08/2022,36.5100,1,0.00,15.6993,36.5100
8669,609,1766,09/01/2022,06/02/2022,167.2800,12,0.00,23.4192,13.9400
8670,298,1716,01/10/2022,15/10/2022,52.4400,4,0.00,24.1224,13.1100
8671,60,543,31/03/2022,21/04/2022,62.9400,3,0.00,30.2112,20.9800
8672,685,1382,27/05/2022,11/06/2022,57.6900,3,0.00,23.6529,19.2300
8673,28,39,03/05/2022,04/05/2022,212.0580,3,0.30,-15.1470,70.3860
8674,724,1283,06/10/2022,01/11/2022,14.0160,4,0.80,-31.5360,2.7040
8675,3,1053,03/04/2022,15/04/2022,3.6400,2,0.00,1.0192,1.8200
8676,777,1688,09/11/2022,07/12/2022,6.6420,9,0.70,-4.4280,0.0380
8677,550,1571,07/06/2022,29/06/2022,11.5200,4,0.00,5.4144,2.8800
8678,294,509,10/05/2022,31/05/2022,491.5500,5,0.00,240.8595,98.3100
8679,25,549,13/11/2022,02/12/2022,6.4800,1,0.00,3.1752,6.4800
8680,223,1271,16/06/2022,04/07/2022,19.4400,3,0.00,9.3312,6.4800
8681,130,890,08/01/2022,21/01/2022,99.5880,2,0.70,-82.9900,49.0940
8682,611,1751,19/07/2022,24/07/2022,71.9760,3,0.20,24.2919,23.7920
8683,375,1356,09/07/2022,19/07/2022,201.5840,2,0.20,20.1584,100.5920
8684,332,509,23/07/2022,25/07/2022,491.5500,5,0.00,240.8595,98.3100
8685,568,1503,05/04/2022,17/04/2022,18.2400,3,0.00,5.2896,6.0800
8686,405,537,26/11/2022,17/12/2022,11.4300,3,0.00,5.3721,3.8100
8687,654,1488,16/06/2022,19/06/2022,10.3600,2,0.00,5.0764,5.1800
8688,741,833,19/02/2022,25/02/2022,343.9200,4,0.00,75.6624,85.9800
8689,270,591,11/12/2022,13/12/2022,319.9680,4,0.20,71.9928,79.7920
8690,498,160,12/12/2022,17/12/2022,10.6880,2,0.20,2.2712,5.1440
8691,507,794,03/11/2022,13/11/2022,282.8880,9,0.20,56.5776,31.2320
8692,677,828,21/10/2022,17/11/2022,38.8800,6,0.00,18.6624,6.4800
8693,166,165,29/07/2022,14/08/2022,182.2200,3,0.00,45.5550,60.7400
8694,33,1041,20/07/2022,18/08/2022,170.8800,3,0.00,49.5552,56.9600
8695,642,1779,06/07/2022,08/07/2022,32.0400,4,0.00,14.4180,8.0100
8696,378,1161,03/08/2022,02/09/2022,74.3520,3,0.20,23.2350,24.5840
8697,433,986,26/11/2022,01/12/2022,59.9800,2,0.00,17.9940,29.9900
8698,355,16,09/01/2022,03/02/2022,5.9360,7,0.80,-8.9040,0.0480
8699,301,832,08/09/2022,14/09/2022,6.5600,2,0.00,1.9024,3.2800
8700,359,1828,20/01/2022,08/02/2022,10.9440,2,0.20,0.9576,5.2720
8701,565,1563,26/02/2022,15/03/2022,39.6800,2,0.00,16.2688,19.8400
8702,359,561,27/10/2022,26/11/2022,199.8000,10,0.00,71.9280,19.9800
8703,782,202,26/11/2022,27/11/2022,1188.0000,9,0.70,-950.4000,131.3000
8704,19,1826,19/05/2022,28/05/2022,7.8800,4,0.00,2.5216,1.9700
8705,240,92,24/04/2022,04/05/2022,9.8880,2,0.70,-6.9216,4.2440
8706,76,193,17/12/2022,10/01/2023,18.8400,3,0.00,7.9128,6.2800
8707,447,693,29/12/2022,22/01/2023,1141.4700,5,0.70,-760.9800,227.5940
8708,357,195,18/06/2022,18/07/2022,41.9600,2,0.00,2.9372,20.9800
8709,130,959,30/11/2022,06/12/2022,16.4000,5,0.00,4.2640,3.2800
8710,610,225,13/12/2022,16/12/2022,567.1200,10,0.20,-28.3560,56.5120
8711,35,1268,11/09/2022,10/10/2022,38.1360,7,0.20,13.3476,5.2480
8712,776,1440,24/07/2022,20/08/2022,37.2000,5,0.00,9.3000,7.4400
8713,609,65,30/04/2022,29/05/2022,121.7800,2,0.00,30.4450,60.8900
8714,310,1495,23/09/2022,18/10/2022,149.9500,5,0.00,41.9860,29.9900
8715,371,265,21/07/2022,15/08/2022,13.8720,6,0.20,4.6818,2.1120
8716,639,511,28/04/2022,23/05/2022,20.7360,4,0.20,7.2576,4.9840
8717,277,922,06/03/2022,16/03/2022,23.9900,1,0.00,5.5177,23.9900
8718,614,1305,19/01/2022,20/01/2022,754.4500,5,0.00,60.3560,150.8900
8719,694,1135,20/01/2022,06/02/2022,56.9600,2,0.00,21.0752,28.4800
8720,186,1621,30/10/2022,12/11/2022,14.7000,5,0.00,3.9690,2.9400
8721,165,1646,04/07/2022,26/07/2022,384.9440,4,0.30,-126.4816,95.9360
8722,448,797,07/07/2022,25/07/2022,0.8520,1,0.70,-0.5964,0.1520
8723,641,673,30/03/2022,21/04/2022,87.2100,3,0.50,-45.3492,28.5700
8724,617,1222,16/02/2022,15/03/2022,18.4500,5,0.00,8.6715,3.6900
8725,6,1685,05/11/2022,22/11/2022,115.2960,3,0.20,40.3536,38.2320
8726,601,842,18/02/2022,02/03/2022,644.0760,2,0.10,107.3460,321.9380
8727,168,992,16/12/2022,26/12/2022,364.8000,12,0.00,167.8080,30.4000
8728,254,1195,18/04/2022,29/04/2022,363.9200,5,0.20,-31.8430,72.5840
8729,544,411,24/07/2022,21/08/2022,21.3800,5,0.80,-33.1390,3.4760
8730,793,1268,10/09/2022,14/09/2022,10.8960,2,0.20,3.8136,5.2480
8731,164,1448,10/04/2022,07/05/2022,4367.8960,13,0.20,327.5922,335.7920
8732,194,766,31/05/2022,26/06/2022,4.4010,3,0.70,-3.5208,0.7670
8733,657,621,31/03/2022,04/04/2022,10.5280,7,0.20,3.6848,1.3040
8734,427,729,18/07/2022,22/07/2022,39.6240,3,0.20,13.8684,13.0080
8735,334,516,31/08/2022,03/09/2022,21.8100,3,0.00,5.8887,7.2700
8736,105,123,13/08/2022,17/08/2022,15.9200,4,0.00,7.4824,3.9800
8737,448,675,26/08/2022,16/09/2022,47.2080,7,0.20,15.3426,6.5440
8738,189,1605,16/01/2022,14/02/2022,79.1200,5,0.20,13.8460,15.6240
8739,766,1417,31/07/2022,13/08/2022,214.9000,5,0.00,62.3210,42.9800
8740,659,998,17/09/2022,12/10/2022,12.8400,3,0.00,3.4668,4.2800
8741,178,1107,17/06/2022,28/06/2022,859.2000,4,0.40,-186.1600,214.4000
8742,455,1673,18/05/2022,17/06/2022,76.8640,2,0.20,26.9024,38.2320
8743,337,1483,04/03/2022,13/03/2022,21.2480,4,0.20,7.4368,5.1120
8744,655,617,13/06/2022,30/06/2022,1673.1840,12,0.20,20.9148,139.2320
8745,619,1553,06/04/2022,03/05/2022,6.4800,1,0.00,3.1752,6.4800
8746,241,1710,13/09/2022,10/10/2022,28.9100,7,0.00,13.2986,4.1300
8747,113,870,12/05/2022,10/06/2022,54.9920,14,0.20,8.9362,3.7280
8748,411,1341,15/10/2022,12/11/2022,171.0400,4,0.00,44.4704,42.7600
8749,734,1058,01/06/2022,16/06/2022,49.6500,5,0.00,20.8530,9.9300
8750,499,117,14/04/2022,25/04/2022,47.0400,3,0.00,18.3456,15.6800
8751,753,56,04/12/2022,27/12/2022,10.3680,2,0.20,3.6288,4.9840
8752,264,154,11/01/2022,14/01/2022,18.6880,2,0.20,7.0080,9.1440
8753,639,634,21/09/2022,17/10/2022,348.4880,7,0.20,117.6147,49.5840
8754,539,391,03/08/2022,21/08/2022,184.7520,3,0.20,-20.7846,61.3840
8755,684,1113,27/04/2022,18/05/2022,58.4080,7,0.20,18.2525,8.1440
8756,480,1584,15/12/2022,19/12/2022,415.1760,3,0.20,134.9322,138.1920
8757,310,1481,07/09/2022,04/10/2022,430.8800,2,0.00,124.9552,215.4400
8758,9,647,27/11/2022,10/12/2022,43.1760,3,0.20,4.3176,14.1920
8759,330,1103,04/05/2022,17/05/2022,258.9000,10,0.00,93.2040,25.8900
8760,296,71,20/03/2022,25/03/2022,311.9760,3,0.20,-42.8967,103.7920
8761,105,1503,09/11/2022,23/11/2022,19.4560,4,0.20,2.1888,4.6640
8762,463,1183,13/01/2022,31/01/2022,232.9600,7,0.00,116.4800,33.2800
8763,733,1017,14/10/2022,08/11/2022,24.9000,5,0.00,11.7030,4.9800
8764,163,323,02/08/2022,17/08/2022,33.1200,4,0.20,11.5920,8.0800
8765,698,937,16/01/2022,12/02/2022,29.7800,2,0.00,8.0406,14.8900
8766,167,592,02/09/2022,30/09/2022,14.9400,3,0.00,7.1712,4.9800
8767,52,661,17/01/2022,07/02/2022,52.1360,7,0.20,5.8653,7.2480
8768,31,261,23/11/2022,10/12/2022,32.4000,5,0.00,15.5520,6.4800
8769,753,1222,13/06/2022,23/06/2022,18.4500,5,0.00,8.6715,3.6900
8770,389,325,20/01/2022,16/02/2022,19.4600,7,0.00,5.0596,2.7800
8771,54,631,13/02/2022,02/03/2022,6.8480,2,0.20,2.1400,3.2240
8772,412,83,08/01/2022,26/01/2022,153.5840,2,0.20,-32.6366,76.5920
8773,580,941,19/04/2022,28/04/2022,38.2560,3,0.20,4.7820,12.5520
8774,459,580,10/03/2022,27/03/2022,11.8400,1,0.20,4.4400,11.6400
8775,5,55,15/12/2022,26/12/2022,250.2720,9,0.20,15.6420,27.6080
8776,123,57,01/08/2022,05/08/2022,212.9400,3,0.00,25.5528,70.9800
8777,749,278,27/01/2022,24/02/2022,876.3000,10,0.40,-292.1000,87.2300
8778,88,1057,25/01/2022,20/02/2022,69.9800,2,0.00,4.8986,34.9900
8779,409,707,04/05/2022,03/06/2022,17.6100,3,0.00,8.4528,5.8700
8780,492,1382,23/08/2022,20/09/2022,46.1520,3,0.20,12.1149,15.1840
8781,192,1320,06/06/2022,04/07/2022,269.9820,3,0.40,40.4973,89.5940
8782,735,785,25/01/2022,23/02/2022,18.3120,4,0.70,-12.2080,3.8780
8783,736,1478,11/03/2022,21/03/2022,21.9300,3,0.00,10.0878,7.3100
8784,68,708,12/02/2022,17/02/2022,23.7440,2,0.20,8.3104,11.6720
8785,680,691,27/02/2022,03/03/2022,11.9520,3,0.20,3.8844,3.7840
8786,282,1152,03/05/2022,29/05/2022,370.7820,3,0.40,-92.6955,123.1940
8787,638,637,07/11/2022,12/11/2022,8.6080,8,0.80,-13.3424,0.2760
8788,473,391,12/08/2022,23/08/2022,307.9200,5,0.20,-34.6410,61.3840
8789,496,622,16/01/2022,12/02/2022,477.1500,5,0.00,28.6290,95.4300
8790,264,90,27/09/2022,19/10/2022,15.5520,3,0.20,5.4432,4.9840
8791,486,308,18/04/2022,26/04/2022,40.4100,9,0.00,18.5886,4.4900
8792,442,1466,14/03/2022,23/03/2022,16.7840,2,0.60,-22.2388,7.7920
8793,207,816,09/09/2022,26/09/2022,164.3880,2,0.40,-35.6174,81.7940
8794,385,1192,18/10/2022,14/11/2022,38.2800,6,0.00,17.6088,6.3800
8795,722,397,12/02/2022,15/02/2022,2.5200,1,0.20,0.8820,2.3200
8796,318,622,25/10/2022,06/11/2022,763.4400,8,0.00,45.8064,95.4300
8797,326,1643,12/01/2022,05/02/2022,16.1920,2,0.60,-6.8816,7.4960
8798,569,2,20/09/2022,12/10/2022,585.5520,3,0.20,73.1940,194.9840
8799,609,1297,09/08/2022,20/08/2022,1.9080,3,0.80,-3.2436,-0.1640
8800,258,34,08/01/2022,27/01/2022,35.4400,1,0.00,16.6568,35.4400
8801,280,966,14/02/2022,19/02/2022,313.1760,2,0.40,-120.0508,156.1880
8802,369,744,10/07/2022,11/07/2022,11.5200,5,0.20,4.1760,2.1040
8803,393,894,10/10/2022,23/10/2022,1268.8200,9,0.00,266.4522,140.9800
8804,552,563,08/04/2022,10/04/2022,34.0800,6,0.00,15.3360,5.6800
8805,470,334,16/06/2022,29/06/2022,538.9200,9,0.00,80.8380,59.8800
8806,458,852,23/03/2022,02/04/2022,7.9920,1,0.20,2.5974,7.7920
8807,382,1157,10/04/2022,14/04/2022,298.1160,6,0.30,-4.2588,49.3860
8808,375,1263,11/03/2022,06/04/2022,114.4600,2,0.00,28.6150,57.2300
8809,120,537,30/03/2022,11/04/2022,15.2400,5,0.20,5.1435,2.8480
8810,687,98,29/06/2022,07/07/2022,199.9500,5,0.00,21.9945,39.9900
8811,309,455,11/12/2022,23/12/2022,19.8900,9,0.00,5.3703,2.2100
8812,616,689,07/06/2022,08/06/2022,2.8900,1,0.00,1.3583,2.8900
8813,545,320,05/02/2022,25/02/2022,4.2600,1,0.00,1.7466,4.2600
8814,659,869,07/02/2022,16/02/2022,4.6240,1,0.20,1.6762,4.4240
8815,295,848,03/01/2022,06/01/2022,306.2000,5,0.00,0.0000,61.2400
8816,467,129,27/05/2022,06/06/2022,36.4800,6,0.00,18.2400,6.0800
8817,67,1382,07/04/2022,23/04/2022,57.6900,3,0.00,23.6529,19.2300
8818,342,532,17/03/2022,04/04/2022,120.7840,1,0.20,13.5882,120.5840
8819,74,1484,05/07/2022,13/07/2022,135.9840,2,0.20,16.9980,67.7920
8820,441,1127,02/09/2022,06/09/2022,68.5200,3,0.00,31.5192,22.8400
8821,149,736,01/10/2022,06/10/2022,629.0640,3,0.20,31.4532,209.4880
8822,796,230,21/08/2022,09/09/2022,844.1160,6,0.30,-36.1764,140.3860
8823,251,180,14/09/2022,10/10/2022,1573.4880,7,0.20,196.6860,224.5840
8824,418,1268,16/09/2022,27/09/2022,4.0860,2,0.70,-2.9964,1.3430
8825,627,1442,17/02/2022,01/03/2022,191.0790,3,0.30,-38.2158,63.3930
8826,329,226,28/06/2022,24/07/2022,4.0440,3,0.60,-2.8308,0.7480
8827,675,833,06/06/2022,28/06/2022,300.9300,5,0.30,-34.3920,59.8860
8828,390,852,13/06/2022,27/06/2022,69.9300,7,0.00,32.1678,9.9900
8829,89,868,22/02/2022,23/03/2022,2676.6720,9,0.20,267.6672,297.2080
8830,525,1251,29/12/2022,09/01/2023,60.8100,3,0.00,17.0268,20.2700
8831,54,139,26/04/2022,06/05/2022,447.6960,2,0.20,33.5772,223.6480
8832,282,1620,26/06/2022,16/07/2022,2624.9850,3,0.50,-944.9946,874.4950
8833,452,46,07/12/2022,30/12/2022,254.3520,6,0.20,-50.8704,42.1920
8834,373,535,18/02/2022,26/02/2022,35.5600,7,0.00,12.0904,5.0800
8835,381,239,20/10/2022,17/11/2022,1.6240,2,0.80,-4.4660,0.0120
8836,436,1259,12/09/2022,27/09/2022,11.2640,8,0.20,3.9424,1.2080
8837,711,797,31/12/2022,16/01/2023,2.5560,3,0.70,-1.7892,0.1520
8838,126,1227,19/12/2022,27/12/2022,91.9600,4,0.00,25.7488,22.9900
8839,398,692,29/10/2022,30/10/2022,29.9400,4,0.70,-23.9520,6.7850
8840,390,222,04/03/2022,16/03/2022,419.6800,5,0.60,-356.7280,83.3360
8841,235,1078,27/10/2022,05/11/2022,24.7040,2,0.20,9.2640,12.1520
8842,193,234,02/11/2022,11/11/2022,247.1040,6,0.20,-58.6872,40.9840
8843,568,398,31/10/2022,19/11/2022,5.8200,2,0.00,2.7354,2.9100
8844,440,549,07/08/2022,31/08/2022,51.8400,8,0.00,25.4016,6.4800
8845,358,53,30/04/2022,22/05/2022,15.2600,7,0.00,6.2566,2.1800
8846,4,1623,07/04/2022,07/05/2022,163.8800,4,0.50,-81.9400,40.4700
8847,410,809,01/06/2022,07/06/2022,143.9520,3,0.20,14.3952,47.7840
8848,314,813,14/07/2022,28/07/2022,22.0500,7,0.00,10.5840,3.1500
8849,646,1298,08/06/2022,16/06/2022,477.5100,11,0.00,219.6546,43.4100
8850,442,1335,21/02/2022,21/03/2022,451.1360,4,0.20,-67.6704,112.5840
8851,174,150,08/09/2022,09/09/2022,11.6960,2,0.20,3.9474,5.6480
8852,76,866,03/07/2022,04/07/2022,242.9400,3,0.00,4.8588,80.9800
8853,728,681,30/07/2022,28/08/2022,15.5520,3,0.20,5.4432,4.9840
8854,765,400,23/08/2022,02/09/2022,269.9000,5,0.00,16.1940,53.9800
8855,624,1021,06/10/2022,23/10/2022,7.3000,2,0.00,3.4310,3.6500
8856,17,1445,08/03/2022,16/03/2022,10.4400,6,0.70,-7.6560,1.0400
8857,172,985,12/05/2022,06/06/2022,307.1360,4,0.20,-11.5176,76.5840
8858,369,1295,26/04/2022,11/05/2022,272.4000,5,0.00,76.2720,54.4800
8859,595,1256,28/02/2022,22/03/2022,118.9900,1,0.00,33.3172,118.9900
8860,650,1077,20/04/2022,14/05/2022,267.9600,5,0.20,16.7475,53.3920
8861,399,381,24/07/2022,12/08/2022,172.7520,6,0.20,60.4632,28.5920
8862,277,535,27/08/2022,17/09/2022,20.3200,5,0.20,3.5560,3.8640
8863,268,284,22/12/2022,10/01/2023,11.3520,3,0.20,2.6961,3.5840
8864,788,1387,17/01/2022,05/02/2022,25.5840,2,0.20,8.9544,12.5920
8865,342,1517,13/01/2022,26/01/2022,493.9200,7,0.30,-28.2240,70.2600
8866,310,1064,05/05/2022,06/05/2022,12.5440,7,0.60,-9.0944,1.1920
8867,444,463,14/09/2022,22/09/2022,114.9500,5,0.00,2.2990,22.9900
8868,385,337,10/02/2022,15/02/2022,43.2600,3,0.00,14.2758,14.4200
8869,351,209,10/06/2022,27/06/2022,33.9600,2,0.00,9.5088,16.9800
8870,360,348,27/12/2022,23/01/2023,29.2000,5,0.20,9.8550,5.6400
8871,105,882,10/07/2022,01/08/2022,5.6800,2,0.00,1.7608,2.8400
8872,427,981,17/09/2022,24/09/2022,13.5600,2,0.00,6.2376,6.7800
8873,123,1182,09/09/2022,02/10/2022,62.3100,3,0.00,22.4316,20.7700
8874,49,1455,19/07/2022,04/08/2022,19.9200,4,0.00,6.5736,4.9800
8875,444,187,18/05/2022,15/06/2022,27.4960,7,0.20,9.2799,3.7280
8876,65,449,10/12/2022,06/01/2023,19.7280,9,0.20,1.7262,1.9920
8877,341,1514,11/10/2022,02/11/2022,16.2700,5,0.80,-25.2185,2.4540
8878,108,610,09/03/2022,31/03/2022,13.8720,3,0.20,5.0286,4.4240
8879,137,101,05/11/2022,24/11/2022,248.8500,5,0.00,27.3735,49.7700
8880,34,662,27/03/2022,02/04/2022,15.2800,2,0.00,7.4872,7.6400
8881,187,407,12/06/2022,28/06/2022,145.7640,2,0.10,-8.0980,72.7820
8882,119,1129,13/01/2022,22/01/2022,15.9360,4,0.20,5.1792,3.7840
8883,562,1148,17/05/2022,24/05/2022,102.7200,3,0.20,37.2360,34.0400
8884,219,671,08/04/2022,05/05/2022,9.6640,2,0.20,3.2616,4.6320
8885,526,791,31/05/2022,03/06/2022,187.0560,9,0.20,11.6910,20.5840
8886,614,451,10/02/2022,11/02/2022,46.7400,3,0.00,11.6850,15.5800
8887,357,1410,08/10/2022,24/10/2022,62.3520,6,0.20,-10.9116,10.1920
8888,574,1173,21/06/2022,02/07/2022,23.0400,8,0.00,11.2896,2.8800
8889,649,682,31/10/2022,01/11/2022,47.9520,3,0.20,16.1838,15.7840
8890,322,326,03/04/2022,08/04/2022,7.0680,3,0.60,-2.8272,1.7560
8891,275,1757,30/12/2022,25/01/2023,36.5440,2,0.20,11.8768,18.0720
8892,41,785,23/12/2022,04/01/2023,61.0400,4,0.00,30.5200,15.2600
8893,196,498,01/08/2022,17/08/2022,23.1680,2,0.20,7.8192,11.3840
8894,345,221,12/10/2022,10/11/2022,12.9600,2,0.00,6.3504,6.4800
8895,796,458,12/09/2022,29/09/2022,13.7200,1,0.20,1.2005,13.5200
8896,632,849,22/12/2022,03/01/2023,801.6000,5,0.50,-448.8960,159.8200
8897,414,1052,20/10/2022,27/10/2022,145.5440,7,0.20,16.3737,20.5920
8898,738,129,18/09/2022,08/10/2022,7.4100,3,0.00,3.4827,2.4700
8899,227,422,10/09/2022,20/09/2022,61.6800,5,0.20,5.3970,12.1360
8900,245,11,01/12/2022,17/12/2022,1706.1840,9,0.20,85.3092,189.3760
8901,616,324,21/05/2022,14/06/2022,488.6460,3,0.10,86.8704,162.7820
8902,505,402,21/01/2022,04/02/2022,50.8000,5,0.00,13.2080,10.1600
8903,428,445,20/04/2022,27/04/2022,44.8560,6,0.70,-35.8848,6.7760
8904,338,206,28/02/2022,01/03/2022,22.7040,6,0.20,8.2302,3.5840
8905,564,854,16/01/2022,26/01/2022,164.2200,3,0.00,50.9082,54.7400
8906,488,12,14/02/2022,27/02/2022,284.8200,1,0.00,74.0532,284.8200
8907,497,1558,05/06/2022,11/06/2022,16.9000,2,0.00,5.0700,8.4500
8908,567,853,22/05/2022,28/05/2022,3.7980,3,0.80,-5.8869,0.4660
8909,704,806,20/01/2022,24/01/2022,6.6880,2,0.20,2.3408,3.1440
8910,302,1440,16/06/2022,22/06/2022,22.3200,3,0.00,5.5800,7.4400
8911,87,1514,12/11/2022,29/11/2022,65.0800,4,0.00,31.8892,16.2700
8912,153,642,16/06/2022,06/07/2022,9.2400,3,0.00,4.4352,3.0800
8913,794,1702,22/10/2022,07/11/2022,47.5200,9,0.00,22.8096,5.2800
8914,286,100,28/07/2022,02/08/2022,17.9400,3,0.00,8.7906,5.9800
8915,151,646,02/05/2022,16/05/2022,63.9800,7,0.00,21.7532,9.1400
8916,15,1538,15/11/2022,05/12/2022,91.6000,5,0.00,26.5640,18.3200
8917,2,931,14/08/2022,18/08/2022,58.2400,5,0.20,5.0960,11.4480
8918,19,585,23/08/2022,27/08/2022,369.9120,3,0.20,-13.8717,123.1040
8919,491,414,01/06/2022,25/06/2022,347.5800,3,0.00,17.3790,115.8600
8920,738,1058,18/03/2022,25/03/2022,31.7760,4,0.20,8.7384,7.7440
8921,759,556,07/03/2022,24/03/2022,251.7900,3,0.00,118.3413,83.9300
8922,63,630,08/03/2022,21/03/2022,1586.6900,7,0.00,412.5394,226.6700
8923,767,825,11/12/2022,17/12/2022,17.2480,2,0.20,6.0368,8.4240
8924,519,1285,19/03/2022,12/04/2022,2678.9400,6,0.00,241.1046,446.4900
8925,629,116,25/03/2022,04/04/2022,631.1760,4,0.70,-462.8624,157.0940
8926,98,424,22/05/2022,15/06/2022,37.9400,2,0.00,18.2112,18.9700
8927,428,132,06/04/2022,09/04/2022,25.9200,9,0.00,7.7760,2.8800
8928,213,1619,19/03/2022,05/04/2022,5.9500,1,0.00,0.8330,5.9500
8929,302,1444,02/09/2022,09/09/2022,21.0000,3,0.20,5.7750,6.8000
8930,462,1115,25/01/2022,04/02/2022,18.6900,7,0.00,5.2332,2.6700
8931,458,657,18/01/2022,04/02/2022,733.9500,7,0.00,352.2960,104.8500
8932,579,1427,27/09/2022,12/10/2022,48.9400,1,0.00,24.4700,48.9400
8933,142,374,31/08/2022,04/09/2022,4.6600,2,0.00,1.3514,2.3300
8934,426,955,19/04/2022,01/05/2022,17.0880,4,0.20,5.5536,4.0720
8935,50,1639,25/10/2022,05/11/2022,43.9360,4,0.20,6.0412,10.7840
8936,267,1475,18/09/2022,13/10/2022,66.2940,1,0.70,-103.8606,65.5940
8937,492,114,22/07/2022,20/08/2022,81.5400,3,0.00,38.3238,27.1800
8938,595,1142,26/08/2022,28/08/2022,1013.8320,9,0.20,101.3832,112.4480
8939,765,250,18/12/2022,04/01/2023,4.0950,3,0.70,-2.7300,0.6650
8940,52,479,02/02/2022,23/02/2022,72.6400,2,0.00,21.7920,36.3200
8941,148,221,08/07/2022,23/07/2022,25.9200,5,0.20,9.3960,4.9840
8942,607,424,21/04/2022,12/05/2022,30.3520,2,0.20,10.6232,14.9760
8943,107,1189,27/01/2022,08/02/2022,18.2800,5,0.20,6.3980,3.4560
8944,631,1588,06/05/2022,28/05/2022,40.1760,3,0.20,14.5638,13.1920
8945,119,13,23/12/2022,03/01/2023,15.5520,3,0.20,5.4432,4.9840
8946,46,1828,11/01/2022,13/01/2022,10.9440,2,0.20,0.9576,5.2720
8947,535,1765,16/06/2022,29/06/2022,41.8600,7,0.00,18.8370,5.9800
8948,430,488,22/07/2022,28/07/2022,14.5920,3,0.20,2.5536,4.6640
8949,379,197,25/04/2022,05/05/2022,5.8100,1,0.00,1.8011,5.8100
8950,468,1332,13/01/2022,05/02/2022,51.0160,7,0.20,15.9425,7.0880
8951,15,412,18/06/2022,22/06/2022,933.2620,4,0.45,-458.1468,232.8655
8952,38,1523,10/05/2022,20/05/2022,164.6460,3,0.10,12.8058,54.7820
8953,90,214,02/05/2022,05/05/2022,85.2460,2,0.30,-1.2178,42.3230
8954,533,1170,30/08/2022,15/09/2022,30.3360,4,0.20,9.4800,7.3840
8955,406,32,28/10/2022,09/11/2022,5.7150,5,0.70,-4.7625,0.4430
8956,519,597,25/03/2022,19/04/2022,77.9520,3,0.20,12.6672,25.7840
8957,219,418,04/06/2022,20/06/2022,55.4800,1,0.00,26.6304,55.4800
8958,752,288,20/09/2022,21/09/2022,87.5400,3,0.00,37.6422,29.1800
8959,671,1183,27/05/2022,24/06/2022,299.5200,9,0.00,149.7600,33.2800
8960,302,756,01/12/2022,07/12/2022,13.3440,6,0.20,4.3368,2.0240
8961,275,154,23/12/2022,01/01/2023,18.6880,2,0.20,7.0080,9.1440
8962,566,1030,12/09/2022,04/10/2022,5.2800,3,0.00,1.5312,1.7600
8963,173,1679,15/03/2022,24/03/2022,22.9600,2,0.00,4.3624,11.4800
8964,178,50,06/02/2022,15/02/2022,25.0600,2,0.00,11.7782,12.5300
8965,581,537,13/02/2022,22/02/2022,19.0500,5,0.00,8.9535,3.8100
8966,278,129,22/03/2022,14/04/2022,18.9360,3,0.20,5.9175,6.1120
8967,595,302,30/04/2022,16/05/2022,16.7840,4,0.80,-26.8544,3.3960
8968,446,853,12/05/2022,22/05/2022,3.7980,2,0.70,-2.6586,1.1990
8969,770,519,03/02/2022,02/03/2022,142.7760,1,0.20,17.8470,142.5760
8970,115,217,03/06/2022,24/06/2022,1128.3900,3,0.00,259.5297,376.1300
8971,621,284,30/10/2022,12/11/2022,33.1100,7,0.00,12.9129,4.7300
8972,357,706,20/10/2022,15/11/2022,145.8500,5,0.00,70.0080,29.1700
8973,144,220,06/08/2022,25/08/2022,26.4000,5,0.00,11.8800,5.2800
8974,136,1179,11/10/2022,28/10/2022,12.9600,2,0.00,6.2208,6.4800
8975,631,154,27/03/2022,22/04/2022,29.3400,3,0.00,13.4964,9.7800
8976,15,234,27/07/2022,25/08/2022,154.4400,3,0.00,1.5444,51.4800
8977,580,1106,26/06/2022,20/07/2022,21.4000,5,0.00,9.6300,4.2800
8978,742,1743,05/02/2022,18/02/2022,546.0600,3,0.00,163.8180,182.0200
8979,623,622,14/03/2022,31/03/2022,190.8600,2,0.00,11.4516,95.4300
8980,316,812,30/08/2022,05/09/2022,6.4800,1,0.00,3.1104,6.4800
8981,663,245,06/04/2022,11/04/2022,37.2080,1,0.20,-7.4416,37.0080
8982,634,543,28/04/2022,02/05/2022,12.5880,3,0.80,-20.1408,3.3960
8983,233,1153,26/01/2022,01/02/2022,31.1040,6,0.20,10.8864,4.9840
8984,13,472,28/04/2022,11/05/2022,41.9200,5,0.20,3.6680,8.1840
8985,644,607,10/04/2022,24/04/2022,39.9840,2,0.20,-1.4994,19.7920
8986,632,306,24/08/2022,20/09/2022,11.8800,2,0.00,5.3460,5.9400
8987,13,1674,22/05/2022,21/06/2022,59.9900,7,0.00,21.5964,8.5700
8988,358,326,26/11/2022,11/12/2022,4.1600,2,0.00,1.7472,2.0800
8989,749,893,11/07/2022,30/07/2022,299.9700,3,0.00,56.9943,99.9900
8990,152,63,22/12/2022,16/01/2023,156.5120,4,0.20,52.8228,38.9280
8991,260,583,03/11/2022,23/11/2022,49.5680,2,0.20,17.3488,24.5840
8992,93,476,31/07/2022,18/08/2022,99.3720,2,0.30,-7.0980,49.3860
8993,231,1154,11/10/2022,15/10/2022,39.1280,1,0.20,-8.8038,38.9280
8994,169,927,18/08/2022,14/09/2022,146.5440,6,0.20,47.6268,24.2240
8995,419,183,05/02/2022,23/02/2022,35.8200,9,0.00,11.8206,3.9800
8996,430,1708,31/01/2022,24/02/2022,221.9800,2,0.00,62.1544,110.9900
8997,771,1181,18/01/2022,05/02/2022,102.0180,7,0.70,-183.6324,13.8740
8998,352,9,13/07/2022,17/07/2022,7.7100,1,0.00,3.4695,7.7100
8999,240,1501,27/02/2022,14/03/2022,52.6800,3,0.20,19.7550,17.3600
9000,457,1214,09/07/2022,12/07/2022,11.9760,4,0.70,-9.1816,2.2940
9001,71,233,23/12/2022,20/01/2023,361.9200,4,0.00,162.8640,90.4800
9002,608,1152,28/07/2022,07/08/2022,370.7820,3,0.40,-92.6955,123.1940
9003,337,1734,19/08/2022,21/08/2022,692.9400,3,0.00,173.2350,230.9800
9004,372,347,24/07/2022,22/08/2022,19.6800,6,0.00,6.4944,3.2800
9005,461,370,27/02/2022,06/03/2022,19.9800,1,0.00,9.3906,19.9800
9006,593,1700,05/12/2022,10/12/2022,208.4400,3,0.00,62.5320,69.4800
9007,323,529,26/04/2022,19/05/2022,17.9040,4,0.70,-14.9200,3.7760
9008,128,129,20/05/2022,18/06/2022,6.0800,1,0.00,3.0400,6.0800
9009,788,663,07/05/2022,21/05/2022,528.4300,5,0.30,0.0000,105.3860
9010,511,671,15/09/2022,09/10/2022,42.2800,7,0.00,19.8716,6.0400
9011,650,721,10/12/2022,22/12/2022,68.1120,3,0.20,17.8794,22.5040
9012,568,1466,01/03/2022,18/03/2022,16.7840,2,0.60,-22.2388,7.7920
9013,376,853,22/04/2022,04/05/2022,15.1920,3,0.20,5.5071,4.8640
9014,213,1295,29/04/2022,14/05/2022,108.9600,2,0.00,30.5088,54.4800
9015,255,1193,11/02/2022,24/02/2022,23.3440,2,0.20,-1.4590,11.4720
9016,144,637,17/01/2022,03/02/2022,8.6080,8,0.80,-13.3424,0.2760
9017,160,129,26/10/2022,14/11/2022,4.6720,2,0.20,1.4600,2.1360
9018,547,1012,30/06/2022,02/07/2022,125.7000,6,0.00,35.1960,20.9500
9019,249,1521,30/10/2022,09/11/2022,8.5600,2,0.00,3.8520,4.2800
9020,480,274,20/10/2022,13/11/2022,676.5500,5,0.00,6.7655,135.3100
9021,491,1010,22/09/2022,07/10/2022,100.7040,6,0.20,-1.2588,16.5840
9022,697,723,06/02/2022,06/03/2022,845.7280,13,0.20,84.5728,64.8560
9023,113,99,27/07/2022,10/08/2022,7.1520,3,0.20,2.3244,2.1840
9024,427,159,06/12/2022,28/12/2022,441.9200,2,0.20,49.7160,220.7600
9025,577,184,19/01/2022,22/01/2022,13.8900,3,0.00,4.5837,4.6300
9026,285,505,09/08/2022,06/09/2022,87.9200,5,0.20,15.3860,17.3840
9027,689,1641,03/07/2022,04/07/2022,31.8000,3,0.00,13.6740,10.6000
9028,522,133,25/07/2022,11/08/2022,14.0700,7,0.00,6.8943,2.0100
9029,484,899,11/12/2022,29/12/2022,900.0800,4,0.00,117.0104,225.0200
9030,388,401,17/09/2022,19/09/2022,140.7360,4,0.20,12.3144,34.9840
9031,83,30,21/04/2022,04/05/2022,14.2800,7,0.00,6.7116,2.0400
9032,271,998,19/12/2022,31/12/2022,12.8400,3,0.00,3.4668,4.2800
9033,139,318,30/05/2022,14/06/2022,220.2656,4,0.32,-42.1096,54.7464
9034,756,653,26/11/2022,04/12/2022,26.7200,5,0.20,9.3520,5.1440
9035,174,818,12/10/2022,29/10/2022,124.3600,2,0.00,33.5772,62.1800
9036,509,1693,23/01/2022,19/02/2022,11.5600,1,0.20,3.7570,11.3600
9037,266,1142,26/05/2022,08/06/2022,887.1030,7,0.10,177.4206,126.6290
9038,483,948,01/01/2022,02/01/2022,63.3120,3,0.20,20.5764,20.9040
9039,191,421,24/03/2022,06/04/2022,791.9640,6,0.40,-131.9940,131.5940
9040,163,1049,06/06/2022,09/06/2022,16.6800,2,0.00,4.3368,8.3400
9041,293,967,20/07/2022,23/07/2022,53.3160,2,0.40,-19.5492,26.2580
9042,479,1378,21/08/2022,15/09/2022,26.6400,1,0.00,7.4592,26.6400
9043,555,774,17/12/2022,08/01/2023,1690.0400,4,0.00,422.5100,422.5100
9044,155,832,17/12/2022,05/01/2023,13.1200,4,0.00,3.8048,3.2800
9045,328,131,28/09/2022,02/10/2022,212.6400,6,0.00,99.9408,35.4400
9046,384,611,21/11/2022,15/12/2022,34.4800,2,0.00,9.9992,17.2400
9047,107,203,21/07/2022,16/08/2022,134.3760,3,0.20,6.7188,44.5920
9048,698,218,21/10/2022,14/11/2022,258.0720,3,0.20,0.0000,85.8240
9049,61,765,06/01/2022,18/01/2022,258.4800,2,0.20,-3.2310,129.0400
9050,323,812,01/04/2022,09/04/2022,10.3680,2,0.20,3.6288,4.9840
9051,23,1674,23/09/2022,07/10/2022,59.9900,7,0.00,21.5964,8.5700
9052,582,803,28/05/2022,12/06/2022,7.2400,5,0.20,1.1765,1.2480
9053,235,1590,16/12/2022,22/12/2022,151.9600,5,0.60,-182.3520,29.7920
9054,298,274,05/09/2022,19/09/2022,947.1700,7,0.00,9.4717,135.3100
9055,223,237,23/01/2022,07/02/2022,73.8500,1,0.00,2.2155,73.8500
9056,107,1698,17/07/2022,08/08/2022,326.6460,3,0.10,39.9234,108.7820
9057,14,999,25/04/2022,02/05/2022,25.0800,6,0.00,9.0288,4.1800
9058,229,502,18/01/2022,22/01/2022,11.7600,4,0.00,3.1752,2.9400
9059,778,264,09/03/2022,23/03/2022,19.0960,7,0.20,6.6836,2.5280
9060,376,1584,11/12/2022,10/01/2023,276.7840,2,0.20,89.9548,138.1920
9061,229,1076,04/04/2022,28/04/2022,8.4480,2,0.20,2.9568,4.0240
9062,76,819,21/05/2022,03/06/2022,81.7920,6,0.20,26.5824,13.4320
9063,359,241,06/10/2022,10/10/2022,61.5420,1,0.40,-13.3341,61.1420
9064,558,338,29/09/2022,05/10/2022,39.7200,5,0.20,4.4685,7.7440
9065,654,998,17/03/2022,05/04/2022,30.8160,9,0.20,2.6964,3.2240
9066,336,540,01/09/2022,12/09/2022,601.5360,8,0.20,60.1536,74.9920
9067,282,1678,27/12/2022,14/01/2023,146.7300,3,0.00,68.9631,48.9100
9068,295,320,10/01/2022,02/02/2022,21.3000,5,0.00,8.7330,4.2600
9069,442,1040,10/11/2022,01/12/2022,27.8880,7,0.20,10.1094,3.7840
9070,169,956,30/05/2022,16/06/2022,146.0400,1,0.20,-12.7785,145.8400
9071,612,111,01/10/2022,25/10/2022,21.4800,6,0.00,10.5252,3.5800
9072,60,899,02/11/2022,30/11/2022,675.0600,3,0.00,87.7578,225.0200
9073,663,133,22/01/2022,11/02/2022,14.0700,7,0.00,6.8943,2.0100
9074,12,1227,23/06/2022,21/07/2022,36.7840,2,0.20,3.6784,18.1920
9075,90,1384,07/02/2022,09/02/2022,25.9200,4,0.00,12.4416,6.4800
9076,139,675,03/07/2022,06/07/2022,6.7440,4,0.80,-11.4648,0.8860
9077,483,771,30/07/2022,22/08/2022,139.9440,7,0.20,-31.4874,19.7920
9078,747,900,24/01/2022,15/02/2022,575.9200,2,0.20,71.9900,287.7600
9079,256,818,14/10/2022,26/10/2022,62.1800,1,0.00,16.7886,62.1800
9080,575,326,02/10/2022,23/10/2022,6.2400,3,0.00,2.6208,2.0800
9081,291,806,19/07/2022,16/08/2022,33.4400,10,0.20,11.7040,3.1440
9082,45,688,22/10/2022,29/10/2022,59.1840,2,0.20,5.1786,29.3920
9083,45,154,18/01/2022,21/01/2022,11.1600,2,0.00,5.5800,5.5800
9084,534,1283,10/02/2022,14/02/2022,35.0400,2,0.00,12.2640,17.5200
9085,698,620,15/11/2022,12/12/2022,646.7400,6,0.00,258.6960,107.7900
9086,549,25,27/05/2022,09/06/2022,11.6480,2,0.20,4.2224,5.6240
9087,565,1280,25/12/2022,28/12/2022,2799.9600,5,0.20,944.9865,559.7920
9088,166,52,09/06/2022,11/06/2022,80.9910,1,0.10,8.0991,80.8910
9089,136,1681,22/01/2022,26/01/2022,440.9100,9,0.00,123.4548,48.9900
9090,714,1847,16/08/2022,27/08/2022,224.9370,3,0.70,-164.9538,74.2790
9091,665,10,15/09/2022,14/10/2022,73.5360,4,0.20,9.1920,18.1840
9092,452,318,15/11/2022,27/11/2022,388.7040,6,0.20,-4.8588,64.5840
9093,449,653,02/08/2022,23/08/2022,26.7200,5,0.20,9.3520,5.1440
9094,351,1533,04/05/2022,05/05/2022,193.0656,4,0.32,-19.8744,47.9464
9095,606,1133,27/10/2022,30/10/2022,47.9680,2,0.20,4.1972,23.7840
9096,31,129,29/08/2022,17/09/2022,18.2400,3,0.00,9.1200,6.0800
9097,223,441,29/01/2022,17/02/2022,11.2140,2,0.70,-8.5974,4.9070
9098,598,1689,24/12/2022,31/12/2022,43.5600,3,0.20,-4.9005,14.3200
9099,415,1591,06/09/2022,11/09/2022,40.2560,4,0.20,11.0704,9.8640
9100,227,546,19/10/2022,31/10/2022,20.0960,4,0.20,3.0144,4.8240
9101,318,1133,20/08/2022,04/09/2022,167.8880,7,0.20,14.6902,23.7840
9102,758,1699,15/10/2022,05/11/2022,44.7360,8,0.20,4.4736,5.3920
9103,182,1752,14/05/2022,18/05/2022,183.9200,4,0.00,31.2664,45.9800
9104,793,381,06/02/2022,15/02/2022,21.5940,2,0.70,-15.8356,10.0970
9105,310,648,24/04/2022,20/05/2022,2479.9600,4,0.00,743.9880,619.9900
9106,579,57,13/03/2022,30/03/2022,170.3520,3,0.20,-17.0352,56.5840
9107,79,1671,10/03/2022,24/03/2022,20.0160,3,0.20,5.5044,6.4720
9108,335,772,04/11/2022,21/11/2022,1443.9600,12,0.00,375.4296,120.3300
9109,782,1126,22/12/2022,12/01/2023,16.1560,7,0.60,-12.1170,1.7080
9110,280,351,23/09/2022,08/10/2022,12.4620,3,0.80,-20.5623,3.3540
9111,575,618,26/05/2022,19/06/2022,12.3900,3,0.00,5.6994,4.1300
9112,172,432,15/01/2022,21/01/2022,111.9840,2,0.20,6.9990,55.7920
9113,679,960,06/04/2022,29/04/2022,399.9600,5,0.20,34.9965,79.7920
9114,765,1282,11/02/2022,12/02/2022,11.9600,2,0.00,5.8604,5.9800
9115,594,601,20/12/2022,21/12/2022,182.7200,8,0.00,84.0512,22.8400
9116,194,1393,07/12/2022,06/01/2023,824.9500,5,0.00,247.4850,164.9900
9117,747,584,08/10/2022,16/10/2022,139.9200,2,0.00,23.7864,69.9600
9118,39,1594,12/09/2022,21/09/2022,599.1650,5,0.15,35.2450,119.6830
9119,111,1040,19/02/2022,10/03/2022,9.9600,2,0.00,4.8804,4.9800
9120,208,961,08/01/2022,13/01/2022,63.5600,2,0.00,3.1780,31.7800
9121,386,1445,21/08/2022,11/09/2022,8.7000,5,0.70,-6.3800,1.0400
9122,432,1571,30/11/2022,17/12/2022,2.8800,1,0.00,1.3536,2.8800
9123,139,868,12/10/2022,17/10/2022,594.8160,2,0.20,59.4816,297.2080
9124,717,1155,27/01/2022,25/02/2022,119.0400,6,0.00,30.9504,19.8400
9125,330,1706,14/12/2022,07/01/2023,1001.5840,2,0.20,125.1980,500.5920
9126,433,615,10/07/2022,20/07/2022,5.1840,6,0.70,-3.6288,0.1640
9127,391,27,03/09/2022,26/09/2022,4228.7040,6,0.20,158.5764,704.5840
9128,192,191,01/01/2022,13/01/2022,5.2000,2,0.20,0.5850,2.4000
9129,512,19,21/10/2022,02/11/2022,8.5600,2,0.00,2.4824,4.2800
9130,55,128,10/06/2022,15/06/2022,146.8200,3,0.00,73.4100,48.9400
9131,97,937,09/06/2022,10/06/2022,14.8900,1,0.00,4.0203,14.8900
9132,468,205,26/06/2022,22/07/2022,16.7520,6,0.20,5.4444,2.5920
9133,4,66,02/01/2022,17/01/2022,1113.0240,8,0.20,111.3024,138.9280
9134,457,294,23/03/2022,02/04/2022,288.0000,4,0.20,57.6000,71.8000
9135,251,316,27/05/2022,30/05/2022,6.0960,2,0.20,2.1336,2.8480
9136,295,326,05/10/2022,02/11/2022,47.1200,8,0.00,20.7328,5.8900
9137,302,1748,20/07/2022,23/07/2022,32.4480,2,0.20,7.3008,16.0240
9138,689,1109,01/01/2022,27/01/2022,62.2960,13,0.20,21.0249,4.5920
9139,699,1639,16/01/2022,22/01/2022,21.9680,4,0.60,-15.9268,4.8920
9140,176,608,08/04/2022,12/04/2022,29.4600,6,0.00,14.4354,4.9100
9141,437,205,14/08/2022,24/08/2022,11.1680,4,0.20,3.6296,2.5920
9142,489,567,23/05/2022,15/06/2022,26.8800,6,0.00,6.7200,4.4800
9143,626,653,27/09/2022,25/10/2022,26.7200,4,0.00,12.8256,6.6800
9144,747,1492,09/04/2022,18/04/2022,5.2320,4,0.80,-8.1096,0.5080
9145,14,1416,08/10/2022,15/10/2022,13.3920,3,0.20,1.0044,4.2640
9146,128,1018,19/02/2022,27/02/2022,4.1600,2,0.20,0.3640,1.8800
9147,290,56,08/12/2022,14/12/2022,32.4000,5,0.00,15.5520,6.4800
9148,203,1270,17/02/2022,24/02/2022,270.7200,3,0.00,78.5088,90.2400
9149,65,68,05/08/2022,08/08/2022,113.8200,3,0.00,53.4954,37.9400
9150,482,1512,21/10/2022,06/11/2022,10.1600,2,0.00,3.4544,5.0800
9151,176,475,08/03/2022,04/04/2022,203.9200,4,0.00,55.0584,50.9800
9152,747,441,03/02/2022,25/02/2022,14.9520,1,0.20,5.0463,14.7520
9153,8,432,24/12/2022,08/01/2023,279.9600,5,0.20,17.4975,55.7920
9154,788,67,28/10/2022,01/11/2022,125.9760,3,0.20,47.2410,41.7920
9155,655,806,05/11/2022,08/11/2022,3.7620,3,0.70,-2.7588,0.5540
9156,413,1563,27/12/2022,08/01/2023,119.0400,6,0.00,48.8064,19.8400
9157,76,580,17/09/2022,15/10/2022,29.6000,2,0.00,14.8000,14.8000
9158,189,1209,27/01/2022,04/02/2022,11.9800,5,0.80,-19.1680,1.5960
9159,446,641,17/04/2022,09/05/2022,45.5280,3,0.20,15.9348,14.9760
9160,110,92,20/06/2022,11/07/2022,39.5520,3,0.20,14.3376,12.9840
9161,162,460,01/01/2022,14/01/2022,750.6800,2,0.00,37.5340,375.3400
9162,634,1051,11/04/2022,29/04/2022,13.9000,5,0.00,3.7530,2.7800
9163,564,741,23/01/2022,25/01/2022,15.5520,3,0.20,5.6376,4.9840
9164,141,81,04/09/2022,14/09/2022,51.3360,3,0.20,5.7753,16.9120
9165,714,967,20/02/2022,17/03/2022,35.5440,1,0.20,-0.8886,35.3440
9166,47,346,27/05/2022,23/06/2022,14.8000,4,0.00,6.0680,3.7000
9167,710,1411,29/05/2022,14/06/2022,27.1680,4,0.20,-1.3584,6.5920
9168,598,867,05/10/2022,25/10/2022,833.9400,6,0.00,216.8244,138.9900
9169,677,419,27/12/2022,25/01/2023,272.7360,3,0.20,-64.7748,90.7120
9170,48,354,03/09/2022,22/09/2022,19.4400,3,0.00,9.3312,6.4800
9171,372,871,07/03/2022,29/03/2022,599.9000,10,0.00,191.9680,59.9900
9172,83,239,05/02/2022,24/02/2022,1.6240,2,0.80,-4.4660,0.0120
9173,787,277,15/12/2022,04/01/2023,11.4240,1,0.20,3.7128,11.2240
9174,176,1322,06/11/2022,01/12/2022,319.9680,4,0.20,95.9904,79.7920
9175,313,414,07/02/2022,28/02/2022,347.5800,3,0.00,17.3790,115.8600
9176,288,1658,25/10/2022,13/11/2022,116.2800,3,0.00,56.9772,38.7600
9177,169,308,15/09/2022,14/10/2022,22.4500,5,0.00,10.3270,4.4900
9178,521,598,24/03/2022,03/04/2022,45.5840,7,0.20,5.1282,6.3120
9179,252,123,15/01/2022,25/01/2022,1.5920,2,0.80,-2.6268,-0.0040
9180,759,675,11/05/2022,24/05/2022,12.6450,5,0.70,-10.1160,1.8290
9181,212,62,10/07/2022,12/07/2022,25.8240,6,0.20,9.3612,4.1040
9182,70,1106,16/05/2022,11/06/2022,30.8160,9,0.20,9.6300,3.2240
9183,326,238,02/01/2022,08/01/2022,17.5200,4,0.00,8.4096,4.3800
9184,40,67,15/05/2022,06/06/2022,104.9800,2,0.00,52.4900,52.4900
9185,738,750,18/06/2022,08/07/2022,1.0800,3,0.80,-1.7280,-0.4400
9186,303,116,09/02/2022,07/03/2022,1577.9400,3,0.00,757.4112,525.9800
9187,756,799,22/10/2022,08/11/2022,86.0580,7,0.70,-63.1092,11.5940
9188,236,122,28/04/2022,01/05/2022,1441.3000,7,0.00,245.0210,205.9000
9189,215,664,06/08/2022,24/08/2022,180.6600,3,0.00,50.5848,60.2200
9190,274,30,01/04/2022,02/04/2022,12.2400,6,0.00,5.7528,2.0400
9191,706,526,11/11/2022,07/12/2022,14.5920,3,0.20,4.9248,4.6640
9192,479,1762,19/04/2022,12/05/2022,686.4000,2,0.20,77.2200,343.0000
9193,714,1222,14/04/2022,06/05/2022,14.7600,4,0.00,6.9372,3.6900
9194,324,1179,11/10/2022,21/10/2022,36.2880,7,0.20,12.7008,4.9840
9195,9,1298,20/07/2022,22/07/2022,13.0230,1,0.70,-10.4184,12.3230
9196,535,1539,10/07/2022,06/08/2022,9.0000,3,0.20,3.1500,2.8000
9197,271,764,11/06/2022,20/06/2022,1979.7000,6,0.00,653.3010,329.9500
9198,330,1410,16/04/2022,28/04/2022,72.7440,7,0.20,-12.7302,10.1920
9199,97,597,21/05/2022,19/06/2022,64.9600,5,0.60,-43.8480,12.3920
9200,143,51,04/04/2022,26/04/2022,15.4000,5,0.00,7.3920,3.0800
9201,601,1234,26/07/2022,08/08/2022,20.9360,1,0.20,7.0659,20.7360
9202,142,624,04/02/2022,28/02/2022,866.6460,3,0.10,173.3292,288.7820
9203,320,1305,29/05/2022,13/06/2022,241.4240,2,0.20,-36.2136,120.5120
9204,422,1033,08/01/2022,18/01/2022,70.9800,1,0.00,3.5490,70.9800
9205,352,1772,03/02/2022,11/02/2022,25.8300,3,0.00,9.5571,8.6100
9206,616,1754,25/07/2022,27/07/2022,66.9600,4,0.00,2.6784,16.7400
9207,790,133,23/07/2022,20/08/2022,9.6480,6,0.20,3.4974,1.4080
9208,330,256,23/12/2022,22/01/2023,41.4000,4,0.00,19.8720,10.3500
9209,789,1076,24/09/2022,02/10/2022,3.1680,3,0.80,-5.0688,0.2560
9210,739,203,02/03/2022,27/03/2022,89.5840,2,0.20,4.4792,44.5920
9211,70,678,26/03/2022,01/04/2022,36.6720,3,0.20,6.4176,12.0240
9212,287,1198,16/12/2022,19/12/2022,18.3680,4,0.20,5.9696,4.3920
9213,437,308,02/02/2022,12/02/2022,2.6940,3,0.80,-4.7145,0.0980
9214,309,599,26/01/2022,03/02/2022,8.7840,1,0.20,3.1842,8.5840
9215,505,258,30/09/2022,27/10/2022,597.0000,3,0.00,280.5900,199.0000
9216,428,1138,23/04/2022,18/05/2022,1259.9300,7,0.00,327.5818,179.9900
9217,174,9,22/09/2022,09/10/2022,30.8400,4,0.00,13.8780,7.7100
9218,256,1674,30/05/2022,05/06/2022,17.1400,2,0.00,6.1704,8.5700
9219,717,1128,31/05/2022,09/06/2022,11.8080,4,0.20,3.9852,2.7520
9220,217,1231,11/09/2022,30/09/2022,485.9400,2,0.40,-89.0890,242.5700
9221,231,1652,13/03/2022,24/03/2022,37.3760,8,0.20,7.4752,4.4720
9222,435,1088,04/03/2022,21/03/2022,76.7520,6,0.20,10.5534,12.5920
9223,679,1201,12/02/2022,28/02/2022,5.3440,2,0.20,0.7348,2.4720
9224,505,972,16/02/2022,27/02/2022,264.1800,7,0.00,68.6868,37.7400
9225,238,494,06/02/2022,20/02/2022,5.4700,1,0.00,2.3521,5.4700
9226,125,1058,05/06/2022,13/06/2022,31.7760,4,0.20,8.7384,7.7440
9227,536,580,21/03/2022,10/04/2022,44.4000,3,0.00,22.2000,14.8000
9228,206,1387,27/08/2022,31/08/2022,63.9600,4,0.00,30.7008,15.9900
9229,796,213,28/12/2022,17/01/2023,141.3720,2,0.30,-48.4704,70.3860
9230,158,1540,25/01/2022,15/02/2022,377.9700,3,0.00,94.4925,125.9900
9231,307,810,31/08/2022,24/09/2022,258.2790,3,0.30,-70.1043,85.7930
9232,628,1741,16/11/2022,19/11/2022,97.9680,2,0.20,6.1230,48.7840
9233,218,913,03/07/2022,14/07/2022,92.9600,2,0.20,31.3740,46.2800
9234,408,1518,05/02/2022,12/02/2022,47.0400,4,0.00,15.9936,11.7600
9235,6,626,22/06/2022,23/06/2022,3.8820,3,0.80,-5.8230,0.4940
9236,214,34,18/09/2022,11/10/2022,49.1200,4,0.00,23.0864,12.2800
9237,761,1140,15/01/2022,05/02/2022,10.3680,2,0.20,3.6288,4.9840
9238,574,642,31/07/2022,27/08/2022,21.5600,7,0.00,10.3488,3.0800
9239,142,1035,08/11/2022,09/11/2022,6.5880,3,0.80,-10.2114,1.3960
9240,151,1179,14/09/2022,09/10/2022,32.4000,5,0.00,15.5520,6.4800
9241,307,1268,06/02/2022,28/02/2022,2.0430,1,0.70,-1.4982,1.3430
9242,570,206,12/01/2022,03/02/2022,22.7040,6,0.20,8.2302,3.5840
9243,497,1661,02/11/2022,04/11/2022,505.3200,3,0.20,31.5825,168.2400
9244,5,475,07/11/2022,16/11/2022,101.9600,2,0.00,27.5292,50.9800
9245,189,930,03/11/2022,02/12/2022,71.0000,4,0.00,27.6900,17.7500
9246,285,154,28/08/2022,15/09/2022,23.4720,3,0.20,7.6284,7.6240
9247,717,754,20/07/2022,10/08/2022,26.2200,3,0.00,12.3234,8.7400
9248,277,1570,03/04/2022,25/04/2022,579.5280,4,0.10,83.7096,144.7820
9249,159,1510,10/05/2022,25/05/2022,286.9300,7,0.00,140.5957,40.9900
9250,535,904,09/10/2022,28/10/2022,76.7520,3,0.20,-9.5940,25.3840
9251,406,179,23/01/2022,07/02/2022,15.5100,1,0.00,4.3428,15.5100
9252,180,1475,26/02/2022,03/03/2022,220.9800,1,0.00,50.8254,220.9800
9253,248,114,04/05/2022,17/05/2022,65.2320,3,0.20,22.0158,21.5440
9254,627,796,19/02/2022,20/02/2022,108.4000,2,0.00,22.7640,54.2000
9255,216,1600,23/05/2022,04/06/2022,37.3000,2,0.00,17.1580,18.6500
9256,62,34,26/05/2022,28/05/2022,11.9520,3,0.20,4.0338,3.7840
9257,581,666,26/05/2022,17/06/2022,369.5440,7,0.20,27.7158,52.5920
9258,382,1277,08/09/2022,11/09/2022,15.5520,3,0.20,5.4432,4.9840
9259,395,1258,01/08/2022,14/08/2022,427.6440,14,0.10,80.7772,30.4460
9260,788,361,05/04/2022,09/04/2022,60.6900,7,0.00,16.3863,8.6700
9261,479,1094,09/12/2022,10/12/2022,35.9200,4,0.00,15.0864,8.9800
9262,64,422,19/12/2022,31/12/2022,15.4200,1,0.00,4.1634,15.4200
9263,648,220,17/12/2022,14/01/2023,26.4000,5,0.00,11.8800,5.2800
9264,275,85,24/12/2022,29/12/2022,59.9700,3,0.00,20.3898,19.9900
9265,343,1117,22/05/2022,03/06/2022,10.5280,4,0.20,3.4216,2.4320
9266,559,1058,25/12/2022,04/01/2023,49.6500,5,0.00,20.8530,9.9300
9267,780,16,14/06/2022,19/06/2022,5.9360,7,0.80,-8.9040,0.0480
9268,575,682,16/09/2022,30/09/2022,39.9600,2,0.00,18.7812,19.9800
9269,578,1026,09/11/2022,05/12/2022,2.3340,3,0.80,-6.3018,-0.0220
9270,4,1235,17/07/2022,03/08/2022,62.9580,7,0.40,9.4437,8.5940
9271,442,660,22/02/2022,08/03/2022,5.0000,1,0.00,2.4000,5.0000
9272,467,1679,05/02/2022,26/02/2022,22.9600,2,0.00,4.3624,11.4800
9273,285,1481,13/10/2022,09/11/2022,861.7600,4,0.00,249.9104,215.4400
9274,393,1494,19/06/2022,15/07/2022,31.1200,4,0.00,0.3112,7.7800
9275,18,643,01/01/2022,30/01/2022,66.6900,3,0.00,22.0077,22.2300
9276,126,799,09/01/2022,23/01/2022,32.7840,4,0.80,-52.4544,7.3960
9277,120,801,17/12/2022,24/12/2022,5.5800,3,0.00,0.1674,1.8600
9278,529,525,14/03/2022,12/04/2022,431.9680,4,0.20,37.7972,107.7920
9279,513,1297,30/04/2022,09/05/2022,1.2720,2,0.80,-2.1624,-0.1640
9280,410,366,24/10/2022,26/10/2022,15.7500,5,0.00,7.5600,3.1500
9281,407,884,29/08/2022,27/09/2022,839.9880,2,0.40,69.9990,419.5940
9282,488,1346,26/09/2022,27/09/2022,8187.6500,5,0.00,327.5060,1637.5300
9283,398,1450,22/03/2022,09/04/2022,15.9360,4,0.20,5.3784,3.7840
9284,321,337,06/05/2022,16/05/2022,8.6520,3,0.80,-20.3322,2.0840
9285,308,392,08/07/2022,26/07/2022,61.1000,5,0.00,18.3300,12.2200
9286,779,1333,26/05/2022,16/06/2022,6.4800,1,0.00,3.1104,6.4800
9287,508,1162,01/08/2022,09/08/2022,64.6800,7,0.20,8.0850,9.0400
9288,724,59,01/05/2022,29/05/2022,48.4800,4,0.20,16.3620,11.9200
9289,404,199,19/03/2022,08/04/2022,41.6000,4,0.20,13.0000,10.2000
9290,449,1594,10/06/2022,11/06/2022,383.4656,4,0.32,-67.6704,95.5464
9291,183,1304,30/01/2022,16/02/2022,400.8000,5,0.00,112.2240,80.1600
9292,731,820,13/01/2022,29/01/2022,268.7040,3,0.20,6.7176,89.3680
9293,44,418,07/12/2022,13/12/2022,277.4000,5,0.00,133.1520,55.4800
9294,342,519,24/11/2022,04/12/2022,285.5520,2,0.20,35.6940,142.5760
9295,734,245,31/07/2022,29/08/2022,37.2080,1,0.20,-7.4416,37.0080
9296,448,1678,04/05/2022,20/05/2022,244.5500,5,0.00,114.9385,48.9100
9297,237,379,13/07/2022,06/08/2022,909.7200,6,0.30,-51.9840,151.3200
9298,120,675,20/12/2022,06/01/2023,47.2080,7,0.20,15.3426,6.5440
9299,143,444,04/11/2022,10/11/2022,33.9300,3,0.70,-22.6200,10.6100
9300,239,23,17/08/2022,21/08/2022,25.8600,3,0.00,6.7236,8.6200
9301,75,1214,01/12/2022,14/12/2022,19.9600,2,0.00,9.3812,9.9800
9302,516,366,12/08/2022,11/09/2022,3.1500,1,0.00,1.5120,3.1500
9303,295,1361,16/06/2022,03/07/2022,12.5600,2,0.00,5.6520,6.2800
9304,121,675,18/09/2022,16/10/2022,6.7440,4,0.80,-11.4648,0.8860
9305,106,456,21/09/2022,05/10/2022,5.8800,2,0.00,1.7052,2.9400
9306,194,806,08/06/2022,20/06/2022,3.7620,3,0.70,-2.7588,0.5540
9307,599,1134,25/12/2022,13/01/2023,19.4400,3,0.00,9.3312,6.4800
9308,592,1347,11/01/2022,09/02/2022,81.9600,2,0.00,22.9488,40.9800
9309,67,39,09/05/2022,11/05/2022,90.8820,1,0.10,15.1470,90.7820
9310,143,69,02/07/2022,20/07/2022,11.5400,2,0.00,5.7700,5.7700
9311,623,804,28/10/2022,14/11/2022,88.7520,3,0.20,27.7350,29.3840
9312,616,1592,02/10/2022,09/10/2022,48.9000,5,0.00,18.0930,9.7800
9313,82,68,06/06/2022,03/07/2022,113.8200,3,0.00,53.4954,37.9400
9314,158,1433,21/11/2022,18/12/2022,8.5440,2,0.60,-7.4760,3.6720
9315,673,221,18/10/2022,26/10/2022,15.5520,3,0.20,5.6376,4.9840
9316,577,1040,23/08/2022,26/08/2022,27.8880,7,0.20,10.1094,3.7840
9317,251,663,10/07/2022,14/07/2022,271.7640,2,0.10,60.3920,135.7820
9318,207,1294,20/09/2022,28/09/2022,63.2000,5,0.00,23.3840,12.6400
9319,537,1353,09/12/2022,13/12/2022,776.8500,5,0.40,-181.2650,154.9700
9320,224,380,18/07/2022,12/08/2022,42.6000,3,0.00,16.6140,14.2000
9321,511,1529,03/04/2022,30/04/2022,41.2400,5,0.20,13.9185,8.0480
9322,399,824,09/12/2022,15/12/2022,12.2240,2,0.20,4.4312,5.9120
9323,182,193,13/02/2022,22/02/2022,31.4000,5,0.00,13.1880,6.2800
9324,416,1271,09/03/2022,06/04/2022,19.4400,3,0.00,9.3312,6.4800
9325,11,154,19/03/2022,12/04/2022,8.9280,2,0.20,3.3480,4.2640
9326,386,1508,26/02/2022,23/03/2022,1704.8900,11,0.00,767.2005,154.9900
9327,579,522,01/07/2022,31/07/2022,183.9600,5,0.20,20.6955,36.5920
9328,687,304,22/10/2022,13/11/2022,55.2640,2,0.20,20.7240,27.4320
9329,589,1198,10/10/2022,22/10/2022,18.3680,4,0.20,5.9696,4.3920
9330,300,685,10/05/2022,22/05/2022,36.9600,4,0.20,12.0120,9.0400
9331,653,540,06/02/2022,19/02/2022,281.9700,3,0.00,78.9516,93.9900
9332,456,1588,27/05/2022,01/06/2022,83.7000,5,0.00,41.0130,16.7400
9333,104,1672,21/12/2022,20/01/2023,9.4800,3,0.20,0.7110,2.9600
9334,62,1003,22/07/2022,19/08/2022,28.9000,5,0.00,14.1610,5.7800
9335,72,1730,26/03/2022,03/04/2022,213.2160,3,0.20,15.9912,70.8720
9336,228,745,11/06/2022,09/07/2022,9.8200,2,0.00,4.8118,4.9100
9337,554,1244,15/09/2022,30/09/2022,54.3680,4,0.20,4.0776,13.3920
9338,455,928,23/03/2022,20/04/2022,10.3680,2,0.20,3.6288,4.9840
9339,688,1564,20/02/2022,05/03/2022,879.9840,2,0.20,329.9940,439.7920
9340,601,1644,07/04/2022,06/05/2022,31.0500,3,0.00,14.9040,10.3500
9341,608,1259,20/03/2022,24/03/2022,8.8000,5,0.00,4.2240,1.7600
9342,55,1649,16/07/2022,09/08/2022,674.3520,3,0.20,-8.4294,224.5840
9343,29,950,22/04/2022,23/04/2022,37.0000,5,0.00,16.6500,7.4000
9344,749,1421,07/05/2022,11/05/2022,15.8000,5,0.20,2.3700,2.9600
9345,138,39,01/12/2022,10/12/2022,90.8820,1,0.10,15.1470,90.7820
9346,503,908,16/11/2022,03/12/2022,179.9000,5,0.00,44.9750,35.9800
9347,243,1680,03/06/2022,18/06/2022,27.6000,4,0.00,2.2080,6.9000
9348,125,249,16/11/2022,01/12/2022,7.0400,4,0.00,3.0976,1.7600
9349,513,596,10/01/2022,03/02/2022,237.0960,3,0.20,20.7459,78.8320
9350,117,1210,20/02/2022,06/03/2022,146.3520,3,0.20,-9.1470,48.5840
9351,552,193,10/08/2022,25/08/2022,18.8400,3,0.00,7.9128,6.2800
9352,552,1320,29/01/2022,03/02/2022,359.9760,3,0.20,130.4913,119.7920
9353,705,224,04/05/2022,01/06/2022,79.9600,5,0.20,27.9860,15.7920
9354,300,720,17/11/2022,19/11/2022,64.9600,4,0.00,9.7440,16.2400
9355,737,1260,18/03/2022,11/04/2022,18.2720,1,0.20,5.9384,18.0720
9356,345,1210,01/05/2022,17/05/2022,243.9200,5,0.20,-15.2450,48.5840
9357,500,1119,04/10/2022,03/11/2022,111.9600,4,0.00,21.2724,27.9900
9358,194,1763,10/07/2022,30/07/2022,170.2400,2,0.20,53.2000,84.9200
9359,138,1451,10/10/2022,03/11/2022,500.2400,13,0.00,145.0696,38.4800
9360,723,1298,01/07/2022,29/07/2022,26.0460,3,0.80,-44.2782,7.8820
9361,110,116,17/12/2022,16/01/2023,841.5680,2,0.20,294.5488,420.5840
9362,644,168,20/04/2022,25/04/2022,389.0560,4,0.20,48.6320,97.0640
9363,120,678,27/07/2022,30/07/2022,36.6720,3,0.20,6.4176,12.0240
9364,752,1473,23/10/2022,30/10/2022,537.5440,7,0.20,53.7544,76.5920
9365,698,460,02/03/2022,23/03/2022,750.6800,2,0.00,37.5340,375.3400
9366,257,1428,26/08/2022,06/09/2022,332.9400,3,0.00,9.9882,110.9800
9367,455,723,11/06/2022,22/06/2022,48.7920,3,0.80,-126.8592,15.4640
9368,491,999,12/10/2022,19/10/2022,12.5400,3,0.00,4.5144,4.1800
9369,235,901,14/06/2022,04/07/2022,58.7200,4,0.00,27.0112,14.6800
9370,575,1488,10/09/2022,10/10/2022,8.2880,2,0.20,3.0044,3.9440
9371,123,1793,02/08/2022,15/08/2022,423.6480,2,0.20,47.6604,211.6240
9372,217,740,21/11/2022,24/11/2022,11.8800,5,0.70,-7.9200,1.6760
9373,166,1288,13/10/2022,16/10/2022,91.1760,3,0.20,4.5588,30.1920
9374,489,501,20/11/2022,12/12/2022,14.8500,5,0.40,-3.2175,2.5700
9375,221,542,01/02/2022,03/03/2022,209.5680,2,0.20,-23.5764,104.5840
9376,54,370,12/07/2022,10/08/2022,19.9800,1,0.00,9.3906,19.9800
9377,590,236,09/04/2022,23/04/2022,6.7900,1,0.00,2.3086,6.7900
9378,310,852,19/07/2022,08/08/2022,69.9300,7,0.00,32.1678,9.9900
9379,667,386,22/07/2022,04/08/2022,342.8640,3,0.20,38.5722,114.0880
9380,103,1500,12/11/2022,03/12/2022,40.6800,2,0.00,0.4068,20.3400
9381,15,71,12/10/2022,31/10/2022,389.9700,3,0.00,35.0973,129.9900
9382,97,461,20/10/2022,01/11/2022,129.5680,2,0.20,-25.9136,64.5840
9383,240,1138,31/12/2022,03/01/2023,575.9680,4,0.20,43.1976,143.7920
9384,395,112,14/02/2022,12/03/2022,26.5500,9,0.00,12.7440,2.9500
9385,21,295,03/11/2022,26/11/2022,7.1600,2,0.00,3.5800,3.5800
9386,434,460,28/10/2022,26/11/2022,1126.0200,3,0.00,56.3010,375.3400
9387,285,339,05/01/2022,22/01/2022,27.3960,9,0.80,-42.4638,2.2440
9388,75,281,06/08/2022,17/08/2022,18.1920,4,0.70,-14.5536,3.8480
9389,745,328,19/12/2022,04/01/2023,1.7440,1,0.20,-0.3488,1.5440
9390,594,660,15/08/2022,09/09/2022,15.0000,3,0.00,7.2000,5.0000
9391,140,623,20/11/2022,15/12/2022,466.3200,3,0.20,34.9740,155.2400
9392,775,335,21/09/2022,17/10/2022,99.1360,4,0.20,30.9800,24.5840
9393,361,676,14/07/2022,27/07/2022,22.7200,4,0.00,6.5888,5.6800
9394,765,865,02/04/2022,21/04/2022,5.1840,3,0.20,1.8144,1.5280
9395,656,38,12/10/2022,21/10/2022,626.3520,3,0.20,46.9764,208.5840
9396,157,1557,23/08/2022,19/09/2022,8.5440,4,0.20,1.9224,1.9360
9397,737,768,20/05/2022,19/06/2022,14.0300,1,0.00,4.0687,14.0300
9398,634,1227,13/07/2022,17/07/2022,68.9700,3,0.00,19.3116,22.9900
9399,677,1765,22/06/2022,26/06/2022,11.9600,2,0.00,5.3820,5.9800
9400,163,1105,30/11/2022,14/12/2022,206.9620,2,0.30,-32.5226,103.1810
9401,717,832,28/06/2022,05/07/2022,6.5600,2,0.00,1.9024,3.2800
9402,634,395,17/09/2022,24/09/2022,45.6800,2,0.00,21.0128,22.8400
9403,234,718,11/12/2022,31/12/2022,422.8560,3,0.20,15.8571,140.7520
9404,600,785,20/03/2022,16/04/2022,36.6240,3,0.20,13.7340,12.0080
9405,287,1672,18/08/2022,20/08/2022,7.9000,2,0.00,2.0540,3.9500
9406,800,1684,07/11/2022,03/12/2022,16.7760,3,0.20,4.8231,5.3920
9407,682,1584,30/05/2022,18/06/2022,415.1760,3,0.20,134.9322,138.1920
9408,494,166,19/12/2022,14/01/2023,209.7920,2,0.20,26.2240,104.6960
9409,533,1230,19/05/2022,27/05/2022,5.0400,3,0.00,1.2600,1.6800
9410,345,166,04/04/2022,19/04/2022,209.7920,2,0.20,26.2240,104.6960
9411,453,1331,20/04/2022,07/05/2022,6.0000,2,0.20,2.1000,2.8000
9412,304,910,09/09/2022,30/09/2022,272.6100,13,0.00,98.1396,20.9700
9413,636,979,08/06/2022,22/06/2022,4.4700,3,0.80,-7.8225,0.6900
9414,420,1233,31/10/2022,08/11/2022,2003.9200,5,0.20,-25.0490,400.5840
9415,481,384,06/03/2022,24/03/2022,252.7840,4,0.80,-417.0936,62.3960
9416,499,167,01/09/2022,08/09/2022,20.1600,4,0.20,6.5520,4.8400
9417,590,972,13/03/2022,20/03/2022,113.2200,3,0.00,29.4372,37.7400
9418,377,310,28/04/2022,18/05/2022,2036.8600,7,0.00,366.6348,290.9800
9419,617,77,24/12/2022,23/01/2023,30.8800,4,0.20,3.8600,7.5200
9420,514,497,21/10/2022,31/10/2022,22.9600,2,0.00,11.2504,11.4800
9421,442,917,13/09/2022,17/09/2022,16.6560,3,0.20,3.3312,5.3520
9422,535,1192,11/01/2022,23/01/2022,38.2800,6,0.00,17.6088,6.3800
9423,334,413,09/06/2022,08/07/2022,45.5760,3,0.20,15.9516,14.9920
9424,281,1332,29/12/2022,06/01/2023,36.4400,4,0.00,16.3980,9.1100
9425,383,1796,16/09/2022,12/10/2022,84.2720,2,0.60,-75.8448,41.5360
9426,96,180,26/07/2022,10/08/2022,899.1360,4,0.20,112.3920,224.5840
9427,522,1310,09/01/2022,23/01/2022,322.1920,13,0.20,100.6850,24.5840
9428,15,23,27/08/2022,25/09/2022,25.8600,3,0.00,6.7236,8.6200
9429,403,875,03/07/2022,28/07/2022,6.4080,4,0.70,-4.9128,0.9020
9430,597,742,09/08/2022,25/08/2022,102.3000,1,0.00,26.5980,102.3000
9431,83,797,02/02/2022,23/02/2022,8.5200,3,0.00,4.1748,2.8400
9432,408,930,03/12/2022,16/12/2022,28.4000,2,0.20,6.7450,14.0000
9433,427,1695,28/10/2022,21/11/2022,5.4720,6,0.20,1.8468,0.7120
9434,505,826,26/04/2022,29/04/2022,40.9680,3,0.20,13.8267,13.4560
9435,376,434,04/08/2022,18/08/2022,39.9600,4,0.00,10.3896,9.9900
9436,252,1415,02/02/2022,11/02/2022,13.7760,6,0.80,-22.0416,1.4960
9437,220,161,09/07/2022,23/07/2022,355.9600,2,0.00,103.2284,177.9800
9438,695,1495,06/10/2022,21/10/2022,89.9700,3,0.00,25.1916,29.9900
9439,777,207,02/08/2022,30/08/2022,22.7200,1,0.00,9.3152,22.7200
9440,137,981,06/02/2022,07/02/2022,27.1200,4,0.00,12.4752,6.7800
9441,788,519,04/09/2022,16/09/2022,892.3500,5,0.00,267.7050,178.4700
9442,578,442,07/05/2022,29/05/2022,383.6400,6,0.00,122.7648,63.9400
9443,42,1540,01/03/2022,15/03/2022,604.7520,6,0.20,37.7970,100.5920
9444,439,9,02/09/2022,08/09/2022,15.4200,2,0.00,6.9390,7.7100
9445,780,1653,06/07/2022,28/07/2022,43.9600,2,0.00,20.6612,21.9800
9446,564,1316,22/10/2022,08/11/2022,6.4800,1,0.00,3.1104,6.4800
9447,729,213,22/09/2022,03/10/2022,70.6860,1,0.30,-24.2352,70.3860
9448,314,1479,17/01/2022,29/01/2022,418.8000,2,0.40,-97.7200,209.0000
9449,525,530,27/08/2022,05/09/2022,113.7300,3,0.00,32.9817,37.9100
9450,99,1175,04/07/2022,28/07/2022,67.1940,1,0.70,-51.5154,66.4940
9451,165,99,17/04/2022,17/05/2022,1.1920,2,0.80,-2.0264,-0.2040
9452,130,1408,20/08/2022,04/09/2022,503.9600,4,0.00,125.9900,125.9900
9453,407,1391,11/08/2022,29/08/2022,33.5700,5,0.70,-25.7370,6.0140
9454,284,1011,05/11/2022,04/12/2022,154.9000,5,0.00,69.7050,30.9800
9455,489,1512,11/10/2022,26/10/2022,2.0320,1,0.60,-1.3208,1.4320
9456,39,224,27/04/2022,21/05/2022,31.9840,2,0.20,11.1944,15.7920
9457,487,79,24/08/2022,31/08/2022,17.8560,4,0.20,6.2496,4.2640
9458,544,1141,15/05/2022,13/06/2022,283.1400,4,0.10,72.3580,70.6850
9459,763,445,06/11/2022,05/12/2022,74.7600,3,0.00,34.3896,24.9200
9460,215,1336,24/08/2022,07/09/2022,435.1680,4,0.20,-59.8356,108.5920
9461,769,44,20/08/2022,31/08/2022,45.9800,2,0.00,19.7714,22.9900
9462,552,781,16/06/2022,25/06/2022,211.1680,4,0.20,23.7564,52.5920
9463,587,987,21/07/2022,17/08/2022,11.1200,4,0.00,5.4488,2.7800
9464,581,906,09/09/2022,19/09/2022,110.9800,1,0.00,15.5372,110.9800
9465,706,1551,25/06/2022,12/07/2022,37.1700,9,0.00,10.4076,4.1300
9466,30,1310,14/11/2022,25/11/2022,61.9600,2,0.00,27.8820,30.9800
9467,271,1561,13/09/2022,04/10/2022,39.0720,3,0.20,2.9304,12.8240
9468,290,783,10/07/2022,02/08/2022,6.5400,1,0.00,3.0084,6.5400
9469,280,1050,22/04/2022,22/05/2022,211.9600,2,0.00,42.3920,105.9800
9470,791,829,23/07/2022,19/08/2022,119.8330,1,0.15,-12.6882,119.6830
9471,397,14,23/03/2022,02/04/2022,50.9970,1,0.70,-40.7976,50.2970
9472,788,1400,11/08/2022,19/08/2022,6.6800,2,0.00,2.0040,3.3400
9473,45,772,08/01/2022,12/01/2022,1564.2900,13,0.00,406.7154,120.3300
9474,78,1005,09/05/2022,10/05/2022,12.8400,3,0.00,5.7780,4.2800
9475,768,690,20/02/2022,14/03/2022,51.9400,1,0.00,21.2954,51.9400
9476,587,1502,08/05/2022,12/05/2022,219.8000,5,0.20,24.7275,43.7600
9477,109,1301,30/04/2022,27/05/2022,34.8600,7,0.00,16.3842,4.9800
9478,310,407,21/06/2022,15/07/2022,518.2720,8,0.20,-97.1760,64.5840
9479,551,833,29/08/2022,02/09/2022,300.9300,5,0.30,-34.3920,59.8860
9480,755,525,21/12/2022,31/12/2022,431.9680,4,0.20,37.7972,107.7920
9481,7,93,13/10/2022,10/11/2022,56.8200,3,0.00,28.4100,18.9400
9482,517,604,26/07/2022,06/08/2022,119.9800,2,0.00,57.5904,59.9900
9483,425,269,25/08/2022,28/08/2022,287.9400,3,0.00,77.7438,95.9800
9484,200,1455,22/09/2022,27/09/2022,9.9600,5,0.60,-6.7230,1.3920
9485,587,900,14/09/2022,12/10/2022,1799.7500,5,0.00,539.9250,359.9500
9486,349,569,10/07/2022,25/07/2022,220.0640,4,0.20,55.0160,54.8160
9487,520,1836,19/10/2022,29/10/2022,6.3600,2,0.00,0.0636,3.1800
9488,536,4,01/10/2022,19/10/2022,191.5155,1,0.45,-76.6062,191.0655
9489,726,148,31/01/2022,15/02/2022,21.5680,2,0.20,1.6176,10.5840
9490,466,1144,25/01/2022,07/02/2022,37.6800,2,0.00,15.8256,18.8400
9491,30,1029,14/01/2022,30/01/2022,27.7200,9,0.00,13.3056,3.0800
9492,409,299,05/11/2022,09/11/2022,169.4500,5,0.00,42.3625,33.8900
9493,618,35,27/09/2022,11/10/2022,235.1880,2,0.40,-43.1178,117.1940
9494,42,907,23/04/2022,30/04/2022,63.9920,1,0.20,-7.1991,63.7920
9495,316,57,23/12/2022,15/01/2023,212.9400,3,0.00,25.5528,70.9800
9496,70,1137,11/10/2022,10/11/2022,1299.6600,2,0.00,350.9082,649.8300
9497,114,506,16/01/2022,31/01/2022,51.5200,4,0.00,1.5456,12.8800
9498,414,1112,05/01/2022,11/01/2022,9.8200,2,0.00,4.8118,4.9100
9499,442,751,28/07/2022,26/08/2022,22.6800,2,0.00,11.1132,11.3400
9500,17,1348,10/03/2022,30/03/2022,196.7760,3,0.20,14.7582,65.3920
9501,696,336,21/04/2022,27/04/2022,1488.4240,7,0.30,-297.6848,212.3320
9502,454,892,16/10/2022,29/10/2022,446.0680,4,0.30,0.0000,111.2170
9503,664,1453,20/11/2022,28/11/2022,24.9600,4,0.00,6.2400,6.2400
9504,249,1198,17/09/2022,04/10/2022,13.7760,3,0.20,4.4772,4.3920
9505,734,677,14/08/2022,10/09/2022,17.5440,3,0.20,5.9211,5.6480
9506,598,129,30/04/2022,30/05/2022,6.0800,1,0.00,3.0400,6.0800
9507,160,172,20/05/2022,29/05/2022,49.6320,4,0.20,3.7224,12.2080
9508,411,549,25/05/2022,18/06/2022,51.8400,8,0.00,25.4016,6.4800
9509,265,35,22/10/2022,05/11/2022,470.3760,3,0.20,52.9173,156.5920
9510,532,476,31/07/2022,04/08/2022,141.9600,2,0.00,35.4900,70.9800
9511,460,1248,26/09/2022,12/10/2022,2.4690,1,0.70,-1.8106,1.7690
9512,397,939,18/03/2022,25/03/2022,75.0400,8,0.00,36.0192,9.3800
9513,361,363,13/09/2022,26/09/2022,10.8600,2,0.00,5.3214,5.4300
9514,76,1759,06/08/2022,03/09/2022,437.4720,14,0.20,153.1152,31.0480
9515,291,413,22/12/2022,01/01/2023,28.4850,5,0.70,-20.8890,4.9970
9516,409,554,14/11/2022,07/12/2022,70.9700,5,0.80,-191.6190,13.3940
9517,765,634,26/12/2022,18/01/2023,149.3520,3,0.20,50.4063,49.5840
9518,196,869,20/06/2022,02/07/2022,27.7440,6,0.20,10.0572,4.4240
9519,632,542,26/12/2022,16/01/2023,392.9400,3,0.00,43.2234,130.9800
9520,549,294,15/01/2022,04/02/2022,90.0000,1,0.00,32.4000,90.0000
9521,296,672,17/11/2022,25/11/2022,8.6400,3,0.00,2.5056,2.8800
9522,252,1057,17/05/2022,29/05/2022,69.9800,2,0.00,4.8986,34.9900
9523,396,142,02/07/2022,04/07/2022,149.9700,3,0.00,5.9988,49.9900
9524,453,377,03/02/2022,24/02/2022,56.5600,4,0.00,14.7056,14.1400
9525,103,1081,22/06/2022,13/07/2022,61.9600,2,0.00,27.8820,30.9800
9526,169,1103,09/10/2022,13/10/2022,155.3400,6,0.00,55.9224,25.8900
9527,402,1747,28/07/2022,24/08/2022,273.5520,3,0.20,-13.6776,90.9840
9528,186,370,26/04/2022,01/05/2022,19.9800,1,0.00,9.3906,19.9800
9529,271,1325,21/09/2022,19/10/2022,49.6320,6,0.20,16.7508,8.0720
9530,221,743,06/07/2022,30/07/2022,6.2400,2,0.00,3.0576,3.1200
9531,446,1071,03/05/2022,09/05/2022,94.1920,7,0.80,-164.8360,12.6560
9532,583,31,09/04/2022,20/04/2022,53.9400,3,0.00,15.6426,17.9800
9533,797,372,07/06/2022,06/07/2022,470.1550,7,0.30,-13.4330,66.8650
9534,692,625,16/11/2022,23/11/2022,18.2800,2,0.00,9.1400,9.1400
9535,791,275,27/11/2022,18/12/2022,37.9400,2,0.00,18.2112,18.9700
9536,65,181,06/07/2022,27/07/2022,95.6800,8,0.00,26.7904,11.9600
9537,756,1637,30/12/2022,28/01/2023,25.8300,7,0.00,12.1401,3.6900
9538,331,130,30/07/2022,23/08/2022,20.0400,3,0.00,9.6192,6.6800
9539,210,933,21/12/2022,04/01/2023,17.4600,6,0.80,-30.5550,2.1100
9540,242,651,20/11/2022,15/12/2022,320.8800,6,0.00,93.0552,53.4800
9541,664,868,19/11/2022,15/12/2022,520.4640,2,0.30,-14.8704,259.9320
9542,490,1446,28/05/2022,15/06/2022,128.1240,2,0.10,24.2012,63.9620
9543,516,1216,17/12/2022,19/12/2022,19.2960,3,0.20,6.0300,6.2320
9544,52,517,11/11/2022,27/11/2022,575.9280,9,0.20,57.5928,63.7920
9545,243,913,19/06/2022,01/07/2022,92.9600,2,0.20,31.3740,46.2800
9546,327,1531,03/12/2022,26/12/2022,18.0000,1,0.00,3.2400,18.0000
9547,10,641,29/06/2022,07/07/2022,18.9700,1,0.00,9.1056,18.9700
9548,392,765,16/08/2022,02/09/2022,258.4800,2,0.20,-3.2310,129.0400
9549,68,777,22/02/2022,12/03/2022,17.7120,3,0.20,6.4206,5.7040
9550,544,1714,04/02/2022,14/02/2022,41.0400,6,0.00,11.0808,6.8400
9551,198,213,23/02/2022,22/03/2022,70.6860,1,0.30,-24.2352,70.3860
9552,225,1249,07/12/2022,22/12/2022,45.6800,2,0.00,21.0128,22.8400
9553,797,1440,06/01/2022,21/01/2022,14.8800,2,0.00,3.7200,7.4400
9554,45,352,18/08/2022,31/08/2022,6.3160,1,0.80,-10.4214,5.5160
9555,788,326,17/04/2022,21/04/2022,47.1200,8,0.00,20.7328,5.8900
9556,589,638,03/06/2022,08/06/2022,310.7440,4,0.30,-26.6352,77.3860
9557,402,882,27/09/2022,07/10/2022,5.6800,2,0.00,1.7608,2.8400
9558,533,150,02/01/2022,10/01/2022,21.9300,3,0.00,10.3071,7.3100
9559,325,106,11/03/2022,27/03/2022,8.2600,2,0.00,3.7996,4.1300
9560,155,164,19/05/2022,27/05/2022,310.6880,7,0.20,108.7408,44.1840
9561,156,1698,23/05/2022,02/06/2022,254.0580,3,0.30,-32.6646,84.3860
9562,733,89,12/04/2022,16/04/2022,41.4720,8,0.20,14.5152,4.9840
9563,479,413,03/10/2022,26/10/2022,39.8790,7,0.70,-29.2446,4.9970
9564,488,796,08/04/2022,16/04/2022,108.4000,5,0.60,-105.6900,21.0800
9565,83,450,29/04/2022,09/05/2022,13.3440,6,0.20,1.0008,2.0240
9566,310,963,21/02/2022,07/03/2022,9.4500,5,0.00,0.1890,1.8900
9567,176,301,17/09/2022,28/09/2022,62.6500,5,0.00,29.4455,12.5300
9568,67,1183,21/04/2022,28/04/2022,69.8880,7,0.70,-46.5920,9.2840
9569,742,1696,18/01/2022,10/02/2022,10.5000,5,0.00,2.9400,2.1000
9570,14,1318,22/07/2022,21/08/2022,1619.9100,9,0.00,97.1946,179.9900
9571,383,300,20/12/2022,28/12/2022,449.5680,2,0.20,-73.0548,224.5840
9572,106,1056,30/10/2022,01/11/2022,629.9500,5,0.00,176.3860,125.9900
9573,172,1249,13/07/2022,14/07/2022,45.6800,2,0.00,21.0128,22.8400
9574,3,1800,08/08/2022,01/09/2022,1.3920,2,0.80,-3.7584,-0.1040
9575,564,1675,08/10/2022,05/11/2022,781.8640,10,0.32,-137.9760,77.8664
9576,140,867,23/02/2022,15/03/2022,222.3840,2,0.20,16.6788,110.9920
9577,622,1319,27/04/2022,28/04/2022,321.5680,2,0.20,-16.0784,160.5840
9578,159,53,01/07/2022,07/07/2022,15.2600,7,0.00,6.2566,2.1800
9579,413,867,27/04/2022,07/05/2022,833.9400,6,0.00,216.8244,138.9900
9580,467,855,11/06/2022,29/06/2022,32.4000,5,0.00,15.5520,6.4800
9581,336,1049,01/01/2022,28/01/2022,13.3440,2,0.20,1.0008,6.4720
9582,758,1746,23/09/2022,19/10/2022,353.8800,6,0.00,17.6940,58.9800
9583,480,829,02/04/2022,11/04/2022,119.8330,1,0.15,-12.6882,119.6830
9584,548,654,15/04/2022,28/04/2022,3.1680,3,0.70,-2.4288,0.3560
9585,107,43,18/01/2022,05/02/2022,418.3200,7,0.00,117.1296,59.7600
9586,728,1033,21/04/2022,07/05/2022,70.9800,1,0.00,3.5490,70.9800
9587,60,1705,12/02/2022,06/03/2022,116.9800,2,0.00,29.2450,58.4900
9588,469,315,05/11/2022,17/11/2022,29.4720,3,0.20,9.9468,9.6240
9589,464,238,08/07/2022,16/07/2022,8.7600,2,0.00,4.2048,4.3800
9590,397,1021,03/12/2022,23/12/2022,7.3000,2,0.00,3.4310,3.6500
9591,725,1107,02/11/2022,06/11/2022,1145.6000,4,0.20,100.2400,286.2000
9592,693,415,17/02/2022,19/03/2022,146.7600,3,0.00,38.1576,48.9200
9593,601,1769,09/01/2022,28/01/2022,465.1600,2,0.00,120.9416,232.5800
9594,262,1509,06/02/2022,18/02/2022,539.9640,6,0.40,-107.9928,89.5940
9595,191,205,19/08/2022,01/09/2022,13.9600,4,0.00,6.4216,3.4900
9596,735,1798,21/06/2022,04/07/2022,1091.9300,7,0.00,272.9825,155.9900
9597,723,181,21/10/2022,24/10/2022,83.7200,7,0.00,23.4416,11.9600
9598,66,949,16/02/2022,26/02/2022,63.6860,1,0.30,-9.0980,63.3860
9599,342,255,18/08/2022,16/09/2022,24.8800,2,0.00,6.9664,12.4400
9600,637,1287,29/07/2022,17/08/2022,389.9700,3,0.00,132.5898,129.9900
9601,362,519,05/10/2022,31/10/2022,142.7760,1,0.20,17.8470,142.5760
9602,256,540,01/07/2022,20/07/2022,225.5760,3,0.20,22.5576,74.9920
9603,751,31,03/07/2022,13/07/2022,35.9600,2,0.00,10.4284,17.9800
9604,725,619,25/11/2022,16/12/2022,101.8800,6,0.00,50.9400,16.9800
9605,180,127,25/12/2022,10/01/2023,23.9880,2,0.40,-4.7976,11.5940
9606,645,624,10/11/2022,26/11/2022,866.6460,3,0.10,173.3292,288.7820
9607,201,1,21/08/2022,04/09/2022,130.9800,2,0.50,-89.0664,64.9900
9608,341,347,30/01/2022,15/02/2022,13.1200,4,0.00,4.3296,3.2800
9609,229,2,06/06/2022,11/06/2022,390.3680,2,0.20,48.7960,194.9840
9610,13,458,04/01/2022,20/01/2022,68.6000,4,0.00,18.5220,17.1500
9611,386,172,02/10/2022,15/10/2022,49.6320,4,0.20,3.7224,12.2080
9612,139,1574,07/03/2022,20/03/2022,194.2500,2,0.30,-38.8500,96.8250
9613,622,1128,23/11/2022,04/12/2022,5.9040,2,0.20,1.9926,2.7520
9614,519,1006,06/05/2022,16/05/2022,177.0000,3,0.00,30.0900,59.0000
9615,178,165,20/08/2022,15/09/2022,255.1080,6,0.30,-18.2220,42.2180
9616,515,1110,02/12/2022,12/12/2022,183.9680,2,0.20,-25.2956,91.7840
9617,628,1130,03/02/2022,24/02/2022,378.0000,2,0.00,136.0800,189.0000
9618,88,1515,25/06/2022,24/07/2022,203.5200,3,0.00,54.9504,67.8400
9619,123,1163,05/08/2022,14/08/2022,896.9900,1,0.00,421.5853,896.9900
9620,157,1216,25/01/2022,18/02/2022,7.2360,3,0.70,-6.0300,1.7120
9621,158,281,17/12/2022,18/12/2022,12.1280,4,0.80,-20.6176,2.2320
9622,380,1639,17/12/2022,16/01/2023,10.9840,2,0.60,-7.9634,4.8920
9623,155,1262,07/04/2022,02/05/2022,105.9600,4,0.00,29.6688,26.4900
9624,241,810,04/08/2022,01/09/2022,245.9800,2,0.00,27.0578,122.9900
9625,255,222,14/03/2022,24/03/2022,335.7440,2,0.20,25.1808,167.6720
9626,182,1395,27/10/2022,30/10/2022,10.0480,4,0.20,3.1400,2.3120
9627,617,905,25/07/2022,13/08/2022,112.1200,5,0.20,42.0450,22.2240
9628,303,529,14/01/2022,27/01/2022,13.4280,3,0.70,-11.1900,3.7760
9629,633,114,19/06/2022,14/07/2022,65.2320,3,0.20,22.0158,21.5440
9630,352,501,23/07/2022,13/08/2022,2.9700,1,0.40,-0.6435,2.5700
9631,761,515,24/12/2022,28/12/2022,122.9100,3,0.00,34.4148,40.9700
9632,634,1803,15/11/2022,20/11/2022,26.4240,9,0.20,9.5787,2.7360
9633,124,93,17/03/2022,18/03/2022,18.9400,1,0.00,9.4700,18.9400
9634,693,1353,22/09/2022,29/09/2022,776.8500,5,0.40,-181.2650,154.9700
9635,608,394,15/08/2022,17/08/2022,236.5000,10,0.00,68.5850,23.6500
9636,705,94,24/10/2022,03/11/2022,68.9500,5,0.00,28.9590,13.7900
9637,251,965,30/03/2022,18/04/2022,167.9600,2,0.00,78.9412,83.9800
9638,246,124,02/10/2022,15/10/2022,348.5600,8,0.00,104.5680,43.5700
9639,533,967,10/07/2022,19/07/2022,66.6450,3,0.50,-42.6528,21.7150
9640,195,141,14/05/2022,29/05/2022,69.9000,2,0.00,18.8730,34.9500
9641,189,284,20/11/2022,16/12/2022,14.1900,3,0.00,5.5341,4.7300
9642,168,352,02/04/2022,25/04/2022,6.3160,1,0.80,-10.4214,5.5160
9643,734,1517,08/05/2022,01/06/2022,161.2800,2,0.20,12.0960,80.4400
9644,741,647,28/03/2022,22/04/2022,53.9700,3,0.00,15.1116,17.9900
9645,427,800,31/10/2022,01/11/2022,4.4160,3,0.20,1.6008,1.2720
9646,704,299,10/06/2022,30/06/2022,54.2240,2,0.20,3.3890,26.9120
9647,571,1785,10/03/2022,01/04/2022,369.1600,11,0.20,32.3015,33.3600
9648,716,513,07/11/2022,22/11/2022,42.0480,9,0.20,5.2560,4.4720
9649,283,298,28/01/2022,05/02/2022,161.6100,1,0.00,42.0186,161.6100
9650,387,79,18/05/2022,31/05/2022,13.3920,8,0.70,-9.8208,0.9740
9651,799,701,21/08/2022,10/09/2022,41.8800,6,0.00,0.8376,6.9800
9652,376,700,22/01/2022,12/02/2022,5.2290,3,0.70,-4.1832,1.0430
9653,3,759,29/04/2022,04/05/2022,931.1760,3,0.20,314.2719,310.1920
9654,206,1153,14/08/2022,23/08/2022,41.4720,8,0.20,14.5152,4.9840
9655,259,1184,13/01/2022,05/02/2022,23.9200,4,0.00,4.0664,5.9800
9656,792,525,05/04/2022,26/04/2022,323.9760,3,0.20,28.3479,107.7920
9657,518,1198,04/11/2022,04/12/2022,2.2960,2,0.80,-3.9032,0.3480
9658,524,720,20/03/2022,18/04/2022,32.4800,2,0.00,4.8720,16.2400
9659,632,342,27/01/2022,18/02/2022,104.7500,5,0.00,21.9975,20.9500
9660,469,1002,24/07/2022,23/08/2022,19.4400,3,0.00,9.3312,6.4800
9661,603,25,25/11/2022,06/12/2022,43.6800,6,0.00,21.4032,7.2800
9662,194,1825,11/11/2022,03/12/2022,24.5880,3,0.80,-67.6170,7.3960
9663,130,1420,24/09/2022,22/10/2022,59.9700,3,0.00,0.0000,19.9900
9664,380,538,21/01/2022,01/02/2022,405.6400,4,0.00,12.1692,101.4100
9665,5,236,05/08/2022,10/08/2022,47.5300,7,0.00,16.1602,6.7900
9666,394,1564,02/01/2022,26/01/2022,439.9920,1,0.20,164.9970,439.7920
9667,182,113,08/04/2022,07/05/2022,23.9760,3,0.20,7.4925,7.7920
9668,47,285,04/04/2022,04/05/2022,2888.1270,11,0.10,609.7157,262.4570
9669,138,1489,26/04/2022,04/05/2022,111.1040,7,0.20,8.3328,15.6720
9670,271,406,14/03/2022,25/03/2022,111.7900,7,0.00,43.5981,15.9700
9671,600,1469,08/12/2022,03/01/2023,104.9700,3,0.00,7.3479,34.9900
9672,318,1050,20/12/2022,06/01/2023,211.9600,2,0.00,42.3920,105.9800
9673,66,59,13/06/2022,02/07/2022,36.3600,3,0.20,12.2715,11.9200
9674,120,867,11/02/2022,02/03/2022,333.5760,3,0.20,25.0182,110.9920
9675,609,612,14/04/2022,23/04/2022,71.9520,6,0.20,5.3964,11.7920
9676,759,337,01/05/2022,29/05/2022,69.2160,6,0.20,11.2476,11.3360
9677,147,620,21/04/2022,16/05/2022,431.1600,5,0.20,107.7900,86.0320
9678,7,316,23/07/2022,01/08/2022,2.2860,3,0.80,-3.6576,-0.0380
9679,479,743,09/03/2022,17/03/2022,3.7440,4,0.70,-2.6208,0.2360
9680,134,84,16/10/2022,14/11/2022,634.1160,6,0.30,-172.1172,105.3860
9681,231,1512,09/08/2022,05/09/2022,20.3200,4,0.00,6.9088,5.0800
9682,754,1147,16/02/2022,19/02/2022,244.5500,5,0.00,114.9385,48.9100
9683,426,509,24/05/2022,01/06/2022,629.1840,8,0.20,228.0792,78.4480
9684,564,1414,09/10/2022,27/10/2022,5.5440,7,0.20,1.6632,0.5920
9685,126,993,04/10/2022,28/10/2022,301.9600,2,0.00,45.2940,150.9800
9686,10,954,29/05/2022,27/06/2022,114.5200,7,0.00,11.4520,16.3600
9687,197,249,01/06/2022,02/06/2022,4.2240,3,0.20,1.2672,1.2080
9688,280,1674,29/05/2022,25/06/2022,25.7100,3,0.00,9.2556,8.5700
9689,628,1756,02/06/2022,10/06/2022,274.8000,5,0.00,134.6520,54.9600
9690,656,926,10/04/2022,04/05/2022,7.3800,2,0.00,3.4686,3.6900
9691,23,355,04/02/2022,27/02/2022,70.1200,4,0.00,21.0360,17.5300
9692,501,1467,14/09/2022,05/10/2022,24.3680,2,0.20,-3.3506,11.9840
9693,586,1267,22/07/2022,19/08/2022,22.2000,1,0.60,-26.0850,21.6000
9694,346,1235,01/06/2022,17/06/2022,26.9820,3,0.40,4.0473,8.5940
9695,691,832,14/05/2022,05/06/2022,3.2800,1,0.00,0.9512,3.2800
9696,457,1524,15/11/2022,22/11/2022,32.7120,2,0.60,-26.1696,15.7560
9697,592,1078,18/09/2022,19/09/2022,108.0800,7,0.00,54.0400,15.4400
9698,99,206,31/07/2022,11/08/2022,4.7300,1,0.00,2.3177,4.7300
9699,143,1437,28/09/2022,09/10/2022,372.1440,3,0.20,27.9108,123.8480
9700,328,1781,05/03/2022,10/03/2022,3.8080,1,0.20,1.2376,3.6080
9701,622,1381,08/09/2022,15/09/2022,42.7600,2,0.00,11.1176,21.3800
9702,784,819,16/07/2022,14/08/2022,35.7840,7,0.70,-28.6272,4.4120
9703,500,996,12/10/2022,17/10/2022,1454.9000,5,0.00,378.2740,290.9800
9704,575,1322,03/10/2022,02/11/2022,299.9700,3,0.00,131.9868,99.9900
9705,413,1113,13/12/2022,01/01/2023,58.4080,7,0.20,18.2525,8.1440
9706,32,1686,22/11/2022,13/12/2022,182.9400,3,0.00,85.9818,60.9800
9707,265,1564,05/01/2022,07/01/2022,659.9880,2,0.40,109.9980,329.5940
9708,553,570,20/08/2022,24/08/2022,1219.9600,5,0.20,381.2375,243.7920
9709,796,212,18/10/2022,12/11/2022,35.1680,2,0.20,-8.3524,17.3840
9710,167,1214,18/01/2022,15/02/2022,11.9760,4,0.70,-9.1816,2.2940
9711,751,706,31/08/2022,10/09/2022,93.3440,4,0.20,32.6704,23.1360
9712,127,91,28/01/2022,23/02/2022,71.1200,4,0.00,22.0472,17.7800
9713,128,797,13/05/2022,26/05/2022,0.8520,1,0.70,-0.5964,0.1520
9714,588,1395,22/10/2022,18/11/2022,15.7000,5,0.00,7.0650,3.1400
9715,9,1310,21/12/2022,27/12/2022,49.5680,2,0.20,15.4900,24.5840
9716,270,486,14/02/2022,12/03/2022,9.0200,2,0.00,3.5178,4.5100
9717,679,833,16/02/2022,15/03/2022,300.9300,5,0.30,-34.3920,59.8860
9718,194,1359,17/03/2022,15/04/2022,512.4990,3,0.15,-30.1470,170.6830
9719,342,1496,13/04/2022,05/05/2022,14.9400,3,0.00,6.8724,4.9800
9720,367,1619,03/09/2022,23/09/2022,19.0400,4,0.20,-1.4280,4.5600
9721,131,1386,26/04/2022,18/05/2022,2154.9000,5,0.00,129.2940,430.9800
9722,419,369,30/06/2022,10/07/2022,283.9200,5,0.20,-46.1370,56.5840
9723,19,788,14/04/2022,26/04/2022,1227.9984,6,0.32,-36.1176,204.3464
9724,634,360,31/03/2022,19/04/2022,56.9800,7,0.00,22.7920,8.1400
9725,270,1633,12/07/2022,09/08/2022,3.3600,2,0.00,0.8736,1.6800
9726,360,129,05/07/2022,24/07/2022,11.3400,3,0.00,5.2164,3.7800
9727,47,613,27/03/2022,06/04/2022,30.9600,8,0.80,-52.6320,3.0700
9728,681,85,21/11/2022,24/11/2022,47.9760,3,0.20,8.3958,15.7920
9729,53,302,21/12/2022,11/01/2023,83.9200,5,0.20,29.3720,16.5840
9730,280,1063,03/05/2022,25/05/2022,1012.6800,3,0.20,303.8040,337.3600
9731,352,766,21/08/2022,16/09/2022,14.6700,3,0.00,6.7482,4.8900
9732,770,488,28/04/2022,06/05/2022,18.2400,3,0.00,6.2016,6.0800
9733,77,558,27/06/2022,07/07/2022,23.7600,3,0.20,2.0790,7.7200
9734,579,29,29/08/2022,30/08/2022,414.0000,8,0.00,124.2000,51.7500
9735,645,1138,27/07/2022,17/08/2022,575.9680,4,0.20,43.1976,143.7920
9736,687,357,15/04/2022,13/05/2022,204.9000,5,0.00,0.0000,40.9800
9737,722,706,13/04/2022,22/04/2022,70.0080,3,0.20,24.5028,23.1360
9738,259,618,20/05/2022,28/05/2022,8.2600,2,0.00,3.7996,4.1300
9739,757,1455,13/04/2022,26/04/2022,19.9200,4,0.00,6.5736,4.9800
9740,53,865,31/08/2022,25/09/2022,4.5360,7,0.70,-3.3264,-0.0520
9741,151,552,18/05/2022,31/05/2022,316.0000,4,0.00,31.6000,79.0000
9742,25,1112,06/12/2022,29/12/2022,39.2800,8,0.00,19.2472,4.9100
9743,96,843,13/09/2022,03/10/2022,5.7420,3,0.70,-4.5936,1.2140
9744,634,214,27/10/2022,12/11/2022,767.2140,14,0.10,161.9674,54.7010
9745,139,1298,14/09/2022,26/09/2022,43.4100,1,0.00,19.9686,43.4100
9746,464,325,22/07/2022,31/07/2022,5.5600,2,0.00,1.4456,2.7800
9747,747,476,19/10/2022,28/10/2022,99.3720,2,0.30,-7.0980,49.3860
9748,761,1278,05/05/2022,21/05/2022,33.2900,1,0.00,7.9896,33.2900
9749,788,1338,09/05/2022,05/06/2022,87.7100,7,0.00,41.2237,12.5300
9750,414,35,02/07/2022,04/07/2022,1097.5440,7,0.20,123.4737,156.5920
9751,475,898,21/06/2022,05/07/2022,43.8720,2,0.20,11.5164,21.7360
9752,763,1424,29/11/2022,25/12/2022,30.9300,1,0.00,12.6813,30.9300
9753,507,1049,24/04/2022,26/04/2022,33.3600,4,0.00,8.6736,8.3400
9754,645,204,03/04/2022,10/04/2022,302.3760,3,0.20,22.6782,100.5920
9755,530,471,05/04/2022,29/04/2022,587.9700,3,0.00,164.6316,195.9900
9756,766,542,30/04/2022,04/05/2022,117.8820,1,0.10,1.3098,117.7820
9757,152,162,26/08/2022,17/09/2022,107.9820,3,0.40,-26.9955,35.5940
9758,729,368,27/05/2022,07/06/2022,387.1360,4,0.20,-14.5176,96.5840
9759,522,926,16/04/2022,19/04/2022,14.7600,5,0.20,4.9815,2.7520
9760,536,721,09/12/2022,02/01/2023,45.4080,2,0.20,11.9196,22.5040
9761,614,298,07/02/2022,06/03/2022,484.8300,3,0.00,126.0558,161.6100
9762,522,1713,26/09/2022,24/10/2022,161.5680,2,0.20,16.1568,80.5840
9763,387,1395,13/08/2022,26/08/2022,21.9800,7,0.00,9.8910,3.1400
9764,532,408,15/12/2022,26/12/2022,747.5580,3,0.30,-96.1146,248.8860
9765,241,1227,01/09/2022,04/09/2022,114.9500,5,0.00,32.1860,22.9900
9766,94,745,11/05/2022,14/05/2022,4.9100,1,0.00,2.4059,4.9100
9767,94,1685,25/05/2022,08/06/2022,115.2960,3,0.20,40.3536,38.2320
9768,188,965,25/07/2022,18/08/2022,167.9600,2,0.00,78.9412,83.9800
9769,223,990,10/06/2022,14/06/2022,48.8960,2,0.20,18.3360,24.2480
9770,483,129,03/07/2022,14/07/2022,7.4100,3,0.00,3.4827,2.4700
9771,702,431,01/06/2022,17/06/2022,241.9600,2,0.00,24.1960,120.9800
9772,632,657,30/10/2022,23/11/2022,251.6400,3,0.20,88.0740,83.6800
9773,724,696,28/11/2022,14/12/2022,297.5760,3,0.20,-7.4394,98.9920
9774,685,1263,16/09/2022,08/10/2022,57.2300,1,0.00,14.3075,57.2300
9775,234,27,24/11/2022,03/12/2022,4228.7040,6,0.20,158.5764,704.5840
9776,632,1032,27/06/2022,05/07/2022,31.5000,10,0.00,15.1200,3.1500
9777,608,1757,25/01/2022,30/01/2022,36.5440,2,0.20,11.8768,18.0720
9778,592,1290,28/04/2022,04/05/2022,410.3520,3,0.20,-51.2940,136.5840
9779,736,630,10/11/2022,20/11/2022,544.0080,3,0.20,40.8006,181.1360
9780,671,482,08/05/2022,03/06/2022,41.2800,6,0.20,13.9320,6.6800
9781,562,123,13/08/2022,18/08/2022,5.9700,5,0.70,-4.5770,0.4940
9782,746,492,28/03/2022,06/04/2022,48.0320,4,0.20,15.6104,11.8080
9783,546,129,07/10/2022,04/11/2022,31.5600,5,0.20,9.8625,6.1120
9784,360,432,21/11/2022,23/11/2022,83.9880,2,0.40,-20.9970,41.5940
9785,631,1119,15/03/2022,12/04/2022,139.9500,5,0.00,26.5905,27.9900
9786,744,295,05/03/2022,24/03/2022,21.4800,6,0.00,10.7400,3.5800
9787,324,1793,29/01/2022,16/02/2022,423.6480,2,0.20,47.6604,211.6240
9788,266,1584,02/11/2022,15/11/2022,51.8970,1,0.70,-41.5176,51.1970
9789,652,1094,12/02/2022,01/03/2022,35.9200,4,0.00,15.0864,8.9800
9790,465,763,11/04/2022,16/04/2022,7.7120,2,0.20,1.7352,3.6560
9791,90,999,14/05/2022,19/05/2022,16.7200,5,0.20,3.3440,3.1440
9792,460,611,10/10/2022,18/10/2022,34.4800,2,0.00,9.9992,17.2400
9793,242,454,06/11/2022,19/11/2022,15.2160,1,0.20,2.2824,15.0160
9794,38,1333,12/03/2022,14/03/2022,25.9200,4,0.00,12.4416,6.4800
9795,308,931,27/02/2022,21/03/2022,65.5200,5,0.10,12.3760,13.0040
9796,534,285,03/07/2022,27/07/2022,2888.1270,11,0.10,609.7157,262.4570
9797,96,1268,31/07/2022,10/08/2022,38.1360,7,0.20,13.3476,5.2480
9798,356,930,11/08/2022,13/08/2022,71.0000,4,0.00,27.6900,17.7500
9799,670,1408,11/06/2022,11/07/2022,503.9600,4,0.00,125.9900,125.9900
9800,543,1047,25/04/2022,24/05/2022,359.0580,3,0.30,-35.9058,119.3860
9801,519,894,23/01/2022,16/02/2022,563.9200,5,0.20,7.0490,112.5840
9802,524,331,14/04/2022,03/05/2022,155.8200,7,0.00,42.0714,22.2600
9803,32,436,08/09/2022,01/10/2022,718.6400,10,0.20,-161.6940,71.6640
9804,796,442,05/09/2022,01/10/2022,127.8800,2,0.00,40.9216,63.9400
9805,282,526,26/05/2022,23/06/2022,3.6480,3,0.80,-6.0192,0.4160
9806,660,1350,19/02/2022,09/03/2022,9.2160,4,0.20,3.3408,2.1040
9807,374,227,28/05/2022,09/06/2022,166.7200,2,0.00,41.6800,83.3600
9808,642,130,18/02/2022,19/03/2022,5.3440,1,0.20,1.8704,5.1440
9809,598,1552,13/08/2022,19/08/2022,58.1700,5,0.70,-46.5360,10.9340
9810,218,248,26/01/2022,04/02/2022,47.9840,2,0.20,14.3952,23.7920
9811,470,805,27/06/2022,30/06/2022,8.1000,5,0.70,-5.9400,0.9200
9812,165,569,14/11/2022,26/11/2022,165.0480,3,0.20,41.2620,54.8160
9813,514,555,11/12/2022,29/12/2022,13.2720,8,0.70,-10.6176,0.9590
9814,685,75,09/01/2022,12/01/2022,9.7080,3,0.60,-5.8248,2.6360
9815,447,742,13/08/2022,27/08/2022,204.6000,2,0.00,53.1960,102.3000
9816,621,34,10/11/2022,14/11/2022,29.4720,3,0.20,9.9468,9.6240
9817,53,814,18/04/2022,19/04/2022,134.9700,3,0.00,64.7856,44.9900
9818,261,469,05/07/2022,09/07/2022,476.8000,2,0.00,119.2000,238.4000
9819,708,496,23/05/2022,19/06/2022,1871.8800,12,0.00,561.5640,155.9900
9820,625,1046,19/10/2022,23/10/2022,28.6720,8,0.20,10.3936,3.3840
9821,142,298,09/09/2022,14/09/2022,258.5760,2,0.20,19.3932,129.0880
9822,254,234,24/06/2022,23/07/2022,164.7360,4,0.20,-39.1248,40.9840
9823,644,160,17/11/2022,14/12/2022,13.3600,2,0.00,4.9432,6.6800
9824,209,1778,25/06/2022,09/07/2022,122.3820,3,0.40,-24.4764,40.3940
9825,527,543,17/06/2022,02/07/2022,62.9400,3,0.00,30.2112,20.9800
9826,439,1116,17/10/2022,09/11/2022,122.9700,3,0.00,60.2553,40.9900
9827,402,244,27/10/2022,29/10/2022,3.0240,3,0.20,-0.6048,0.8080
9828,658,1120,28/01/2022,10/02/2022,561.5680,2,0.20,28.0784,280.5840
9829,148,715,25/07/2022,22/08/2022,13.1940,2,0.70,-8.7960,5.8970
9830,511,982,29/08/2022,02/09/2022,32.4000,5,0.00,15.5520,6.4800
9831,286,1183,29/03/2022,20/04/2022,133.1200,5,0.20,49.9200,26.4240
9832,547,1434,23/07/2022,16/08/2022,4.7700,1,0.00,2.1465,4.7700
9833,799,865,10/11/2022,17/11/2022,10.8000,5,0.00,5.1840,2.1600
9834,168,836,13/09/2022,01/10/2022,177.5500,5,0.00,47.9385,35.5100
9835,489,1274,21/11/2022,11/12/2022,499.9800,2,0.00,114.9954,249.9900
9836,379,833,22/12/2022,12/01/2023,85.9800,1,0.00,22.3548,85.9800
9837,782,142,24/10/2022,30/10/2022,159.9680,4,0.20,-31.9936,39.7920
9838,762,639,29/08/2022,16/09/2022,1363.9600,5,0.20,85.2475,272.5920
9839,195,449,30/11/2022,23/12/2022,21.9200,8,0.00,5.9184,2.7400
9840,352,1003,25/08/2022,02/09/2022,23.1200,4,0.00,11.3288,5.7800
9841,141,536,08/03/2022,22/03/2022,242.9000,5,0.00,70.4410,48.5800
9842,382,326,09/06/2022,27/06/2022,70.6800,12,0.00,31.0992,5.8900
9843,569,1145,20/03/2022,13/04/2022,55.6160,2,0.20,5.5616,27.6080
9844,719,1127,13/10/2022,02/11/2022,54.8160,3,0.20,17.8152,18.0720
9845,673,445,22/11/2022,29/11/2022,4.9840,1,0.80,-8.4728,4.1840
9846,774,15,31/12/2022,24/01/2023,13.7620,1,0.80,-24.7716,12.9620
9847,711,1043,21/12/2022,16/01/2023,14.2000,4,0.00,6.6740,3.5500
9848,356,1326,30/10/2022,25/11/2022,232.8800,4,0.00,60.5488,58.2200
9849,606,400,07/03/2022,04/04/2022,161.9400,3,0.00,9.7164,53.9800
9850,8,673,14/06/2022,11/07/2022,186.0480,4,0.20,9.3024,46.3120
9851,471,1429,30/06/2022,07/07/2022,41.4720,8,0.20,14.5152,4.9840
9852,789,1487,18/06/2022,10/07/2022,551.9850,5,0.70,-459.9875,109.6970
9853,202,195,28/12/2022,24/01/2023,83.9200,4,0.00,5.8744,20.9800
9854,359,638,22/11/2022,25/11/2022,332.9400,3,0.00,79.9056,110.9800
9855,677,1347,14/03/2022,15/03/2022,98.3520,3,0.20,9.8352,32.5840
9856,547,824,27/12/2022,02/01/2023,7.6400,1,0.00,3.7436,7.6400
9857,274,1716,07/12/2022,25/12/2022,52.4400,4,0.00,24.1224,13.1100
9858,617,767,18/07/2022,01/08/2022,151.7200,4,0.00,27.3096,37.9300
9859,647,625,01/11/2022,05/11/2022,36.5600,4,0.00,18.2800,9.1400
9860,680,1026,09/06/2022,16/06/2022,7.7800,2,0.00,2.0228,3.8900
9861,435,1361,04/02/2022,12/02/2022,25.1200,5,0.20,7.8500,4.8240
9862,491,1835,31/07/2022,17/08/2022,1439.9680,4,0.20,143.9968,359.7920
9863,403,1212,20/07/2022,22/07/2022,159.9600,4,0.00,51.1872,39.9900
9864,332,164,02/09/2022,13/09/2022,166.4400,3,0.00,79.8912,55.4800
9865,290,906,31/01/2022,03/02/2022,532.7040,6,0.20,-39.9528,88.5840
9866,247,810,26/04/2022,20/05/2022,393.5680,4,0.20,-44.2764,98.1920
9867,496,381,10/06/2022,17/06/2022,86.3760,3,0.20,30.2316,28.5920
9868,500,759,24/05/2022,16/06/2022,2715.9300,7,0.00,1276.4870,387.9900
9869,516,632,18/12/2022,22/12/2022,120.6660,2,0.15,18.4548,60.1830
9870,51,543,22/11/2022,25/11/2022,104.9000,5,0.00,50.3520,20.9800
9871,598,1184,27/01/2022,24/02/2022,29.9000,5,0.00,5.0830,5.9800
9872,617,1483,16/02/2022,19/02/2022,13.2800,2,0.00,6.3744,6.6400
9873,288,1613,26/04/2022,17/05/2022,12.6000,2,0.00,5.7960,6.3000
9874,438,1662,03/08/2022,12/08/2022,259.7400,13,0.00,124.6752,19.9800
9875,159,988,11/08/2022,08/09/2022,44.3760,2,0.40,-7.3960,21.7880
9876,155,1150,13/11/2022,28/11/2022,273.6660,2,0.15,-12.8784,136.6830
9877,272,217,17/09/2022,01/10/2022,1579.7460,7,0.40,-447.5947,225.2780
9878,387,70,20/02/2022,18/03/2022,19.0500,3,0.00,8.7630,6.3500
9879,277,1244,17/10/2022,18/10/2022,16.9900,1,0.00,4.4174,16.9900
9880,627,699,07/07/2022,27/07/2022,6.9840,2,0.60,-4.5396,2.8920
9881,285,1711,23/08/2022,28/08/2022,45.3600,7,0.00,21.7728,6.4800
9882,424,325,20/08/2022,14/09/2022,5.5600,2,0.00,1.4456,2.7800
9883,459,271,10/09/2022,30/09/2022,125.7600,3,0.20,40.8720,41.7200
9884,557,684,08/10/2022,16/10/2022,21.3600,2,0.00,5.7672,10.6800
9885,181,112,19/02/2022,20/02/2022,7.0800,3,0.20,2.4780,2.1600
9886,286,1687,03/03/2022,19/03/2022,6.2400,3,0.00,1.8720,2.0800
9887,244,1547,30/12/2022,31/12/2022,7.9920,1,0.20,0.6993,7.7920
9888,152,983,15/05/2022,25/05/2022,439.8000,4,0.00,145.1340,109.9500
9889,798,540,23/01/2022,18/02/2022,187.9800,2,0.00,52.6344,93.9900
9890,481,1434,20/09/2022,24/09/2022,9.5400,2,0.00,4.2930,4.7700
9891,351,1489,02/03/2022,11/03/2022,79.3600,4,0.00,20.6336,19.8400
9892,275,855,30/10/2022,12/11/2022,12.9600,2,0.00,6.2208,6.4800
9893,344,810,23/05/2022,22/06/2022,368.9700,3,0.00,40.5867,122.9900
9894,152,1291,19/10/2022,24/10/2022,33.3600,4,0.00,16.6800,8.3400
9895,13,286,10/08/2022,23/08/2022,22.8480,3,0.60,-17.7072,7.0160
9896,152,91,03/12/2022,06/12/2022,53.3400,3,0.00,16.5354,17.7800
9897,521,415,21/07/2022,29/07/2022,97.8400,2,0.00,25.4384,48.9200
9898,244,1536,07/10/2022,30/10/2022,45.8400,8,0.00,22.0032,5.7300
9899,787,1672,27/03/2022,21/04/2022,19.7500,5,0.00,5.1350,3.9500
9900,674,1500,26/05/2022,20/06/2022,48.8160,3,0.20,-11.5938,16.0720
9901,244,1676,12/04/2022,07/05/2022,479.9760,3,0.20,161.9919,159.7920
9902,237,195,19/06/2022,11/07/2022,100.7040,6,0.20,-16.3644,16.5840
9903,1,985,06/03/2022,09/03/2022,470.3020,7,0.30,-87.3418,66.8860
9904,112,444,23/11/2022,30/11/2022,113.1000,3,0.00,56.5500,37.7000
9905,310,421,24/10/2022,18/11/2022,703.9680,4,0.20,87.9960,175.7920
9906,758,994,14/02/2022,07/03/2022,54.9200,5,0.20,10.9840,10.7840
9907,280,666,04/05/2022,16/05/2022,105.5840,2,0.20,7.9188,52.5920
9908,81,901,10/01/2022,28/01/2022,11.7440,1,0.20,3.8168,11.5440
9909,282,1259,21/09/2022,17/10/2022,4.2240,3,0.20,1.4784,1.2080
9910,195,158,19/10/2022,11/11/2022,275.9280,3,0.20,-58.6347,91.7760
9911,402,355,30/06/2022,11/07/2022,28.0480,2,0.20,3.5060,13.8240
9912,749,234,31/10/2022,04/11/2022,123.5520,3,0.20,-29.3436,40.9840
9913,156,219,02/11/2022,21/11/2022,1287.4500,5,0.00,244.6155,257.4900
9914,16,824,23/08/2022,04/09/2022,42.7840,7,0.20,15.5092,5.9120
9915,453,650,17/06/2022,04/07/2022,2.8800,1,0.00,0.8064,2.8800
9916,390,642,12/12/2022,31/12/2022,6.1600,2,0.00,2.9568,3.0800
9917,652,375,22/07/2022,24/07/2022,137.2500,9,0.00,63.1350,15.2500
9918,431,716,08/02/2022,18/02/2022,1199.8000,4,0.00,323.9460,299.9500
9919,578,617,12/04/2022,06/05/2022,697.1600,4,0.00,146.4036,174.2900
9920,651,1336,05/05/2022,08/05/2022,217.5840,2,0.20,-29.9178,108.5920
9921,613,1402,12/07/2022,05/08/2022,19.4400,3,0.00,9.3312,6.4800
9922,301,692,13/01/2022,10/02/2022,29.9400,4,0.70,-23.9520,6.7850
9923,131,92,26/04/2022,21/05/2022,32.9600,2,0.00,16.1504,16.4800
9924,160,819,05/04/2022,21/04/2022,27.2640,2,0.20,8.8608,13.4320
9925,739,1614,12/01/2022,31/01/2022,271.9000,2,0.00,78.8510,135.9500
9926,234,259,27/01/2022,25/02/2022,181.7970,1,0.30,-15.5826,181.4970
9927,21,1502,30/08/2022,31/08/2022,131.8800,3,0.20,14.8365,43.7600
9928,146,749,06/09/2022,16/09/2022,127.1040,6,0.20,28.5984,20.9840
9929,108,285,10/06/2022,20/06/2022,1166.9200,5,0.20,131.2785,233.1840
9930,436,700,30/07/2022,24/08/2022,9.2960,2,0.20,3.0212,4.4480
9931,287,1790,29/05/2022,05/06/2022,37.7520,3,0.20,4.2471,12.3840
9932,637,710,26/03/2022,22/04/2022,91.6800,5,0.20,28.6500,18.1360
9933,661,16,04/04/2022,30/04/2022,12.7200,3,0.00,6.3600,4.2400
9934,384,461,26/09/2022,28/09/2022,728.8200,9,0.00,29.1528,80.9800
9935,401,1362,01/06/2022,17/06/2022,675.1200,3,0.00,290.3016,225.0400
9936,451,1195,29/04/2022,04/05/2022,291.1360,4,0.20,-25.4744,72.5840
9937,694,1522,10/07/2022,14/07/2022,20.0400,6,0.00,8.8176,3.3400
9938,104,633,27/04/2022,01/05/2022,119.9600,4,0.00,25.1916,29.9900
9939,98,323,15/04/2022,09/05/2022,51.7500,5,0.00,24.8400,10.3500
9940,261,1519,26/04/2022,26/05/2022,638.8200,9,0.00,185.2578,70.9800
9941,784,1656,10/09/2022,18/09/2022,333.0900,3,0.00,23.3163,111.0300
9942,140,197,26/03/2022,31/03/2022,40.6700,7,0.00,12.6077,5.8100
9943,21,728,09/11/2022,01/12/2022,28.1600,4,0.00,13.2352,7.0400
9944,739,818,25/02/2022,08/03/2022,186.5400,3,0.00,50.3658,62.1800
9945,342,278,15/07/2022,27/07/2022,219.0750,3,0.50,-131.4450,72.5250
9946,741,367,06/10/2022,20/10/2022,279.9000,5,0.00,137.1510,55.9800
9947,610,584,14/05/2022,29/05/2022,83.9520,3,0.60,-90.2484,27.3840
9948,657,1520,18/04/2022,17/05/2022,15.5100,1,0.00,3.8775,15.5100
9949,390,1720,13/03/2022,18/03/2022,72.4200,6,0.00,23.8986,12.0700
9950,624,1802,18/12/2022,04/01/2023,17.9400,3,0.00,6.4584,5.9800
9951,652,1298,03/04/2022,04/04/2022,43.4100,1,0.00,19.9686,43.4100
9952,797,1567,21/11/2022,26/11/2022,18.4640,2,0.20,2.3080,9.0320
9953,736,1594,12/04/2022,01/05/2022,352.4500,5,0.50,-211.4700,69.9900
9954,478,1337,30/03/2022,25/04/2022,66.3600,4,0.00,23.2260,16.5900
9955,799,1268,18/10/2022,28/10/2022,10.8960,2,0.20,3.8136,5.2480
9956,252,1421,05/03/2022,18/03/2022,11.8500,3,0.00,3.7920,3.9500
9957,781,1131,05/10/2022,16/10/2022,29.3200,2,0.60,-24.1890,14.0600
9958,470,1753,14/07/2022,10/08/2022,71.9600,5,0.20,7.1960,14.1920
9959,625,1427,31/05/2022,03/06/2022,146.8200,3,0.00,73.4100,48.9400
9960,535,1236,09/08/2022,22/08/2022,129.8880,6,0.20,12.9888,21.4480
9961,206,1651,12/05/2022,09/06/2022,386.3400,2,0.00,54.0876,193.1700
9962,393,1317,06/02/2022,12/02/2022,17.9400,3,0.00,8.7906,5.9800
9963,263,1181,18/07/2022,03/08/2022,77.7280,2,0.20,-3.8864,38.6640
9964,497,1228,09/11/2022,08/12/2022,636.4080,3,0.20,-15.9102,211.9360
9965,704,971,24/01/2022,22/02/2022,104.8500,1,0.00,50.3280,104.8500
9966,766,765,09/04/2022,04/05/2022,484.6500,3,0.00,92.0835,161.5500
9967,351,32,11/08/2022,24/08/2022,5.7150,5,0.70,-4.7625,0.4430
9968,198,1417,27/04/2022,15/05/2022,34.3840,1,0.20,3.8682,34.1840
9969,288,809,14/08/2022,17/08/2022,23.9920,2,0.80,-62.3792,11.1960
9970,800,277,26/01/2022,12/02/2022,14.2800,1,0.00,6.5688,14.2800
9971,740,114,21/09/2022,05/10/2022,81.5400,3,0.00,38.3238,27.1800
9972,265,1391,09/04/2022,28/04/2022,33.5700,5,0.70,-25.7370,6.0140
9973,723,1624,04/01/2022,20/01/2022,19.9800,2,0.00,8.9910,9.9900
9974,568,1785,22/04/2022,12/05/2022,12.5850,1,0.70,-18.0385,11.8850
9975,341,285,12/02/2022,17/02/2022,408.4220,2,0.30,-5.8346,203.9110
9976,504,124,26/03/2022,05/04/2022,348.5600,8,0.00,104.5680,43.5700
9977,91,145,24/06/2022,10/07/2022,812.7360,8,0.20,60.9552,101.3920
9978,379,166,10/09/2022,18/09/2022,209.7920,2,0.20,26.2240,104.6960
9979,313,39,17/05/2022,18/05/2022,212.0580,3,0.30,-15.1470,70.3860
9980,511,3,09/09/2022,25/09/2022,14.6200,2,0.00,6.8714,7.3100
9981,592,1267,07/03/2022,05/04/2022,22.2000,1,0.60,-26.0850,21.6000
9982,389,1227,06/10/2022,05/11/2022,45.9800,2,0.00,12.8744,22.9900
9983,623,842,25/05/2022,10/06/2022,2504.7400,7,0.00,626.1850,357.8200
9984,615,294,10/08/2022,08/09/2022,288.0000,4,0.20,57.6000,71.8000
9985,170,326,09/10/2022,16/10/2022,4.1600,2,0.00,1.7472,2.0800
9986,365,236,04/09/2022,12/09/2022,20.3700,3,0.00,6.9258,6.7900
9987,415,77,09/01/2022,25/01/2022,38.6000,4,0.00,11.5800,9.6500
9988,650,51,07/03/2022,11/03/2022,9.2400,3,0.00,4.4352,3.0800
9989,349,604,01/05/2022,03/05/2022,239.9600,5,0.20,83.9860,47.7920
9990,235,114,23/08/2022,07/09/2022,108.7200,5,0.20,36.6930,21.5440
9991,161,1306,09/02/2022,08/03/2022,266.3520,3,0.20,-13.3176,88.5840
9992,35,877,11/02/2022,14/02/2022,51.0720,6,0.20,5.1072,8.3120
9993,333,532,04/07/2022,29/07/2022,1056.8600,7,0.00,306.4894,150.9800
9994,216,977,04/09/2022,04/10/2022,53.0880,7,0.80,-108.8304,6.7840
9995,104,666,30/05/2022,19/06/2022,65.9900,1,0.00,17.1574,65.9900
9996,275,154,09/07/2022,07/08/2022,7.8240,1,0.20,2.9340,7.6240
9997,798,586,22/12/2022,16/01/2023,19.4400,3,0.00,9.3312,6.4800
9998,679,1513,31/07/2022,22/08/2022,77.9520,3,0.20,-11.6928,25.7840
9999,61,364,14/11/2022,12/12/2022,573.7280,4,0.20,-64.5444,143.2320
10000,375,248,03/07/2022,12/07/2022,89.9700,3,0.00,39.5868,29.9900
10001,457,1026,12/01/2022,03/02/2022,11.6700,3,0.00,3.0342,3.8900
10002,784,802,01/07/2022,31/07/2022,65.9900,1,0.00,17.1574,65.9900
10003,355,1707,07/08/2022,26/08/2022,302.6700,3,0.00,72.6408,100.8900
10004,142,646,05/02/2022,02/03/2022,63.9800,7,0.00,21.7532,9.1400
10005,668,1572,11/10/2022,05/11/2022,335.9440,7,0.20,41.9930,47.7920
10006,473,1604,02/03/2022,05/03/2022,58.7300,7,0.00,14.6825,8.3900
10007,741,281,13/09/2022,14/09/2022,12.1280,4,0.80,-20.6176,2.2320
10008,697,1200,06/08/2022,07/08/2022,23.1200,5,0.20,8.3810,4.4240
10009,708,1350,10/02/2022,15/02/2022,9.2160,4,0.20,3.3408,2.1040
10010,407,769,07/12/2022,20/12/2022,498.0000,5,0.00,184.2600,99.6000
10011,437,1447,12/08/2022,10/09/2022,141.9600,2,0.00,22.7136,70.9800
10012,683,70,28/09/2022,28/10/2022,5.0800,1,0.20,1.6510,4.8800
10013,118,1050,13/12/2022,11/01/2023,169.5680,2,0.20,0.0000,84.5840
10014,637,828,11/05/2022,12/05/2022,10.3680,2,0.20,3.6288,4.9840
10015,652,219,22/08/2022,13/09/2022,3347.3700,13,0.00,636.0003,257.4900
10016,612,1394,18/03/2022,14/04/2022,15.9200,5,0.20,5.3730,2.9840
10017,70,304,01/07/2022,17/07/2022,55.2640,2,0.20,20.7240,27.4320
10018,46,977,09/01/2022,04/02/2022,60.6720,2,0.20,14.4096,30.1360
10019,501,332,20/05/2022,27/05/2022,159.9900,1,0.00,54.3966,159.9900
10020,412,767,11/06/2022,11/07/2022,91.0320,3,0.20,-2.2758,30.1440
10021,266,332,11/08/2022,19/08/2022,159.9900,1,0.00,54.3966,159.9900
10022,461,468,11/01/2022,05/02/2022,76.5800,7,0.00,38.2900,10.9400
10023,5,228,09/01/2022,29/01/2022,7.9800,1,0.00,3.9900,7.9800
10024,626,532,27/12/2022,30/12/2022,845.4880,8,0.30,-12.0784,105.3860
10025,567,1674,14/10/2022,03/11/2022,25.7100,3,0.00,9.2556,8.5700
10026,545,77,16/04/2022,11/05/2022,30.8800,4,0.20,3.8600,7.5200
10027,318,644,30/12/2022,10/01/2023,355.3200,9,0.00,99.4896,39.4800
10028,746,709,22/09/2022,03/10/2022,13.0500,5,0.00,6.0030,2.6100
10029,790,154,10/08/2022,31/08/2022,15.6480,2,0.20,5.0856,7.6240
10030,263,858,16/10/2022,28/10/2022,33.0400,8,0.00,15.5288,4.1300
10031,278,129,10/07/2022,04/08/2022,21.4560,9,0.20,6.9732,2.1840
10032,33,1511,30/06/2022,04/07/2022,227.9760,3,0.20,28.4970,75.7920
10033,622,1051,26/11/2022,27/11/2022,20.0160,9,0.20,1.7514,2.0240
10034,500,1459,04/12/2022,13/12/2022,5.0400,3,0.00,0.2016,1.6800
10035,92,16,21/08/2022,04/09/2022,1.6960,2,0.80,-2.5440,0.0480
10036,291,178,31/03/2022,21/04/2022,176.8000,8,0.00,22.9840,22.1000
10037,704,621,18/01/2022,29/01/2022,9.0240,6,0.20,3.1584,1.3040
10038,673,1804,18/09/2022,22/09/2022,5.9800,1,0.00,2.9302,5.9800
10039,694,1253,11/05/2022,31/05/2022,63.9400,1,0.00,24.9366,63.9400
10040,282,1444,06/11/2022,23/11/2022,28.0000,4,0.20,7.7000,6.8000
10041,189,1103,27/12/2022,10/01/2023,41.4240,2,0.20,8.2848,20.5120
10042,619,230,22/08/2022,27/08/2022,542.6460,3,0.10,102.4998,180.7820
10043,444,1806,25/06/2022,06/07/2022,341.9910,3,0.70,-319.1916,113.2970
10044,243,1190,23/10/2022,18/11/2022,36.2700,3,0.00,10.8810,12.0900
10045,709,467,18/09/2022,27/09/2022,1665.6200,2,0.00,33.3124,832.8100
10046,26,558,03/06/2022,02/07/2022,49.5000,5,0.00,13.3650,9.9000
10047,232,1637,24/08/2022,07/09/2022,3.6900,1,0.00,1.7343,3.6900
10048,769,1749,17/09/2022,14/10/2022,37.3120,4,0.20,2.7984,9.1280
10049,203,993,19/04/2022,05/05/2022,301.9600,2,0.00,45.2940,150.9800
10050,671,248,23/02/2022,22/03/2022,167.9440,7,0.20,50.3832,23.7920
10051,554,9,20/03/2022,23/03/2022,43.1760,7,0.20,13.4925,5.9680
10052,132,1106,01/03/2022,06/03/2022,8.5600,2,0.00,3.8520,4.2800
10053,397,711,28/09/2022,09/10/2022,20.0400,3,0.00,9.6192,6.6800
10054,741,1077,08/07/2022,05/08/2022,160.7760,3,0.20,10.0485,53.3920
10055,205,1057,12/12/2022,23/12/2022,139.9600,5,0.20,-22.7435,27.7920
10056,736,711,12/05/2022,06/06/2022,20.0400,3,0.00,9.6192,6.6800
10057,432,1175,30/08/2022,12/09/2022,895.9200,4,0.00,421.0824,223.9800
10058,260,966,22/03/2022,24/03/2022,1252.7040,8,0.40,-480.2032,156.1880
10059,403,626,06/12/2022,09/12/2022,20.7040,4,0.20,7.7640,4.9760
10060,343,1614,15/08/2022,21/08/2022,135.9500,1,0.00,39.4255,135.9500
10061,308,930,31/05/2022,10/06/2022,106.5000,6,0.00,41.5350,17.7500
10062,405,1338,17/04/2022,06/05/2022,37.5900,3,0.00,17.6673,12.5300
10063,112,130,26/11/2022,22/12/2022,21.3760,4,0.20,7.4816,5.1440
10064,383,336,30/07/2022,17/08/2022,607.5200,2,0.00,97.2032,303.7600
10065,84,596,28/11/2022,05/12/2022,237.0960,3,0.20,20.7459,78.8320
10066,123,1036,23/09/2022,05/10/2022,10.2720,3,0.20,1.1556,3.2240
10067,708,549,13/11/2022,24/11/2022,5.1840,1,0.20,1.8792,4.9840
10068,292,417,01/01/2022,27/01/2022,7.9800,5,0.80,-13.1670,0.7960
10069,716,702,29/12/2022,04/01/2023,239.9200,8,0.00,23.9920,29.9900
10070,400,181,12/07/2022,29/07/2022,35.8800,3,0.00,10.0464,11.9600
10071,120,855,07/09/2022,08/09/2022,12.9600,2,0.00,6.2208,6.4800
10072,212,765,18/10/2022,12/11/2022,646.2000,5,0.20,-8.0775,129.0400
10073,739,1411,20/11/2022,24/11/2022,27.1680,4,0.20,-1.3584,6.5920
10074,96,131,23/02/2022,18/03/2022,56.7040,2,0.20,19.1376,28.1520
10075,23,1828,21/01/2022,24/01/2022,27.3600,4,0.00,7.3872,6.8400
10076,504,646,31/07/2022,27/08/2022,63.9800,7,0.00,21.7532,9.1400
10077,484,712,15/06/2022,19/06/2022,25.9200,5,0.20,9.0720,4.9840
10078,603,127,14/10/2022,07/11/2022,47.9760,3,0.20,4.7976,15.7920
10079,546,422,16/02/2022,03/03/2022,61.6800,4,0.00,16.6536,15.4200
10080,443,1483,08/06/2022,25/06/2022,5.3120,2,0.60,-1.5936,2.0560
10081,91,962,26/03/2022,27/03/2022,77.5200,2,0.00,37.9848,38.7600
10082,177,1441,07/11/2022,30/11/2022,70.7100,1,0.00,4.9497,70.7100
10083,484,401,19/05/2022,27/05/2022,175.9200,5,0.20,15.3930,34.9840
10084,521,282,12/07/2022,01/08/2022,385.6000,8,0.00,111.8240,48.2000
10085,289,750,02/09/2022,15/09/2022,4.3200,3,0.20,1.5120,1.2400
10086,458,1152,12/12/2022,15/12/2022,370.7820,3,0.40,-92.6955,123.1940
10087,701,267,22/07/2022,21/08/2022,231.9200,5,0.20,5.7980,46.1840
10088,737,388,17/10/2022,04/11/2022,247.8000,4,0.00,34.6920,61.9500
10089,566,1699,14/07/2022,09/08/2022,16.7760,3,0.20,1.6776,5.3920
10090,679,194,01/05/2022,24/05/2022,222.3840,2,0.20,22.2384,110.9920
10091,530,70,28/01/2022,19/02/2022,30.4800,6,0.20,9.9060,4.8800
10092,670,1217,05/07/2022,16/07/2022,199.9600,4,0.00,69.9860,49.9900
10093,799,1707,16/09/2022,27/09/2022,90.8010,1,0.10,14.1246,90.7010
10094,654,1394,22/03/2022,16/04/2022,3.9800,5,0.80,-6.5670,-0.0040
10095,564,631,13/02/2022,09/03/2022,12.8400,3,0.00,5.7780,4.2800
10096,93,268,25/07/2022,05/08/2022,262.8640,7,0.20,69.0018,37.3520
10097,227,339,27/12/2022,26/01/2023,12.1760,1,0.20,4.4138,11.9760
10098,669,9,28/10/2022,19/11/2022,15.4200,2,0.00,6.9390,7.7100
10099,638,1584,18/08/2022,15/09/2022,51.8970,1,0.70,-41.5176,51.1970
10100,167,1242,13/04/2022,30/04/2022,8.5700,1,0.00,2.2282,8.5700
10101,10,900,30/05/2022,17/06/2022,431.9400,2,0.40,-71.9900,215.5700
10102,264,90,23/09/2022,12/10/2022,15.5520,3,0.20,5.4432,4.9840
10103,774,147,30/01/2022,27/02/2022,295.4560,14,0.20,96.0232,20.9040
10104,374,907,12/02/2022,26/02/2022,239.9700,3,0.00,26.3967,79.9900
10105,375,1512,01/02/2022,02/02/2022,2.0320,1,0.60,-1.3208,1.4320
10106,183,1627,27/04/2022,15/05/2022,171.2000,5,0.20,64.2000,34.0400
10107,244,899,17/02/2022,19/03/2022,180.0160,1,0.20,-15.7514,179.8160
10108,619,1692,05/03/2022,16/03/2022,80.9600,4,0.00,29.1456,20.2400
10109,9,210,16/01/2022,09/02/2022,2.2000,1,0.00,0.9680,2.2000
10110,794,1471,16/10/2022,06/11/2022,20.7360,4,0.20,7.2576,4.9840
10111,209,223,04/08/2022,22/08/2022,29.2200,3,0.00,12.8568,9.7400
10112,226,543,07/08/2022,24/08/2022,117.4880,7,0.20,41.1208,16.5840
10113,337,1267,07/02/2022,11/02/2022,44.4000,2,0.60,-52.1700,21.6000
10114,611,1721,21/07/2022,07/08/2022,16.0000,4,0.00,7.6800,4.0000
10115,261,85,03/02/2022,18/02/2022,47.9760,3,0.20,8.3958,15.7920
10116,602,1520,02/06/2022,07/06/2022,15.5100,1,0.00,3.8775,15.5100
10117,174,832,12/02/2022,17/02/2022,16.4000,5,0.00,4.7560,3.2800
10118,467,7,24/10/2022,19/11/2022,3.6400,2,0.00,0.9828,1.8200
10119,721,41,28/07/2022,17/08/2022,275.9400,6,0.00,80.0226,45.9900
10120,562,143,10/01/2022,21/01/2022,82.3440,3,0.20,27.7911,27.2480
10121,106,1688,05/03/2022,10/03/2022,12.3000,5,0.00,6.1500,2.4600
10122,379,978,11/05/2022,09/06/2022,131.9800,2,0.00,35.6346,65.9900
10123,516,292,11/08/2022,22/08/2022,362.3520,3,0.20,27.1764,120.5840
10124,24,768,20/08/2022,24/08/2022,67.3440,6,0.20,7.5762,11.0240
10125,731,1045,20/03/2022,27/03/2022,201.5680,4,0.20,22.6764,50.1920
10126,742,1600,20/06/2022,06/07/2022,22.3800,3,0.60,-7.8330,6.8600
10127,292,872,25/08/2022,15/09/2022,95.9840,4,0.30,-4.1136,23.6960
10128,703,312,18/11/2022,04/12/2022,11.1600,2,0.00,2.7900,5.5800
10129,101,771,24/02/2022,28/02/2022,124.9500,5,0.00,2.4990,24.9900
10130,151,259,18/05/2022,19/05/2022,1038.8400,5,0.20,51.9420,207.5680
10131,780,108,29/08/2022,11/09/2022,41.9600,2,0.00,10.9096,20.9800
10132,11,464,09/06/2022,17/06/2022,185.5280,7,0.20,48.7011,26.3040
10133,303,384,03/02/2022,15/02/2022,252.7840,4,0.80,-417.0936,62.3960
10134,151,532,21/09/2022,20/10/2022,301.9600,2,0.00,87.5684,150.9800
10135,729,1273,06/01/2022,05/02/2022,18.5400,2,0.00,8.7138,9.2700
10136,208,642,12/01/2022,03/02/2022,6.1600,2,0.00,2.9568,3.0800
10137,23,1195,05/08/2022,24/08/2022,445.8020,7,0.30,-108.2662,63.3860
10138,408,387,28/10/2022,12/11/2022,8.0200,1,0.00,3.7694,8.0200
10139,251,838,19/11/2022,04/12/2022,29.9700,3,0.00,13.4865,9.9900
10140,566,1265,12/06/2022,07/07/2022,6.0800,2,0.00,2.0672,3.0400
10141,322,812,20/02/2022,18/03/2022,36.2880,7,0.20,12.7008,4.9840
10142,701,1022,18/08/2022,11/09/2022,173.4880,7,0.20,54.2150,24.5840
10143,616,181,17/12/2022,27/12/2022,23.9200,2,0.00,6.6976,11.9600
10144,726,459,26/03/2022,25/04/2022,62.1920,13,0.20,19.4350,4.5840
10145,64,352,04/05/2022,05/05/2022,37.8960,4,0.70,-29.0536,8.7740
10146,393,34,06/06/2022,08/06/2022,106.3200,3,0.00,49.9704,35.4400
10147,17,822,22/04/2022,26/04/2022,58.5800,2,0.00,19.3314,29.2900
10148,82,1553,14/11/2022,15/11/2022,31.1040,6,0.20,11.2752,4.9840
10149,319,581,26/12/2022,06/01/2023,97.6960,4,0.20,31.7512,24.2240
10150,422,654,25/04/2022,21/05/2022,11.2640,4,0.20,3.8016,2.6160
10151,42,1413,17/05/2022,06/06/2022,61.5680,2,0.20,4.6176,30.5840
10152,217,1505,19/03/2022,13/04/2022,89.9000,2,0.00,25.1720,44.9500
10153,662,81,30/10/2022,23/11/2022,149.7300,7,0.00,43.4217,21.3900
10154,726,1095,20/01/2022,13/02/2022,239.9700,3,0.00,86.3892,79.9900
10155,202,615,03/09/2022,04/09/2022,5.7600,2,0.00,2.8224,2.8800
10156,564,1509,07/11/2022,20/11/2022,1049.9300,7,0.00,293.9804,149.9900
10157,690,1298,06/07/2022,12/07/2022,69.4560,2,0.20,22.5732,34.5280
10158,557,639,27/10/2022,25/11/2022,1363.9600,5,0.20,85.2475,272.5920
10159,605,545,27/12/2022,21/01/2023,24.1000,5,0.00,11.0860,4.8200
10160,23,1785,13/03/2022,16/03/2022,12.5850,1,0.70,-18.0385,11.8850
10161,100,1610,30/11/2022,20/12/2022,129.3900,3,0.00,54.3438,43.1300
10162,764,1216,23/08/2022,15/09/2022,40.2000,5,0.00,18.0900,8.0400
10163,1,1683,13/03/2022,17/03/2022,10.3840,2,0.20,2.2066,4.9920
10164,725,248,11/02/2022,18/02/2022,89.9700,3,0.00,39.5868,29.9900
10165,657,1367,21/01/2022,18/02/2022,28.2720,2,0.20,6.3612,13.9360
10166,225,1525,13/06/2022,19/06/2022,16.4480,2,0.20,5.5512,8.0240
10167,444,1677,23/10/2022,16/11/2022,1628.8200,9,0.00,260.6112,180.9800
10168,331,1115,02/08/2022,22/08/2022,18.6900,7,0.00,5.2332,2.6700
10169,183,742,03/12/2022,12/12/2022,511.5000,5,0.00,132.9900,102.3000
10170,103,525,17/08/2022,30/08/2022,269.9800,2,0.00,72.8946,134.9900
10171,279,1718,05/01/2022,09/01/2022,23.9880,2,0.40,-13.9930,11.5940
10172,437,131,30/01/2022,27/02/2022,35.4400,1,0.00,16.6568,35.4400
10173,367,1712,20/12/2022,13/01/2023,55.5840,6,0.20,20.8440,9.0640
10174,744,801,03/12/2022,11/12/2022,10.4160,7,0.20,-2.2134,1.2880
10175,161,558,13/07/2022,30/07/2022,49.5000,5,0.00,13.3650,9.9000
10176,753,114,15/06/2022,18/06/2022,65.2320,3,0.20,22.0158,21.5440
10177,569,467,20/10/2022,12/11/2022,1332.4960,2,0.20,-299.8116,666.0480
10178,386,1165,12/04/2022,21/04/2022,505.1760,4,0.70,-336.7840,125.5940
10179,3,855,22/05/2022,05/06/2022,19.4400,3,0.00,9.3312,6.4800
10180,438,368,17/04/2022,15/05/2022,241.9600,2,0.00,41.1332,120.9800
10181,25,535,03/11/2022,06/11/2022,20.3200,5,0.20,3.5560,3.8640
10182,75,1511,13/08/2022,11/09/2022,379.9600,5,0.20,47.4950,75.7920
10183,540,337,20/03/2022,05/04/2022,28.8400,2,0.00,9.5172,14.4200
10184,489,136,16/05/2022,30/05/2022,16.4640,7,0.20,1.4406,2.1520
10185,208,1650,07/04/2022,03/05/2022,27.3840,7,0.20,2.7384,3.7120
10186,12,1180,28/04/2022,15/05/2022,271.9920,1,0.20,23.7993,271.7920
10187,280,699,29/03/2022,21/04/2022,6.9840,2,0.60,-4.5396,2.8920
10188,688,1324,16/05/2022,22/05/2022,1.3440,1,0.20,0.4704,1.1440
10189,478,623,18/09/2022,24/09/2022,971.5000,5,0.00,252.5900,194.3000
10190,91,208,13/02/2022,14/03/2022,599.9850,5,0.70,-479.9880,119.2970
10191,67,958,05/02/2022,10/02/2022,279.9000,5,0.00,137.1510,55.9800
10192,605,351,02/07/2022,16/07/2022,18.6930,3,0.70,-14.3313,5.5310
10193,79,1029,03/04/2022,25/04/2022,21.5600,7,0.00,10.3488,3.0800
10194,772,461,20/10/2022,13/11/2022,259.1360,4,0.20,-51.8272,64.5840
10195,750,1665,27/04/2022,10/05/2022,110.3520,3,0.20,8.2764,36.5840
10196,605,1278,27/03/2022,03/04/2022,166.4500,5,0.00,39.9480,33.2900
10197,12,310,19/12/2022,15/01/2023,581.9600,2,0.00,104.7528,290.9800
10198,791,1521,25/04/2022,17/05/2022,8.5600,2,0.00,3.8520,4.2800
10199,358,519,25/01/2022,09/02/2022,356.9400,2,0.00,107.0820,178.4700
10200,375,63,12/01/2022,28/01/2022,97.8200,2,0.00,45.9754,48.9100
10201,485,894,30/12/2022,06/01/2023,1268.8200,9,0.00,266.4522,140.9800
10202,356,610,30/01/2022,01/03/2022,5.7800,1,0.00,2.8322,5.7800
10203,406,483,08/08/2022,09/08/2022,32.0640,6,0.20,11.2224,5.1440
10204,713,124,21/03/2022,28/03/2022,43.5700,1,0.00,13.0710,43.5700
10205,703,452,11/11/2022,06/12/2022,3050.3760,3,0.20,1143.8910,1016.5920
10206,322,709,21/08/2022,18/09/2022,7.8300,3,0.00,3.6018,2.6100
10207,485,177,16/10/2022,15/11/2022,10.7400,3,0.00,5.1552,3.5800
10208,489,467,08/03/2022,23/03/2022,4663.7360,7,0.20,-1049.3406,666.0480
10209,709,1750,21/11/2022,20/12/2022,44.4000,3,0.00,22.2000,14.8000
10210,109,1794,24/07/2022,25/07/2022,13.9700,1,0.00,3.6322,13.9700
10211,314,915,10/11/2022,14/11/2022,2.7720,7,0.80,-4.8510,-0.4040
10212,24,1111,28/01/2022,14/02/2022,61.0000,5,0.00,25.6200,12.2000
10213,55,1849,24/02/2022,13/03/2022,1499.9700,5,0.40,-374.9925,299.5940
10214,476,1097,06/05/2022,07/05/2022,180.9800,5,0.80,-470.5480,35.3960
10215,34,450,25/02/2022,22/03/2022,8.3400,3,0.00,2.1684,2.7800
10216,643,911,09/01/2022,25/01/2022,668.1600,9,0.20,75.1680,74.0400
10217,77,1079,23/07/2022,10/08/2022,1.8100,1,0.00,0.6516,1.8100
10218,187,775,27/01/2022,31/01/2022,1379.9200,8,0.00,648.5624,172.4900
10219,384,544,10/11/2022,18/11/2022,20.3880,2,0.80,-53.0088,9.3940
10220,113,527,22/06/2022,23/06/2022,16.1920,2,0.60,-8.5008,7.4960
10221,3,1317,29/10/2022,28/11/2022,11.9600,2,0.00,5.8604,5.9800
10222,739,725,15/05/2022,03/06/2022,151.2000,3,0.20,32.1300,50.2000
10223,95,49,28/06/2022,28/07/2022,30.5760,6,0.20,10.3194,4.8960
10224,716,519,23/12/2022,17/01/2023,999.4320,7,0.20,124.9290,142.5760
10225,406,1359,18/03/2022,12/04/2022,512.4990,3,0.15,-30.1470,170.6830
10226,119,211,27/09/2022,26/10/2022,896.3280,9,0.20,22.4082,99.3920
10227,566,992,07/03/2022,11/03/2022,18.2400,2,0.70,-14.5920,8.4200
10228,425,1401,24/05/2022,22/06/2022,77.5200,2,0.00,37.9848,38.7600
10229,155,1305,25/10/2022,11/11/2022,120.7120,1,0.20,-18.1068,120.5120
10230,509,1478,02/02/2022,06/02/2022,65.7900,9,0.00,30.2634,7.3100
10231,71,1222,03/01/2022,25/01/2022,11.0700,3,0.00,5.2029,3.6900
10232,326,642,26/12/2022,10/01/2023,21.5600,7,0.00,10.3488,3.0800
10233,775,308,04/01/2022,25/01/2022,14.3680,4,0.20,4.4900,3.3920
10234,451,1522,28/09/2022,29/09/2022,20.0400,6,0.00,8.8176,3.3400
10235,793,289,06/01/2022,25/01/2022,445.9600,5,0.20,55.7450,88.9920
10236,340,465,22/11/2022,27/11/2022,1282.4100,5,0.10,213.7350,256.3820
10237,689,272,12/11/2022,11/12/2022,55.1040,6,0.20,18.5976,8.9840
10238,117,425,16/08/2022,23/08/2022,119.7000,6,0.00,31.1220,19.9500
10239,403,781,07/12/2022,24/12/2022,39.5940,1,0.40,-7.2589,39.1940
10240,619,1642,17/02/2022,19/03/2022,7.9200,1,0.20,2.7720,7.7200
10241,118,896,02/02/2022,16/02/2022,1979.9280,9,0.20,148.4946,219.7920
10242,440,581,11/08/2022,18/08/2022,122.1200,5,0.20,39.6890,24.2240
10243,575,905,18/08/2022,10/09/2022,89.6960,4,0.20,33.6360,22.2240
10244,703,1288,19/07/2022,20/07/2022,151.9600,4,0.00,36.4704,37.9900
10245,255,225,08/12/2022,23/12/2022,170.1360,3,0.20,-8.5068,56.5120
10246,283,1342,03/06/2022,06/06/2022,13.1200,5,0.20,1.1480,2.4240
10247,167,1210,24/07/2022,05/08/2022,341.4880,8,0.30,-73.1760,42.3860
10248,14,1744,20/09/2022,16/10/2022,209.9400,6,0.00,54.5844,34.9900
10249,445,352,27/10/2022,09/11/2022,221.0600,7,0.00,103.8982,31.5800
10250,177,545,28/10/2022,13/11/2022,53.9840,14,0.20,17.5448,3.6560
10251,9,971,07/10/2022,25/10/2022,419.4000,4,0.00,201.3120,104.8500
10252,204,670,07/05/2022,03/06/2022,51.1840,4,0.80,-79.3352,11.9960
10253,125,599,18/10/2022,19/10/2022,8.7840,1,0.20,3.1842,8.5840
10254,454,525,17/08/2022,22/08/2022,431.9680,4,0.20,37.7972,107.7920
10255,131,484,06/09/2022,04/10/2022,3785.2920,6,0.10,420.5880,630.7820
10256,800,1002,10/12/2022,15/12/2022,6.4800,1,0.00,3.1104,6.4800
10257,244,588,11/06/2022,14/06/2022,353.5680,2,0.20,-44.1960,176.5840
10258,385,752,29/03/2022,09/04/2022,33.9200,8,0.00,13.2288,4.2400
10259,40,94,14/11/2022,25/11/2022,41.3700,3,0.00,17.3754,13.7900
10260,619,1439,24/09/2022,10/10/2022,8.7500,1,0.00,2.6250,8.7500
10261,425,235,23/11/2022,18/12/2022,107.9840,1,0.20,9.4486,107.7840
10262,778,1364,13/08/2022,25/08/2022,155.3500,13,0.00,0.0000,11.9500
10263,289,1454,14/01/2022,30/01/2022,15.5700,3,0.70,-11.9370,4.4900
10264,571,43,10/08/2022,03/09/2022,418.3200,7,0.00,117.1296,59.7600
10265,86,1483,21/06/2022,07/07/2022,19.9200,3,0.00,9.5616,6.6400
10266,9,481,24/02/2022,11/03/2022,82.6400,2,0.00,7.4376,41.3200
10267,167,1109,02/08/2022,07/08/2022,14.3760,3,0.20,4.8519,4.5920
10268,775,94,30/05/2022,15/06/2022,44.1280,4,0.20,12.1352,10.8320
10269,262,1513,25/09/2022,12/10/2022,77.9520,3,0.20,-11.6928,25.7840
10270,81,844,09/12/2022,12/12/2022,10.9500,1,0.00,0.4380,10.9500
10271,769,1424,30/09/2022,19/10/2022,30.9300,1,0.00,12.6813,30.9300
10272,682,425,22/05/2022,01/06/2022,31.9200,2,0.20,2.3940,15.7600
10273,175,993,04/02/2022,22/02/2022,452.9400,3,0.00,67.9410,150.9800
10274,755,951,25/01/2022,20/02/2022,103.1920,1,0.20,11.6091,102.9920
10275,521,1138,27/10/2022,12/11/2022,431.9760,4,0.40,-100.7944,107.5940
10276,200,1175,14/07/2022,01/08/2022,895.9200,4,0.00,421.0824,223.9800
10277,391,221,25/03/2022,07/04/2022,15.5520,3,0.20,5.6376,4.9840
10278,514,506,09/06/2022,18/06/2022,20.6080,2,0.20,-4.3792,10.1040
10279,585,1023,18/01/2022,23/01/2022,21.4880,2,0.20,1.6116,10.5440
10280,527,49,22/08/2022,07/09/2022,30.5760,6,0.20,10.3194,4.8960
10281,141,999,05/07/2022,20/07/2022,16.7200,5,0.20,3.3440,3.1440
10282,8,115,04/10/2022,02/11/2022,945.0360,6,0.40,-299.2614,157.1060
10283,467,154,25/03/2022,10/04/2022,23.4720,3,0.20,8.8020,7.6240
10284,155,939,02/05/2022,03/05/2022,37.5200,4,0.00,18.0096,9.3800
10285,620,169,25/01/2022,24/02/2022,170.0580,3,0.30,-4.8588,56.3860
10286,220,84,26/10/2022,15/11/2022,301.9600,2,0.00,33.2156,150.9800
10287,299,39,28/09/2022,15/10/2022,403.9200,5,0.20,25.2450,80.5840
10288,681,663,07/12/2022,19/12/2022,271.7640,2,0.10,60.3920,135.7820
10289,719,906,05/07/2022,03/08/2022,155.3720,2,0.30,-35.5136,77.3860
10290,28,352,08/12/2022,30/12/2022,37.8960,4,0.70,-29.0536,8.7740
10291,315,759,15/01/2022,02/02/2022,931.1760,3,0.20,314.2719,310.1920
10292,132,706,21/04/2022,28/04/2022,145.8500,5,0.00,70.0080,29.1700
10293,196,1335,10/04/2022,02/05/2022,451.1360,4,0.20,-67.6704,112.5840
10294,284,251,25/10/2022,23/11/2022,4.4100,1,0.00,2.0286,4.4100
10295,638,483,12/02/2022,24/02/2022,33.4000,5,0.00,16.0320,6.6800
10296,460,279,31/10/2022,30/11/2022,67.0000,5,0.00,32.1600,13.4000
10297,262,176,26/11/2022,28/11/2022,116.0000,8,0.00,29.0000,14.5000
10298,598,1143,15/08/2022,30/08/2022,254.9000,5,0.00,76.4700,50.9800
10299,633,41,23/11/2022,01/12/2022,73.5840,2,0.20,8.2782,36.5920
10300,742,1017,16/06/2022,24/06/2022,14.9400,3,0.00,7.0218,4.9800
10301,57,526,14/09/2022,01/10/2022,18.2400,3,0.00,8.5728,6.0800
10302,373,462,14/06/2022,05/07/2022,31.3600,4,0.00,15.6800,7.8400
10303,410,660,18/10/2022,20/10/2022,30.0000,6,0.00,14.4000,5.0000
10304,684,228,13/09/2022,26/09/2022,15.9600,2,0.00,7.9800,7.9800
10305,626,655,17/02/2022,24/02/2022,280.7920,1,0.20,35.0990,280.5920
10306,573,845,31/01/2022,02/03/2022,719.9760,3,0.20,134.9955,239.7920
10307,800,257,20/08/2022,12/09/2022,1.8720,3,0.70,-1.4352,-0.0760
10308,188,844,10/09/2022,29/09/2022,35.0400,4,0.20,-7.0080,8.5600
10309,655,1157,19/12/2022,25/12/2022,70.9800,1,0.00,20.5842,70.9800
10310,114,1297,22/05/2022,01/06/2022,9.5400,3,0.00,4.3884,3.1800
10311,132,129,03/09/2022,20/09/2022,9.4320,3,0.20,3.0654,2.9440
10312,166,1605,09/08/2022,04/09/2022,79.1200,5,0.20,13.8460,15.6240
10313,495,454,27/09/2022,26/10/2022,60.8640,4,0.20,9.1296,15.0160
10314,147,630,19/10/2022,22/10/2022,680.0100,3,0.00,176.8026,226.6700
10315,498,1792,19/01/2022,11/02/2022,127.9360,8,0.20,4.7976,15.7920
10316,480,243,19/02/2022,15/03/2022,11.6800,2,0.00,5.4896,5.8400
10317,65,798,20/11/2022,08/12/2022,14.9520,3,0.20,5.4201,4.7840
10318,170,89,29/10/2022,28/11/2022,19.4400,3,0.00,9.3312,6.4800
10319,160,546,25/02/2022,15/03/2022,12.5600,2,0.00,4.0192,6.2800
10320,87,150,14/04/2022,22/04/2022,21.9300,3,0.00,10.3071,7.3100
10321,474,130,31/01/2022,20/02/2022,16.0320,3,0.20,5.6112,5.1440
10322,190,1188,09/11/2022,24/11/2022,37.6000,2,0.00,2.2560,18.8000
10323,73,779,14/09/2022,03/10/2022,63.3120,3,0.20,20.5764,20.9040
10324,245,756,19/07/2022,23/07/2022,4.4480,2,0.20,1.4456,2.0240
10325,595,708,15/07/2022,02/08/2022,23.7440,2,0.20,8.3104,11.6720
10326,639,1062,08/09/2022,22/09/2022,40.0000,2,0.20,0.5000,19.8000
10327,714,526,26/10/2022,28/10/2022,3.6480,2,0.70,-2.7968,1.1240
10328,99,108,12/04/2022,11/05/2022,83.9200,4,0.00,21.8192,20.9800
10329,268,1583,22/02/2022,05/03/2022,6.2800,2,0.00,0.0628,3.1400
10330,306,1511,30/10/2022,12/11/2022,474.9500,5,0.00,142.4850,94.9900
10331,394,1278,26/07/2022,30/07/2022,33.2900,1,0.00,7.9896,33.2900
10332,379,397,05/07/2022,16/07/2022,22.0500,7,0.00,10.5840,3.1500
10333,11,184,06/10/2022,08/10/2022,13.8900,3,0.00,4.5837,4.6300
10334,80,246,07/08/2022,25/08/2022,23.9900,1,0.00,11.9950,23.9900
10335,698,64,11/07/2022,02/08/2022,39.8800,2,0.00,11.1664,19.9400
10336,760,1265,27/10/2022,15/11/2022,27.3600,9,0.00,9.3024,3.0400
10337,618,310,10/07/2022,01/08/2022,2036.8600,7,0.00,366.6348,290.9800
10338,414,727,24/07/2022,07/08/2022,4.0640,1,0.20,1.3716,3.8640
10339,766,1570,22/11/2022,11/12/2022,1159.0560,9,0.20,43.4646,128.5840
10340,273,73,15/10/2022,29/10/2022,72.7840,1,0.20,-18.1960,72.5840
10341,270,1025,20/06/2022,07/07/2022,54.3200,4,0.00,0.5432,13.5800
10342,471,257,13/11/2022,16/11/2022,4.3680,7,0.70,-3.3488,-0.0760
10343,698,743,04/12/2022,31/12/2022,9.9840,4,0.20,3.6192,2.2960
10344,648,1554,19/11/2022,14/12/2022,6.2080,2,0.20,0.6984,2.9040
10345,281,41,12/02/2022,01/03/2022,110.3760,3,0.20,12.4173,36.5920
10346,589,1539,17/06/2022,26/06/2022,9.0000,3,0.20,3.1500,2.8000
10347,322,274,25/08/2022,08/09/2022,541.2400,4,0.00,5.4124,135.3100
10348,428,1366,23/07/2022,08/08/2022,133.3800,6,0.00,58.6872,22.2300
10349,387,786,20/05/2022,03/06/2022,17.1200,4,0.00,4.9648,4.2800
10350,641,187,16/02/2022,26/02/2022,2.9460,3,0.80,-4.8609,0.1820
10351,762,106,18/05/2022,26/05/2022,3.3040,1,0.20,1.0738,3.1040
10352,524,1008,22/10/2022,15/11/2022,179.9400,6,0.00,75.5748,29.9900
10353,777,917,23/12/2022,18/01/2023,27.7600,4,0.00,9.9936,6.9400
10354,39,1221,22/04/2022,11/05/2022,94.8500,5,0.00,45.5280,18.9700
10355,443,348,09/06/2022,29/06/2022,46.7200,8,0.20,15.7680,5.6400
10356,630,990,23/11/2022,13/12/2022,48.8960,2,0.20,18.3360,24.2480
10357,135,1555,13/12/2022,16/12/2022,87.4000,5,0.00,34.9600,17.4800
10358,169,415,25/09/2022,21/10/2022,97.8400,2,0.00,25.4384,48.9200
10359,703,1203,14/08/2022,20/08/2022,176.7720,3,0.80,-459.6072,58.1240
10360,683,968,13/12/2022,21/12/2022,25.8240,6,0.20,9.0384,4.1040
10361,69,670,03/09/2022,06/09/2022,102.3680,2,0.20,37.1084,50.9840
10362,143,1642,28/12/2022,31/12/2022,31.6800,4,0.20,11.0880,7.7200
10363,536,753,25/12/2022,29/12/2022,559.9840,2,0.20,55.9984,279.7920
10364,231,165,25/08/2022,10/09/2022,182.2200,3,0.00,45.5550,60.7400
10365,326,901,30/11/2022,26/12/2022,8.8080,3,0.80,-14.9736,2.1360
10366,108,752,03/03/2022,10/03/2022,33.9200,8,0.00,13.2288,4.2400
10367,40,985,29/10/2022,15/11/2022,172.7640,2,0.10,13.4372,86.2820
10368,483,638,12/07/2022,08/08/2022,155.3720,2,0.30,-13.3176,77.3860
10369,461,1074,11/11/2022,08/12/2022,6.6800,1,0.00,3.2064,6.6800
10370,646,622,08/05/2022,13/05/2022,286.2900,3,0.00,17.1774,95.4300
10371,440,1109,04/01/2022,29/01/2022,19.1680,4,0.20,6.4692,4.5920
10372,19,1512,23/03/2022,01/04/2022,10.1600,2,0.00,3.4544,5.0800
10373,714,774,28/08/2022,30/08/2022,887.2710,3,0.30,-63.3765,295.4570
10374,86,27,06/05/2022,10/05/2022,2396.2656,4,0.32,-317.1528,598.7464
10375,544,114,16/10/2022,02/11/2022,27.1800,1,0.00,12.7746,27.1800
10376,737,995,29/11/2022,29/12/2022,55.4240,2,0.20,19.3984,27.5120
10377,529,209,29/12/2022,26/01/2023,13.5840,1,0.20,1.3584,13.3840
10378,244,1577,14/09/2022,04/10/2022,104.7840,1,0.20,-14.4078,104.5840
10379,590,1051,19/11/2022,29/11/2022,2.2240,1,0.20,0.5560,2.0240
10380,61,193,23/10/2022,25/10/2022,31.4000,5,0.00,13.1880,6.2800
10381,767,928,09/06/2022,17/06/2022,15.5520,3,0.20,5.4432,4.9840
10382,260,1110,03/03/2022,27/03/2022,156.3728,2,0.32,-52.8908,77.8664
10383,154,1383,23/09/2022,24/09/2022,12.8430,3,0.70,-9.8463,3.5810
10384,485,478,24/03/2022,27/03/2022,380.8640,8,0.20,38.0864,47.4080
10385,88,993,03/03/2022,10/03/2022,301.9600,2,0.00,45.2940,150.9800
10386,522,645,26/02/2022,12/03/2022,5.1840,1,0.20,1.8144,4.9840
10387,25,1543,12/06/2022,09/07/2022,2395.2000,6,0.20,209.5800,399.0000
10388,651,16,23/02/2022,20/03/2022,12.7200,3,0.00,6.3600,4.2400
10389,655,337,15/10/2022,27/10/2022,57.6800,4,0.00,19.0344,14.4200
10390,542,1166,16/04/2022,25/04/2022,29.5600,4,0.00,7.9812,7.3900
10391,332,269,03/12/2022,01/01/2023,287.9400,3,0.00,77.7438,95.9800
10392,656,1410,23/11/2022,04/12/2022,25.9800,2,0.00,1.5588,12.9900
10393,131,1312,19/12/2022,10/01/2023,26.4060,3,0.80,-71.2962,8.0020
10394,732,750,25/10/2022,28/10/2022,1.4400,1,0.20,0.5040,1.2400
10395,284,1175,05/04/2022,07/04/2022,671.9400,3,0.00,315.8118,223.9800
10396,795,924,01/02/2022,06/02/2022,4.3560,2,0.80,-11.7612,1.3780
10397,182,59,19/03/2022,26/03/2022,36.3600,3,0.20,12.2715,11.9200
10398,537,1828,17/03/2022,13/04/2022,27.3600,4,0.00,7.3872,6.8400
10399,175,1221,20/07/2022,04/08/2022,106.2320,7,0.20,37.1812,14.9760
10400,2,677,15/05/2022,18/05/2022,11.6960,2,0.20,3.9474,5.6480
10401,87,675,18/11/2022,11/12/2022,47.2080,7,0.20,15.3426,6.5440
10402,162,1508,23/01/2022,31/01/2022,371.9760,3,0.20,116.2425,123.7920
10403,82,1017,05/08/2022,17/08/2022,14.9400,3,0.00,7.0218,4.9800
10404,82,177,20/10/2022,08/11/2022,10.7400,3,0.00,5.1552,3.5800
10405,739,479,10/04/2022,17/04/2022,36.3200,1,0.00,10.8960,36.3200
10406,519,858,25/12/2022,07/01/2023,33.0400,8,0.00,15.5288,4.1300
10407,644,1623,02/08/2022,29/08/2022,81.9400,1,0.00,20.4850,81.9400
10408,226,764,27/02/2022,04/03/2022,791.8800,3,0.20,128.6805,263.7600
10409,571,731,27/09/2022,15/10/2022,161.3760,6,0.20,12.1032,26.6960
10410,658,1095,28/07/2022,23/08/2022,239.9700,3,0.00,86.3892,79.9900
10411,421,245,27/11/2022,03/12/2022,74.4160,2,0.20,-14.8832,37.0080
10412,125,176,12/05/2022,27/05/2022,43.5000,3,0.00,10.8750,14.5000
10413,429,1223,27/10/2022,13/11/2022,3.9600,2,0.00,1.4652,1.9800
10414,437,1452,05/08/2022,17/08/2022,25.9200,4,0.00,12.4416,6.4800
10415,713,986,27/03/2022,09/04/2022,71.9760,3,0.20,8.9970,23.7920
10416,672,1140,27/12/2022,16/01/2023,36.2880,7,0.20,12.7008,4.9840
10417,450,420,15/08/2022,05/09/2022,222.6660,2,0.15,10.4784,111.1830
10418,572,155,04/05/2022,13/05/2022,10.3800,2,0.70,-7.6120,4.4900
10419,39,542,30/01/2022,01/02/2022,117.8820,1,0.10,1.3098,117.7820
10420,70,1183,22/03/2022,25/03/2022,19.9680,2,0.70,-13.3120,9.2840
10421,569,94,25/08/2022,26/08/2022,68.9500,5,0.00,28.9590,13.7900
10422,533,995,14/08/2022,28/08/2022,55.4240,2,0.20,19.3984,27.5120
10423,498,1762,07/08/2022,21/08/2022,686.4000,2,0.20,77.2200,343.0000
10424,693,1594,24/08/2022,05/09/2022,599.1650,5,0.15,35.2450,119.6830
10425,137,155,24/08/2022,10/09/2022,34.6000,2,0.00,16.6080,17.3000
10426,9,1013,09/11/2022,15/11/2022,376.8660,3,0.40,-213.5574,125.2220
10427,93,1073,31/01/2022,08/02/2022,219.8400,4,0.00,107.7216,54.9600
10428,665,129,13/04/2022,16/04/2022,12.6240,2,0.20,3.9450,6.1120
10429,285,314,27/12/2022,07/01/2023,25.9200,4,0.00,8.2944,6.4800
10430,58,106,06/04/2022,04/05/2022,3.3040,1,0.20,1.0738,3.1040
10431,186,312,22/10/2022,27/10/2022,11.1600,2,0.00,2.7900,5.5800
10432,306,78,24/10/2022,11/11/2022,499.5840,3,0.20,43.7136,166.3280
10433,185,893,26/12/2022,09/01/2023,349.9650,7,0.50,-216.9783,49.4950
10434,443,1129,17/08/2022,26/08/2022,4.9800,1,0.00,2.2908,4.9800
10435,568,626,05/05/2022,27/05/2022,1.9410,1,0.70,-1.2940,1.2410
10436,317,247,22/02/2022,06/03/2022,290.3360,2,0.20,32.6628,144.9680
10437,101,1187,20/01/2022,26/01/2022,56.6500,5,0.00,24.3595,11.3300
10438,520,501,18/02/2022,02/03/2022,14.8500,3,0.00,4.0095,4.9500
10439,351,1356,14/08/2022,21/08/2022,201.5840,2,0.20,20.1584,100.5920
10440,720,693,15/08/2022,09/09/2022,1369.7640,6,0.70,-913.1760,227.5940
10441,310,1785,04/04/2022,13/04/2022,83.9000,2,0.00,22.6530,41.9500
10442,489,498,10/06/2022,18/06/2022,115.8400,8,0.00,54.4448,14.4800
10443,585,419,14/03/2022,22/03/2022,909.1200,8,0.00,9.0912,113.6400
10444,466,348,28/07/2022,22/08/2022,6.5700,3,0.70,-5.0370,1.4900
10445,421,947,30/10/2022,11/11/2022,25.1200,2,0.20,1.5700,12.3600
10446,730,632,12/02/2022,21/02/2022,241.3320,5,0.32,-14.1960,47.9464
10447,262,1272,07/06/2022,07/07/2022,583.8000,5,0.20,72.9750,116.5600
10448,129,973,06/04/2022,18/04/2022,95.6480,2,0.20,31.0856,47.6240
10449,160,1036,11/06/2022,17/06/2022,17.1200,5,0.20,1.9260,3.2240
10450,231,1350,01/10/2022,16/10/2022,11.5200,4,0.00,5.6448,2.8800
10451,143,154,03/03/2022,15/03/2022,4.4640,1,0.20,1.6740,4.2640
10452,8,1473,03/07/2022,16/07/2022,671.9300,7,0.00,188.1404,95.9900
10453,51,902,13/03/2022,29/03/2022,12.2640,7,0.20,1.0731,1.5520
10454,303,500,27/01/2022,23/02/2022,601.5360,4,0.20,0.0000,150.1840
10455,634,203,25/06/2022,27/06/2022,223.9600,5,0.20,11.1980,44.5920
10456,396,1429,31/05/2022,02/06/2022,25.9200,4,0.00,12.4416,6.4800
10457,230,591,04/08/2022,22/08/2022,199.9800,2,0.00,75.9924,99.9900
10458,293,389,06/08/2022,03/09/2022,1007.9790,3,0.30,43.1991,335.6930
10459,240,749,06/05/2022,20/05/2022,21.1840,1,0.20,4.7664,20.9840
10460,465,92,14/07/2022,11/08/2022,32.9600,2,0.00,16.1504,16.4800
10461,668,1379,01/05/2022,23/05/2022,12.3200,5,0.20,1.8480,2.2640
10462,789,1460,13/03/2022,08/04/2022,13.4680,13,0.80,-22.8956,0.2360
10463,76,464,21/10/2022,16/11/2022,79.5120,3,0.20,20.8719,26.3040
10464,631,551,01/02/2022,24/02/2022,30.1440,2,0.20,3.0144,14.8720
10465,74,302,26/03/2022,17/04/2022,50.3520,3,0.20,17.6232,16.5840
10466,399,1552,04/03/2022,18/03/2022,186.1440,6,0.20,60.4968,30.8240
10467,444,591,05/07/2022,24/07/2022,319.9680,4,0.20,71.9928,79.7920
10468,209,172,27/01/2022,04/02/2022,49.6320,4,0.20,3.7224,12.2080
10469,459,985,19/10/2022,01/11/2022,191.9600,2,0.00,32.6332,95.9800
10470,403,1308,10/10/2022,20/10/2022,2.6320,1,0.20,0.8225,2.4320
10471,324,982,02/06/2022,29/06/2022,19.4400,3,0.00,9.3312,6.4800
10472,149,1310,11/02/2022,24/02/2022,61.9600,2,0.00,27.8820,30.9800
10473,258,812,19/10/2022,11/11/2022,36.2880,7,0.20,12.7008,4.9840
10474,757,1538,28/10/2022,15/11/2022,73.2800,4,0.00,21.2512,18.3200
10475,128,539,02/08/2022,27/08/2022,119.8000,5,0.20,29.9500,23.7600
10476,597,1214,04/10/2022,28/10/2022,1.9960,1,0.80,-3.2934,1.1960
10477,774,793,16/05/2022,21/05/2022,6.7200,2,0.20,2.4360,3.1600
10478,800,951,20/02/2022,07/03/2022,773.9400,6,0.00,224.4426,128.9900
10479,605,710,30/04/2022,27/05/2022,114.6000,5,0.00,51.5700,22.9200
10480,787,408,11/12/2022,04/01/2023,1067.9400,3,0.00,224.2674,355.9800
10481,376,61,24/06/2022,08/07/2022,55.9200,10,0.20,16.7760,5.3920
10482,605,893,01/03/2022,12/03/2022,209.9790,7,0.70,-356.9643,29.2970
10483,270,853,26/06/2022,28/06/2022,15.1920,3,0.20,5.5071,4.8640
10484,692,631,06/04/2022,12/04/2022,12.8400,3,0.00,5.7780,4.2800
10485,248,1335,19/10/2022,16/11/2022,451.1360,4,0.20,-67.6704,112.5840
10486,759,1092,19/07/2022,09/08/2022,14.9000,5,0.00,7.1520,2.9800
10487,646,1303,24/03/2022,21/04/2022,7.3120,1,0.20,2.5592,7.1120
10488,521,834,29/04/2022,26/05/2022,204.9500,5,0.00,100.4255,40.9900
10489,110,1253,30/06/2022,14/07/2022,127.8800,5,0.60,-67.1370,24.9760
10490,511,904,18/12/2022,08/01/2023,102.3360,4,0.20,-12.7920,25.3840
10491,438,507,21/07/2022,13/08/2022,105.5840,2,0.20,9.2386,52.5920
10492,553,3,01/03/2022,28/03/2022,29.2400,5,0.20,9.8685,5.6480
10493,440,902,01/02/2022,20/02/2022,6.5700,3,0.00,1.7739,2.1900
10494,199,299,20/01/2022,23/01/2022,305.0100,9,0.00,76.2525,33.8900
10495,317,523,02/02/2022,20/02/2022,14.7300,3,0.00,7.2177,4.9100
10496,569,1337,22/01/2022,27/01/2022,39.8160,3,0.20,7.4655,13.0720
10497,278,219,03/07/2022,01/08/2022,205.9920,1,0.20,-2.5749,205.7920
10498,555,1255,26/06/2022,29/06/2022,67.5600,3,0.20,8.4450,22.3200
10499,351,843,26/04/2022,07/05/2022,5.7420,3,0.70,-4.5936,1.2140
10500,666,1046,21/02/2022,13/03/2022,8.9600,2,0.00,4.3904,4.4800
10501,738,893,15/10/2022,08/11/2022,67.9932,1,0.32,-12.9987,67.6732
10502,255,1369,19/06/2022,04/07/2022,156.7920,1,0.20,13.7193,156.5920
10503,472,1380,03/01/2022,02/02/2022,15.2320,4,0.20,5.5216,3.6080
10504,345,580,28/09/2022,19/10/2022,11.8400,1,0.20,4.4400,11.6400
10505,683,1452,18/06/2022,18/07/2022,12.9600,2,0.00,6.2208,6.4800
10506,759,962,17/04/2022,12/05/2022,77.5200,2,0.00,37.9848,38.7600
10507,73,34,03/05/2022,07/05/2022,29.4720,3,0.20,9.9468,9.6240
10508,24,1481,05/04/2022,08/04/2022,258.5280,2,0.40,-47.3968,128.8640
10509,518,129,06/10/2022,24/10/2022,21.4560,9,0.20,6.9732,2.1840
10510,474,1656,01/01/2022,21/01/2022,177.6480,2,0.20,-28.8678,88.6240
10511,690,199,01/06/2022,08/06/2022,52.0000,4,0.00,23.4000,13.0000
10512,29,1063,08/07/2022,11/07/2022,1012.6800,3,0.20,303.8040,337.3600
10513,327,357,21/02/2022,08/03/2022,131.1360,4,0.20,-32.7840,32.5840
10514,274,1391,02/08/2022,18/08/2022,107.4240,6,0.20,36.2556,17.7040
10515,452,918,27/04/2022,07/05/2022,9.9120,3,0.20,3.3453,3.1040
10516,691,613,14/07/2022,29/07/2022,46.4400,3,0.20,15.0930,15.2800
10517,445,1764,28/02/2022,02/03/2022,2279.9600,4,0.00,592.7896,569.9900
10518,377,30,24/01/2022,16/02/2022,4.8960,3,0.20,1.6524,1.4320
10519,763,88,21/08/2022,27/08/2022,6.7000,1,0.00,2.2110,6.7000
10520,691,337,20/11/2022,24/11/2022,100.9400,7,0.00,33.3102,14.4200
10521,202,1379,16/05/2022,24/05/2022,21.5600,7,0.00,6.8992,3.0800
10522,752,810,30/04/2022,18/05/2022,602.6510,7,0.30,-163.5767,85.7930
10523,350,1088,30/08/2022,08/09/2022,63.9600,4,0.00,19.8276,15.9900
10524,725,594,12/09/2022,01/10/2022,146.8200,3,0.00,73.4100,48.9400
10525,345,743,25/08/2022,26/08/2022,2.8080,3,0.70,-1.9656,0.2360
10526,327,1341,23/02/2022,23/03/2022,85.5200,2,0.00,22.2352,42.7600
10527,534,1610,12/05/2022,25/05/2022,43.1300,1,0.00,18.1146,43.1300
10528,434,1047,14/01/2022,31/01/2022,359.0580,3,0.30,-35.9058,119.3860
10529,362,1340,17/09/2022,03/10/2022,35.1680,4,0.20,11.4296,8.5920
10530,445,1356,19/04/2022,07/05/2022,201.5840,2,0.20,20.1584,100.5920
10531,542,1591,01/05/2022,02/05/2022,30.1920,3,0.20,8.3028,9.8640
10532,712,1299,21/09/2022,25/09/2022,116.8320,4,0.20,33.5892,29.0080
10533,357,475,21/07/2022,13/08/2022,101.9600,2,0.00,27.5292,50.9800
10534,639,849,08/06/2022,01/07/2022,2244.4800,7,0.00,493.7856,320.6400
10535,694,5,14/05/2022,20/05/2022,22.3680,2,0.20,2.5164,10.9840
10536,232,675,25/07/2022,31/07/2022,26.9760,4,0.20,8.7672,6.5440
10537,264,129,29/09/2022,09/10/2022,8.9400,3,0.00,4.1124,2.9800
10538,309,767,09/07/2022,02/08/2022,151.7200,4,0.00,27.3096,37.9300
10539,498,538,24/07/2022,19/08/2022,405.6400,4,0.00,12.1692,101.4100
10540,69,191,04/02/2022,02/03/2022,39.0000,12,0.00,11.3100,3.2500
10541,173,329,11/06/2022,04/07/2022,14.9700,1,0.00,4.1916,14.9700
10542,510,1400,15/12/2022,24/12/2022,8.0160,3,0.20,1.0020,2.4720
10543,328,328,07/07/2022,24/07/2022,44.6880,7,0.20,5.0274,6.1840
10544,432,1201,14/03/2022,21/03/2022,2.6720,1,0.20,0.3674,2.4720
10545,541,336,18/12/2022,30/12/2022,607.5200,2,0.00,97.2032,303.7600
10546,250,359,24/03/2022,26/03/2022,9.5680,2,0.20,3.4684,4.5840
10547,637,148,17/12/2022,25/12/2022,53.9200,5,0.20,4.0440,10.5840
10548,161,314,24/03/2022,19/04/2022,32.4000,5,0.00,10.3680,6.4800
10549,267,1512,05/07/2022,22/07/2022,20.3200,4,0.00,6.9088,5.0800
10550,650,450,25/02/2022,08/03/2022,4.4480,2,0.20,0.3336,2.0240
10551,694,796,15/12/2022,05/01/2023,162.6000,3,0.00,34.1460,54.2000
10552,377,1446,08/06/2022,28/06/2022,128.1240,2,0.10,24.2012,63.9620
10553,371,1398,12/12/2022,22/12/2022,574.9100,2,0.30,156.0470,287.1550
10554,171,1513,22/05/2022,08/06/2022,38.9760,3,0.60,-50.6688,12.3920
10555,356,912,17/10/2022,19/10/2022,18.9000,3,0.00,8.6940,6.3000
10556,634,95,08/07/2022,15/07/2022,64.1400,3,0.00,30.7872,21.3800
10557,388,1418,15/09/2022,17/09/2022,160.9600,2,0.00,48.2880,80.4800
10558,462,1248,25/12/2022,14/01/2023,19.7520,3,0.20,6.9132,6.3840
10559,103,915,02/09/2022,23/09/2022,2.7720,7,0.80,-4.8510,-0.4040
10560,777,873,04/12/2022,19/12/2022,1112.9400,3,0.00,222.5880,370.9800
10561,770,255,07/09/2022,11/09/2022,59.7120,6,0.20,5.9712,9.7520
10562,434,378,03/05/2022,20/05/2022,32.7000,3,0.00,8.5020,10.9000
10563,173,561,06/04/2022,28/04/2022,79.9200,4,0.00,28.7712,19.9800
10564,500,1727,14/06/2022,17/06/2022,26.4000,5,0.00,11.8800,5.2800
10565,411,105,26/02/2022,13/03/2022,62.9820,3,0.40,-14.6958,20.5940
10566,52,62,22/09/2022,05/10/2022,16.1400,3,0.00,7.9086,5.3800
10567,218,530,23/04/2022,09/05/2022,227.4600,6,0.00,65.9634,37.9100
10568,675,529,25/12/2022,12/01/2023,35.8080,3,0.20,11.1900,11.7360
10569,398,1031,07/10/2022,03/11/2022,79.3600,4,0.00,23.8080,19.8400
10570,167,756,24/04/2022,01/05/2022,2.5020,3,0.70,-2.0016,0.1340
10571,684,797,11/11/2022,12/11/2022,11.3600,4,0.00,5.5664,2.8400
10572,591,123,15/02/2022,01/03/2022,6.3680,2,0.20,2.1492,2.9840
10573,21,947,20/10/2022,19/11/2022,94.2000,6,0.00,23.5500,15.7000
10574,532,367,21/02/2022,05/03/2022,55.9800,1,0.00,27.4302,55.9800
10575,215,1109,13/04/2022,09/05/2022,28.7520,6,0.20,9.7038,4.5920
10576,313,499,25/02/2022,05/03/2022,10.3680,2,0.20,3.6288,4.9840
10577,713,961,26/05/2022,20/06/2022,25.4240,1,0.20,-4.7670,25.2240
10578,392,1305,02/02/2022,09/02/2022,362.1360,3,0.20,-54.3204,120.5120
10579,19,122,13/06/2022,10/07/2022,411.8000,2,0.00,70.0060,205.9000
10580,36,508,29/11/2022,04/12/2022,7.7520,3,0.20,2.8101,2.3840
10581,427,524,25/05/2022,19/06/2022,8.4480,2,0.20,2.6400,4.0240
10582,100,308,27/11/2022,17/12/2022,7.1840,2,0.20,2.2450,3.3920
10583,292,1773,14/12/2022,10/01/2023,1299.9900,2,0.50,-571.9956,649.4950
10584,622,1267,06/10/2022,23/10/2022,44.4000,2,0.60,-52.1700,21.6000
10585,517,825,21/03/2022,30/03/2022,10.7800,5,0.80,-17.2480,1.3560
10586,346,279,28/07/2022,21/08/2022,40.2000,3,0.00,19.2960,13.4000
10587,444,100,03/04/2022,04/04/2022,14.3520,3,0.20,5.2026,4.5840
10588,520,1168,02/02/2022,04/03/2022,8.8560,9,0.80,-14.1696,0.1840
10589,793,1641,09/12/2022,05/01/2023,31.8000,3,0.00,13.6740,10.6000
10590,520,130,17/09/2022,28/09/2022,40.0800,6,0.00,19.2384,6.6800
10591,49,286,25/09/2022,08/10/2022,45.6960,3,0.20,5.1408,15.0320
10592,441,1804,02/03/2022,26/03/2022,5.9800,1,0.00,2.9302,5.9800
10593,102,1192,09/04/2022,30/04/2022,6.3800,1,0.00,2.9348,6.3800
10594,532,298,20/03/2022,02/04/2022,1454.4900,9,0.00,378.1674,161.6100
10595,779,1775,22/03/2022,16/04/2022,23.1200,2,0.20,7.8030,11.3600
10596,374,1021,11/03/2022,15/03/2022,7.3000,2,0.00,3.4310,3.6500
10597,325,545,13/04/2022,04/05/2022,9.6400,2,0.00,4.4344,4.8200
10598,408,393,23/08/2022,06/09/2022,194.9400,3,0.00,23.3928,64.9800
10599,4,810,30/08/2022,23/09/2022,245.9800,2,0.00,27.0578,122.9900
10600,257,408,28/04/2022,21/05/2022,747.5580,3,0.30,-96.1146,248.8860
10601,469,157,05/01/2022,14/01/2022,2549.9850,5,0.70,-3399.9800,509.2970
10602,146,1514,31/05/2022,28/06/2022,26.0320,2,0.20,9.4366,12.8160
10603,45,1465,17/06/2022,13/07/2022,13.9000,5,0.00,3.6140,2.7800
10604,74,910,27/04/2022,29/04/2022,83.8800,4,0.00,30.1968,20.9700
10605,167,303,07/04/2022,30/04/2022,207.0000,3,0.00,51.7500,69.0000
10606,154,1120,11/09/2022,09/10/2022,350.9800,1,0.00,84.2352,350.9800
10607,142,1668,05/03/2022,06/03/2022,65.7800,11,0.00,32.2322,5.9800
10608,53,876,02/04/2022,04/04/2022,8.0960,2,0.20,2.7324,3.8480
10609,365,65,04/11/2022,23/11/2022,383.6070,7,0.10,63.9345,54.7010
10610,124,1263,27/04/2022,16/05/2022,228.9200,5,0.20,14.3075,45.5840
10611,460,1485,01/03/2022,05/03/2022,1474.8020,7,0.30,-21.0686,210.3860
10612,69,1575,31/10/2022,12/11/2022,51.0160,7,0.20,8.2901,7.0880
10613,738,421,24/02/2022,24/03/2022,791.9640,6,0.40,-131.9940,131.5940
10614,797,460,09/02/2022,19/02/2022,1801.6320,6,0.20,-337.8060,300.0720
10615,200,491,31/05/2022,22/06/2022,58.3200,9,0.00,27.9936,6.4800
10616,382,310,07/11/2022,26/11/2022,698.3520,3,0.20,-17.4588,232.5840
10617,255,265,08/03/2022,02/04/2022,18.4960,8,0.20,6.2424,2.1120
10618,350,904,13/06/2022,22/06/2022,63.9600,2,0.00,6.3960,31.9800
10619,306,853,27/06/2022,05/07/2022,10.1280,2,0.20,3.6714,4.8640
10620,556,262,22/09/2022,25/09/2022,72.5880,2,0.70,-48.3920,35.5940
10621,550,1276,29/08/2022,22/09/2022,12.9600,2,0.00,6.3504,6.4800
10622,279,1163,06/05/2022,29/05/2022,1345.4850,5,0.70,-1031.5385,268.3970
10623,267,1720,02/07/2022,15/07/2022,24.1400,2,0.00,7.9662,12.0700
10624,515,1351,06/09/2022,14/09/2022,1737.1800,6,0.00,503.7822,289.5300
10625,339,1351,14/03/2022,29/03/2022,1737.1800,6,0.00,503.7822,289.5300
10626,255,844,22/05/2022,20/06/2022,10.9500,1,0.00,0.4380,10.9500
10627,557,1388,16/07/2022,28/07/2022,1979.8900,11,0.00,494.9725,179.9900
10628,291,1027,22/10/2022,02/11/2022,67.6400,5,0.20,5.9185,13.3280
10629,385,1378,25/02/2022,05/03/2022,37.2960,2,0.30,-1.0656,18.3480
10630,92,1274,16/03/2022,11/04/2022,2249.9100,9,0.00,517.4793,249.9900
10631,155,1535,16/04/2022,02/05/2022,821.9400,6,0.00,213.7044,136.9900
10632,511,1331,28/07/2022,25/08/2022,3.0000,1,0.20,1.0500,2.8000
10633,411,874,21/03/2022,26/03/2022,41.8600,7,0.00,10.4650,5.9800
10634,13,1185,21/10/2022,22/10/2022,5.2480,4,0.20,1.6400,1.1120
10635,514,1163,24/06/2022,06/07/2022,2152.7760,3,0.20,726.5619,717.3920
10636,442,247,26/12/2022,24/01/2023,725.8400,4,0.00,210.4936,181.4600
10637,406,163,12/04/2022,12/05/2022,20.9400,3,0.00,9.8418,6.9800
10638,245,947,06/05/2022,18/05/2022,62.8000,4,0.00,15.7000,15.7000
10639,219,305,02/03/2022,03/03/2022,8.7040,2,0.20,3.1552,4.1520
10640,244,449,31/01/2022,09/02/2022,6.5760,3,0.20,0.5754,1.9920
10641,165,193,16/07/2022,01/08/2022,15.0720,3,0.20,4.1448,4.8240
10642,20,530,08/06/2022,26/06/2022,68.2380,3,0.40,-12.5103,22.3460
10643,331,1501,28/06/2022,03/07/2022,52.6800,3,0.20,19.7550,17.3600
10644,712,1330,22/01/2022,08/02/2022,36.4000,5,0.00,17.1080,7.2800
10645,783,414,29/04/2022,18/05/2022,347.5800,3,0.00,17.3790,115.8600
10646,627,33,13/03/2022,08/04/2022,49.2500,5,0.00,18.7150,9.8500
10647,279,1485,26/05/2022,10/06/2022,963.1360,4,0.20,108.3528,240.5840
10648,706,883,24/03/2022,01/04/2022,79.9600,2,0.00,35.9820,39.9800
10649,302,1308,11/10/2022,29/10/2022,29.6100,9,0.00,13.3245,3.2900
10650,290,1814,01/05/2022,09/05/2022,67.9000,5,0.00,20.3700,13.5800
10651,88,369,18/03/2022,13/04/2022,283.9200,5,0.20,-46.1370,56.5840
10652,622,1168,20/11/2022,17/12/2022,8.8560,6,0.70,-6.4944,0.7760
10653,615,1823,01/05/2022,06/05/2022,44.4600,5,0.60,-17.7840,8.2920
10654,373,109,13/01/2022,30/01/2022,30.3840,1,0.20,3.7980,30.1840
10655,721,1448,18/04/2022,23/04/2022,1679.9600,5,0.20,125.9970,335.7920
10656,240,1702,16/02/2022,17/03/2022,47.5200,9,0.00,22.8096,5.2800
10657,188,1778,09/12/2022,24/12/2022,122.3820,3,0.40,-24.4764,40.3940
10658,429,1662,11/05/2022,13/05/2022,47.9520,3,0.20,16.7832,15.7840
10659,345,1082,25/12/2022,18/01/2023,5.5600,1,0.20,1.7375,5.3600
10660,688,141,02/10/2022,28/10/2022,139.8000,5,0.20,12.2325,27.7600
10661,630,942,10/03/2022,05/04/2022,2.0880,1,0.20,0.6786,1.8880
10662,634,787,14/06/2022,06/07/2022,25.4880,2,0.20,4.7790,12.5440
10663,110,154,27/12/2022,17/01/2023,9.7800,1,0.00,4.8900,9.7800
10664,359,1272,08/02/2022,24/02/2022,467.0400,4,0.20,58.3800,116.5600
10665,683,1590,25/04/2022,09/05/2022,151.9600,5,0.60,-182.3520,29.7920
10666,216,1001,23/04/2022,17/05/2022,16.5200,5,0.20,5.3690,3.1040
10667,565,417,15/12/2022,03/01/2023,6.3840,1,0.20,2.1546,6.1840
10668,141,207,16/05/2022,27/05/2022,54.5280,3,0.20,14.3136,17.9760
10669,682,61,12/12/2022,08/01/2023,13.9800,2,0.00,6.1512,6.9900
10670,585,1542,10/06/2018,18/06/2018,10.3680,2,0.20,3.6288,4.9840
10671,171,1442,26/08/2018,29/08/2018,90.9900,1,0.00,14.5584,90.9900
10672,605,371,27/06/2018,05/07/2018,95.9200,8,0.00,25.8984,11.9900
10673,56,433,24/07/2018,12/08/2018,2735.9520,6,0.20,341.9940,455.7920
10674,586,1569,14/09/2018,17/09/2018,499.9900,1,0.00,129.9974,499.9900
10675,195,1292,08/03/2018,13/03/2018,243.8800,5,0.20,27.4365,48.5760
10676,638,600,19/06/2018,11/07/2018,279.9600,4,0.00,78.3888,69.9900
10677,194,695,10/05/2018,13/05/2018,192.1600,5,0.20,67.2560,38.2320
10678,554,150,10/10/2018,08/11/2018,11.6960,2,0.20,3.9474,5.6480
10679,321,111,31/10/2018,21/11/2018,17.9000,5,0.00,8.7710,3.5800
10680,458,1128,26/01/2018,03/02/2018,17.7120,6,0.20,5.9778,2.7520
10681,720,1823,03/01/2018,02/02/2018,53.3520,3,0.20,16.0056,17.5840
10682,504,690,23/09/2018,22/10/2018,41.5520,2,0.60,-19.7372,20.1760
10683,506,1671,26/02/2018,07/03/2018,25.0200,3,0.00,10.5084,8.3400
10684,627,1027,19/01/2018,15/02/2018,67.6400,5,0.20,5.9185,13.3280
10685,419,1185,16/12/2018,04/01/2019,4.9200,3,0.00,2.2140,1.6400
10686,90,598,09/05/2018,01/06/2018,40.7000,5,0.00,11.8030,8.1400
10687,657,527,02/11/2018,22/11/2018,20.2400,1,0.00,7.8936,20.2400
10688,222,407,28/01/2018,24/02/2018,56.6860,1,0.30,-20.2450,56.3860
10689,65,1241,21/04/2018,12/05/2018,14.7600,5,0.60,-11.4390,2.3520
10690,800,1514,27/04/2018,24/05/2018,9.7620,2,0.70,-6.8334,4.1810
10691,32,840,30/10/2018,24/11/2018,10.9000,5,0.00,3.5970,2.1800
10692,693,1183,01/09/2018,13/09/2018,69.8880,7,0.70,-46.5920,9.2840
10693,550,413,18/07/2018,22/07/2018,3.7980,1,0.80,-6.0768,2.9980
10694,147,19,29/06/2018,06/07/2018,21.4000,5,0.00,6.2060,4.2800
10695,451,483,02/08/2018,20/08/2018,37.4080,7,0.20,13.0928,5.1440
10696,206,948,07/03/2018,26/03/2018,211.0400,8,0.00,97.0784,26.3800
10697,540,1278,13/07/2018,24/07/2018,99.8700,3,0.00,23.9688,33.2900
10698,513,535,29/09/2018,09/10/2018,20.3200,5,0.20,3.5560,3.8640
10699,574,69,11/09/2018,27/09/2018,5.1930,3,0.70,-3.4620,1.0310
10700,205,550,06/04/2018,02/05/2018,209.3000,2,0.00,56.5110,104.6500
10701,61,948,22/12/2018,09/01/2019,79.1400,3,0.00,36.4044,26.3800
10702,783,815,21/02/2018,18/03/2018,26.7000,2,0.00,7.4760,13.3500
10703,344,1673,16/10/2018,23/10/2018,153.7280,4,0.20,53.8048,38.2320
10704,170,408,11/01/2018,31/01/2018,747.5580,3,0.30,-96.1146,248.8860
10705,559,676,21/03/2018,26/03/2018,22.7200,4,0.00,6.5888,5.6800
10706,508,1234,29/06/2018,14/07/2018,52.3400,2,0.00,24.5998,26.1700
10707,618,155,09/11/2018,01/12/2018,55.3600,4,0.20,19.3760,13.6400
10708,70,436,03/06/2018,16/06/2018,143.7280,2,0.20,-32.3388,71.6640
10709,182,558,31/10/2018,01/11/2018,29.7000,3,0.00,8.0190,9.9000
10710,726,734,19/03/2018,01/04/2018,1297.3680,9,0.20,97.3026,143.9520
10711,73,825,08/04/2018,17/04/2018,17.2480,2,0.20,6.0368,8.4240
10712,402,571,10/08/2018,24/08/2018,41.8600,7,0.00,19.2556,5.9800
10713,593,744,19/06/2018,08/07/2018,20.1600,7,0.00,9.8784,2.8800
10714,228,850,08/06/2018,29/06/2018,195.1840,1,0.20,19.5184,194.9840
10715,660,439,19/11/2018,23/11/2018,174.0585,3,0.45,-110.7645,57.5695
10716,178,766,10/09/2018,23/09/2018,4.4010,3,0.70,-3.5208,0.7670
10717,180,171,09/02/2018,17/02/2018,16.4000,5,0.00,7.0520,3.2800
10718,688,729,03/03/2018,21/03/2018,39.6240,3,0.20,13.8684,13.0080
10719,462,1596,14/03/2018,21/03/2018,40.2400,5,0.20,13.0780,7.8480
10720,612,686,13/01/2018,02/02/2018,63.8240,2,0.20,13.5626,31.7120
10721,713,763,07/06/2018,11/06/2018,7.7120,2,0.20,1.7352,3.6560
10722,452,1350,22/12/2018,05/01/2019,9.2160,4,0.20,3.3408,2.1040
10723,270,1563,13/03/2018,07/04/2018,79.3600,4,0.00,32.5376,19.8400
10724,121,65,17/01/2018,13/02/2018,213.1150,5,0.30,-15.2225,42.3230
10725,617,1128,10/05/2018,17/05/2018,2.9520,1,0.20,0.9963,2.7520
10726,664,939,10/10/2018,18/10/2018,28.1400,3,0.00,13.5072,9.3800
10727,688,658,14/09/2018,13/10/2018,191.9760,3,0.20,23.9970,63.7920
10728,47,1463,19/12/2018,20/12/2018,8.8720,1,0.20,3.2161,8.6720
10729,524,308,27/10/2018,08/11/2018,21.5520,6,0.20,7.0044,3.3920
10730,432,1195,27/12/2018,02/01/2019,445.8020,7,0.30,-108.2662,63.3860
10731,235,875,11/02/2018,13/02/2018,17.0880,4,0.20,5.7672,4.0720
10732,481,1519,14/01/2018,29/01/2018,113.5680,2,0.20,12.7764,56.5840
10733,763,904,03/10/2018,26/10/2018,191.8800,6,0.00,19.1880,31.9800
10734,171,918,11/02/2018,05/03/2018,8.2600,2,0.00,3.8822,4.1300
10735,439,1494,06/10/2018,30/10/2018,93.3600,12,0.00,0.9336,7.7800
10736,539,1345,15/04/2018,24/04/2018,37.6080,3,0.20,12.6927,12.3360
10737,722,429,13/06/2018,10/07/2018,239.9700,3,0.00,86.3892,79.9900
10738,168,476,24/03/2018,26/03/2018,127.7640,2,0.10,21.2940,63.7820
10739,734,308,08/11/2018,14/11/2018,0.8980,1,0.80,-1.5715,0.0980
10740,787,234,07/12/2018,03/01/2019,102.9600,2,0.00,1.0296,51.4800
10741,370,1651,06/10/2018,05/11/2018,579.5100,3,0.00,81.1314,193.1700
10742,783,842,20/05/2018,01/06/2018,644.0760,2,0.10,107.3460,321.9380
10743,689,306,24/11/2018,11/12/2018,14.2560,3,0.20,4.4550,4.5520
10744,179,1351,17/08/2018,26/08/2018,1737.1800,6,0.00,503.7822,289.5300
10745,215,199,26/09/2018,01/10/2018,39.0000,3,0.00,17.5500,13.0000
10746,183,1820,04/11/2018,27/11/2018,32.0640,3,0.60,-12.8256,10.0880
10747,499,368,02/06/2018,30/06/2018,241.9600,2,0.00,41.1332,120.9800
10748,25,1697,10/01/2018,25/01/2018,9.5880,2,0.40,-2.0774,4.3940
10749,653,93,01/09/2018,17/09/2018,18.9400,1,0.00,9.4700,18.9400
10750,593,1195,10/06/2018,29/06/2018,445.8020,7,0.30,-108.2662,63.3860
10751,638,1368,20/06/2018,30/06/2018,1202.9400,3,0.00,300.7350,400.9800
10752,368,379,27/03/2018,24/04/2018,1212.9600,8,0.30,-69.3120,151.3200
10753,240,17,10/12/2018,07/01/2019,221.9600,2,0.00,4.4392,110.9800
10754,100,98,07/05/2018,26/05/2018,239.9400,6,0.00,26.3934,39.9900
10755,407,1254,28/04/2018,14/05/2018,201.0400,8,0.00,54.2808,25.1300
10756,303,351,04/02/2018,21/02/2018,31.1550,5,0.70,-23.8855,5.5310
10757,716,1334,12/10/2018,06/11/2018,5.3520,3,0.20,1.6056,1.5840
10758,431,978,24/10/2018,07/11/2018,197.9700,3,0.00,53.4519,65.9900
10759,663,1542,12/12/2018,06/01/2019,10.3680,2,0.20,3.6288,4.9840
10760,302,1323,02/09/2018,19/09/2018,136.5300,1,0.40,-52.3365,136.1300
10761,166,236,29/07/2018,13/08/2018,20.3700,3,0.00,6.9258,6.7900
10762,630,982,20/02/2018,25/02/2018,32.4000,5,0.00,15.5520,6.4800
10763,37,465,09/11/2018,11/11/2018,683.9520,3,0.20,42.7470,227.7840
10764,655,1311,06/07/2018,28/07/2018,39.0800,4,0.00,14.4596,9.7700
10765,138,874,05/09/2018,30/09/2018,17.9400,3,0.00,4.4850,5.9800
10766,394,1607,04/01/2018,15/01/2018,165.6000,3,0.20,-6.2100,55.0000
10767,176,855,02/04/2018,04/04/2018,12.9600,2,0.00,6.2208,6.4800
10768,58,92,13/04/2018,23/04/2018,49.4400,3,0.00,24.2256,16.4800
10769,87,750,08/04/2018,28/04/2018,3.2400,9,0.80,-5.1840,-0.4400
10770,230,14,24/10/2018,11/11/2018,50.9970,1,0.70,-40.7976,50.2970
10771,290,193,10/07/2018,16/07/2018,31.4000,5,0.00,13.1880,6.2800
10772,82,431,30/06/2018,29/07/2018,616.9980,6,0.15,-36.2940,102.6830
10773,392,1793,29/03/2018,21/04/2018,423.6480,2,0.20,47.6604,211.6240
10774,607,535,22/08/2018,05/09/2018,25.4000,5,0.00,8.6360,5.0800
10775,710,500,09/09/2018,30/09/2018,601.5360,4,0.20,0.0000,150.1840
10776,474,1144,25/05/2018,17/06/2018,131.8800,7,0.00,55.3896,18.8400
10777,71,119,02/06/2018,24/06/2018,30.6720,3,0.20,9.5850,10.0240
10778,740,932,28/07/2018,13/08/2018,10.8160,4,0.20,3.5152,2.5040
10779,481,106,14/08/2018,18/08/2018,12.3900,3,0.00,5.6994,4.1300
10780,29,1610,02/09/2018,30/09/2018,34.5040,2,0.60,-15.5268,16.6520
10781,762,1034,28/10/2018,18/11/2018,50.1200,7,0.20,-0.6265,6.9600
10782,40,880,16/08/2018,25/08/2018,182.9400,3,0.00,3.6588,60.9800
10783,321,1493,20/05/2018,09/06/2018,12.6720,3,0.20,-3.1680,4.0240
10784,754,1601,11/12/2018,18/12/2018,7.8720,3,0.20,0.8856,2.4240
10785,656,353,14/03/2018,25/03/2018,49.9600,2,0.00,9.4924,24.9800
10786,316,512,30/03/2018,22/04/2018,45.3600,7,0.00,21.7728,6.4800
10787,565,966,12/04/2018,13/04/2018,313.1760,2,0.40,-120.0508,156.1880
10788,50,621,16/06/2018,14/07/2018,10.5280,7,0.20,3.6848,1.3040
10789,600,593,13/06/2018,22/06/2018,214.7000,5,0.00,83.7330,42.9400
10790,132,205,03/12/2018,16/12/2018,8.3760,3,0.20,2.7222,2.5920
10791,461,1794,15/07/2018,26/07/2018,13.9700,1,0.00,3.6322,13.9700
10792,468,1140,13/11/2018,11/12/2018,10.3680,2,0.20,3.6288,4.9840
10793,295,124,28/11/2018,25/12/2018,243.9920,7,0.20,30.4990,34.6560
10794,308,738,21/05/2018,20/06/2018,2065.3200,12,0.40,-619.5960,171.7100
10795,94,1841,07/08/2018,06/09/2018,5.9040,2,0.20,1.9926,2.7520
10796,533,672,18/03/2018,26/03/2018,5.7600,2,0.00,1.6704,2.8800
10797,668,1273,07/03/2018,10/03/2018,22.2480,3,0.20,7.5087,7.2160
10798,622,576,28/09/2018,14/10/2018,104.0100,1,0.00,14.5614,104.0100
10799,192,1452,01/12/2018,12/12/2018,19.4400,3,0.00,9.3312,6.4800
10800,441,944,07/07/2018,26/07/2018,2.6240,1,0.20,0.2952,2.4240
10801,405,652,06/03/2018,07/03/2018,319.9840,2,0.20,91.9954,159.7920
10802,189,648,25/06/2018,01/07/2018,1983.9680,4,0.20,247.9960,495.7920
10803,655,1192,02/04/2018,21/04/2018,19.1400,3,0.00,8.8044,6.3800
10804,481,610,19/10/2018,22/10/2018,9.2480,2,0.20,3.3524,4.4240
10805,533,1490,14/04/2018,02/05/2018,359.9760,3,0.20,35.9976,119.7920
10806,580,1250,17/04/2018,18/04/2018,442.7640,4,0.10,59.0352,110.5910
10807,174,225,23/01/2018,22/02/2018,347.3610,7,0.30,-69.4722,49.3230
10808,33,1756,26/02/2018,20/03/2018,219.8400,5,0.20,79.6920,43.7680
10809,36,1747,16/10/2018,17/10/2018,638.2880,7,0.20,-31.9144,90.9840
10810,292,419,13/04/2018,21/04/2018,363.6480,4,0.20,-86.3664,90.7120
10811,609,199,15/01/2018,11/02/2018,41.6000,4,0.20,13.0000,10.2000
10812,142,1144,13/12/2018,29/12/2018,22.6080,3,0.60,-10.1736,6.9360
10813,18,1681,22/10/2018,03/11/2018,97.9800,2,0.00,27.4344,48.9900
10814,159,795,24/08/2018,29/08/2018,5.5800,1,0.00,2.1762,5.5800
10815,269,653,07/01/2018,22/01/2018,5.3440,1,0.20,1.8704,5.1440
10816,662,947,20/07/2018,06/08/2018,37.6800,3,0.20,2.3550,12.3600
10817,113,58,28/05/2018,18/06/2018,11.6480,2,0.20,4.0768,5.6240
10818,69,261,21/09/2018,26/09/2018,32.4000,5,0.00,15.5520,6.4800
10819,318,361,25/06/2018,25/07/2018,17.3400,2,0.00,4.6818,8.6700
10820,577,394,24/05/2018,11/06/2018,70.9500,3,0.00,20.5755,23.6500
10821,197,945,11/01/2018,28/01/2018,26.7000,5,0.00,12.5490,5.3400
10822,220,1461,15/10/2018,21/10/2018,140.7500,5,0.00,39.4100,28.1500
10823,699,883,16/10/2018,26/10/2018,79.9600,2,0.00,35.9820,39.9800
10824,455,1317,14/10/2018,18/10/2018,19.1360,4,0.20,6.9368,4.5840
10825,521,38,07/02/2018,09/03/2018,913.4300,5,0.30,-52.1960,182.3860
10826,774,909,19/12/2018,17/01/2019,32.9700,3,0.00,12.8583,10.9900
10827,181,1442,04/07/2018,27/07/2018,191.0790,3,0.30,-38.2158,63.3930
10828,496,506,03/03/2018,18/03/2018,10.3040,1,0.20,-2.1896,10.1040
10829,351,294,07/03/2018,16/03/2018,270.0000,3,0.00,97.2000,90.0000
10830,500,994,10/08/2018,08/09/2018,27.4600,2,0.00,9.8856,13.7300
10831,618,371,29/11/2018,11/12/2018,95.9200,8,0.00,25.8984,11.9900
10832,422,1050,28/08/2018,06/09/2018,508.7040,6,0.20,0.0000,84.5840
10833,445,1627,03/09/2018,22/09/2018,68.4800,2,0.20,25.6800,34.0400
10834,223,1092,17/06/2018,26/06/2018,14.3040,6,0.20,5.0064,2.1840
10835,688,466,07/12/2018,30/12/2018,15.1400,1,0.00,0.6056,15.1400
10836,131,54,09/01/2018,01/02/2018,411.9800,2,0.00,119.4742,205.9900
10837,466,1119,13/12/2018,03/01/2019,111.9600,4,0.00,21.2724,27.9900
10838,432,378,02/02/2018,03/02/2018,26.1600,3,0.20,1.9620,8.5200
10839,260,156,21/09/2018,21/10/2018,9.9360,3,0.20,2.7324,3.1120
10840,380,278,13/05/2018,29/05/2018,292.1000,4,0.50,-175.2600,72.5250
10841,770,924,13/09/2018,13/10/2018,21.7800,2,0.00,5.6628,10.8900
10842,271,191,05/08/2018,02/09/2018,2.6000,1,0.20,0.2925,2.4000
10843,353,506,22/03/2018,30/03/2018,25.7600,2,0.00,0.7728,12.8800
10844,492,46,30/01/2018,05/02/2018,105.9800,2,0.00,4.2392,52.9900
10845,487,1689,02/01/2018,18/01/2018,58.0800,4,0.20,-6.5340,14.3200
10846,294,1196,22/05/2018,02/06/2018,22.9600,7,0.00,6.6584,3.2800
10847,618,396,31/03/2018,26/04/2018,129.5680,2,0.20,-12.9568,64.5840
10848,474,203,09/03/2018,10/03/2018,134.3760,3,0.20,6.7188,44.5920
10849,93,615,11/05/2018,15/05/2018,20.1600,7,0.00,9.8784,2.8800
10850,140,129,20/10/2018,08/11/2018,21.4560,9,0.20,6.9732,2.1840
10851,314,509,04/09/2018,08/09/2018,629.1840,8,0.20,228.0792,78.4480
10852,515,904,10/02/2018,18/02/2018,102.3360,4,0.20,-12.7920,25.3840
10853,335,1022,08/12/2018,27/12/2018,223.0560,9,0.20,69.7050,24.5840
10854,502,1163,13/07/2018,03/08/2018,1793.9800,2,0.00,843.1706,896.9900
10855,44,497,16/10/2018,09/11/2018,91.8400,8,0.00,45.0016,11.4800
10856,721,1476,24/03/2018,14/04/2018,1.2340,1,0.80,-1.9744,0.4340
10857,58,178,20/01/2018,04/02/2018,66.3000,3,0.00,8.6190,22.1000
10858,692,1811,16/01/2018,28/01/2018,703.7100,6,0.70,-938.2800,116.5850
10859,281,604,07/10/2018,31/10/2018,179.9700,3,0.00,86.3856,59.9900
10860,617,1776,25/07/2018,10/08/2018,47.9520,3,0.20,16.1838,15.7840
10861,634,1359,31/07/2018,28/08/2018,683.3320,4,0.15,-40.1960,170.6830
10862,533,159,19/06/2018,18/07/2018,386.6800,2,0.30,-5.5240,193.0400
10863,523,628,18/10/2018,14/11/2018,34.5800,7,0.00,14.5236,4.9400
10864,78,1237,12/06/2018,05/07/2018,33.2800,4,0.00,9.3184,8.3200
10865,616,612,25/07/2018,06/08/2018,71.9520,6,0.20,5.3964,11.7920
10866,568,1115,18/12/2018,29/12/2018,18.6900,7,0.00,5.2332,2.6700
10867,32,1283,09/07/2018,28/07/2018,35.0400,2,0.00,12.2640,17.5200
10868,335,684,16/09/2018,28/09/2018,21.3600,2,0.00,5.7672,10.6800
10869,478,519,20/01/2018,05/02/2018,999.4320,7,0.20,124.9290,142.5760
10870,336,914,04/08/2018,25/08/2018,251.6400,3,0.20,88.0740,83.6800
10871,293,1139,27/11/2018,30/11/2018,1439.9820,3,0.40,-263.9967,479.5940
10872,150,1636,22/01/2018,06/02/2018,9099.9300,7,0.00,2365.9817,1299.9900
10873,413,773,26/12/2018,11/01/2019,30.3200,4,0.00,11.8248,7.5800
10874,575,511,20/12/2018,30/12/2018,45.3600,7,0.00,21.7728,6.4800
10875,205,1494,18/12/2018,11/01/2019,49.7920,8,0.20,-11.8256,6.0240
10876,193,660,01/08/2018,20/08/2018,30.0000,6,0.00,14.4000,5.0000
10877,338,148,25/11/2018,30/11/2018,40.4400,3,0.00,10.5144,13.4800
10878,11,472,29/11/2018,11/12/2018,52.4000,5,0.00,14.1480,10.4800
10879,615,519,12/04/2018,05/05/2018,285.5520,2,0.20,35.6940,142.5760
10880,140,840,28/03/2018,27/04/2018,8.7200,4,0.00,2.8776,2.1800
10881,140,211,22/08/2018,09/09/2018,896.3280,9,0.20,22.4082,99.3920
10882,201,1112,19/07/2018,18/08/2018,24.5500,5,0.00,12.0295,4.9100
10883,644,1227,09/06/2018,05/07/2018,36.7840,2,0.20,3.6784,18.1920
10884,450,897,12/09/2018,19/09/2018,16.7400,2,0.00,4.3524,8.3700
10885,461,796,10/12/2018,23/12/2018,108.4000,2,0.00,22.7640,54.2000
10886,531,43,06/02/2018,08/03/2018,418.3200,7,0.00,117.1296,59.7600
10887,50,1082,11/09/2018,17/09/2018,11.1200,2,0.20,3.4750,5.3600
10888,315,135,25/10/2018,16/11/2018,54.9000,5,0.00,15.3720,10.9800
10889,592,1296,20/06/2018,25/06/2018,70.0800,5,0.20,24.5280,13.8160
10890,724,1373,12/09/2018,03/10/2018,24.6720,3,0.20,0.0000,8.0240
10891,613,607,26/06/2018,01/07/2018,39.9840,2,0.20,-1.4994,19.7920
10892,713,532,17/03/2018,09/04/2018,120.7840,1,0.20,13.5882,120.5840
10893,407,1449,12/12/2018,05/01/2019,11.3760,3,0.60,-5.6880,3.1920
10894,385,604,09/03/2018,10/03/2018,179.9700,3,0.00,86.3856,59.9900
10895,612,785,19/08/2018,04/09/2018,18.3120,4,0.70,-12.2080,3.8780
10896,6,450,31/01/2018,21/02/2018,13.3440,6,0.20,1.0008,2.0240
10897,635,1557,26/03/2018,12/04/2018,6.4080,3,0.20,1.4418,1.9360
10898,565,1211,12/03/2018,29/03/2018,21.1200,4,0.00,6.5472,5.2800
10899,771,549,08/02/2018,26/02/2018,51.8400,8,0.00,25.4016,6.4800
10900,299,1374,30/03/2018,25/04/2018,20.2300,7,0.00,9.5081,2.8900
10901,630,338,31/07/2018,01/08/2018,29.7900,3,0.00,8.6391,9.9300
10902,293,393,03/01/2018,11/01/2018,194.9400,3,0.00,23.3928,64.9800
10903,79,315,03/09/2018,30/09/2018,24.5600,2,0.00,11.5432,12.2800
10904,263,1672,30/07/2018,20/08/2018,7.9000,2,0.00,2.0540,3.9500
10905,79,34,15/07/2018,06/08/2018,10.2720,3,0.20,3.2100,3.2240
10906,251,509,21/02/2018,16/03/2018,629.1840,8,0.20,228.0792,78.4480
10907,645,1842,14/06/2018,09/07/2018,163.7640,2,0.10,25.4744,81.7820
10908,98,431,23/09/2018,29/09/2018,616.9980,6,0.15,-36.2940,102.6830
10909,663,306,29/07/2018,23/08/2018,3.5640,2,0.70,-2.9700,1.0820
10910,283,659,29/05/2018,26/06/2018,101.7000,6,0.00,6.1020,16.9500
10911,584,1537,04/12/2018,22/12/2018,287.9680,4,0.20,97.1892,71.7920
10912,357,1337,20/12/2018,03/01/2019,33.1800,2,0.00,11.6130,16.5900
10913,300,1326,30/11/2018,10/12/2018,232.8800,5,0.20,17.4660,46.3760
10914,573,144,05/09/2018,12/09/2018,157.9200,5,0.20,17.7660,31.3840
10915,228,1041,10/01/2018,23/01/2018,113.9200,2,0.00,33.0368,56.9600
10916,464,1258,03/09/2018,08/09/2018,427.6440,14,0.10,80.7772,30.4460
10917,325,368,08/12/2018,15/12/2018,387.1360,4,0.20,-14.5176,96.5840
10918,167,1352,08/09/2018,19/09/2018,25.4880,2,0.20,4.4604,12.5440
10919,183,1481,11/11/2018,04/12/2018,344.7040,2,0.20,38.7792,172.1520
10920,244,547,30/10/2018,10/11/2018,132.1600,1,0.20,9.9120,131.9600
10921,88,347,28/07/2018,15/08/2018,19.6800,6,0.00,6.4944,3.2800
10922,36,1367,10/02/2018,26/02/2018,28.2720,2,0.20,6.3612,13.9360
10923,200,937,28/10/2018,15/11/2018,134.0100,9,0.00,36.1827,14.8900
10924,80,1834,10/06/2018,25/06/2018,120.0000,2,0.50,-7.2000,59.5000
10925,671,201,25/07/2018,23/08/2018,361.9600,2,0.00,83.2508,180.9800
10926,466,172,17/07/2018,06/08/2018,24.8160,2,0.20,1.8612,12.2080
10927,436,579,09/08/2018,17/08/2018,10.6880,2,0.20,3.7408,5.1440
10928,199,1023,27/04/2018,25/05/2018,40.2900,3,0.00,10.4754,13.4300
10929,583,930,14/10/2018,01/11/2018,71.0000,4,0.00,27.6900,17.7500
10930,524,1729,27/07/2018,23/08/2018,2625.1200,8,0.00,735.0336,328.1400
10931,478,1370,03/03/2018,20/03/2018,9.9600,2,0.00,4.8804,4.9800
10932,741,545,13/06/2018,09/07/2018,33.7400,7,0.00,15.5204,4.8200
10933,126,381,28/10/2018,26/11/2018,143.9600,4,0.00,69.1008,35.9900
10934,582,479,05/11/2018,20/11/2018,36.3200,1,0.00,10.8960,36.3200
10935,121,832,16/05/2018,04/06/2018,16.4000,5,0.00,4.7560,3.2800
10936,646,332,27/07/2018,31/07/2018,479.9700,3,0.00,163.1898,159.9900
10937,78,1236,13/02/2018,12/03/2018,135.3000,5,0.00,37.8840,27.0600
10938,107,236,29/03/2018,10/04/2018,20.3700,3,0.00,6.9258,6.7900
10939,305,1119,02/07/2018,31/07/2018,111.9600,4,0.00,21.2724,27.9900
10940,395,559,14/04/2018,04/05/2018,158.9900,1,0.00,41.3374,158.9900
10941,599,371,31/07/2018,25/08/2018,67.1440,7,0.20,5.8751,9.3920
10942,217,398,28/04/2018,03/05/2018,18.6240,8,0.20,6.2856,2.1280
10943,709,302,23/10/2018,18/11/2018,33.5680,8,0.80,-53.7088,3.3960
10944,598,106,26/08/2018,02/09/2018,8.2600,2,0.00,3.7996,4.1300
10945,688,9,14/12/2018,05/01/2019,30.8400,4,0.00,13.8780,7.7100
10946,245,101,24/11/2018,05/12/2018,238.8960,6,0.20,-26.8758,39.6160
10947,398,494,24/03/2018,19/04/2018,8.7520,4,0.60,-3.7196,1.5880
10948,284,140,13/12/2018,19/12/2018,58.6800,2,0.00,18.1908,29.3400
10949,441,1674,10/10/2018,21/10/2018,17.1400,2,0.00,6.1704,8.5700
10950,492,426,28/10/2018,04/11/2018,5.8800,2,0.00,2.6460,2.9400
10951,638,544,22/10/2018,11/11/2018,122.3280,3,0.20,12.2328,40.5760
10952,329,362,06/10/2018,11/10/2018,1199.9760,3,0.20,434.9913,399.7920
10953,498,1463,01/09/2018,05/09/2018,66.5400,6,0.00,32.6046,11.0900
10954,216,1059,04/11/2018,08/11/2018,47.5840,2,0.20,-2.9740,23.5920
10955,228,1036,09/10/2018,24/10/2018,21.4000,5,0.00,6.2060,4.2800
10956,620,1623,16/05/2018,28/05/2018,163.8800,2,0.00,40.9700,81.9400
10957,573,318,05/12/2018,22/12/2018,220.2656,4,0.32,-42.1096,54.7464
10958,407,72,19/09/2018,17/10/2018,545.8500,9,0.00,114.6285,60.6500
10959,655,1474,24/08/2018,29/08/2018,44.3840,1,0.20,15.5344,44.1840
10960,10,429,31/05/2018,17/06/2018,127.9840,2,0.20,25.5968,63.7920
10961,667,1206,26/08/2018,21/09/2018,13.0800,2,0.00,6.0168,6.5400
10962,354,1251,12/11/2018,17/11/2018,40.5400,2,0.00,11.3512,20.2700
10963,776,661,22/07/2018,27/07/2018,18.6200,2,0.00,5.3998,9.3100
10964,673,109,22/06/2018,18/07/2018,265.8600,7,0.00,79.7580,37.9800
10965,165,1401,30/12/2018,31/12/2018,77.5200,2,0.00,37.9848,38.7600
10966,17,280,26/05/2018,19/06/2018,5.2480,2,0.20,0.5904,2.4240
10967,617,1826,18/11/2018,01/12/2018,7.8800,4,0.00,2.5216,1.9700
10968,767,1107,26/09/2018,22/10/2018,1718.4000,6,0.20,150.3600,286.2000
10969,246,84,18/03/2018,25/03/2018,634.1160,6,0.30,-172.1172,105.3860
10970,249,348,03/01/2018,18/01/2018,43.8000,6,0.00,20.5860,7.3000
10971,57,1020,21/09/2018,10/10/2018,14.9600,4,0.00,0.2992,3.7400
10972,748,217,01/04/2018,25/04/2018,300.9040,1,0.20,11.2839,300.7040
10973,363,822,07/05/2018,23/05/2018,205.0300,7,0.00,67.6599,29.2900
10974,639,875,13/07/2018,26/07/2018,12.8160,3,0.20,4.3254,4.0720
10975,367,1565,09/02/2018,04/03/2018,14.5200,3,0.00,5.6628,4.8400
10976,95,630,05/11/2018,04/12/2018,725.3440,4,0.20,54.4008,181.1360
10977,711,644,19/06/2018,19/07/2018,236.8800,6,0.00,66.3264,39.4800
10978,510,1380,18/01/2018,31/01/2018,15.2320,4,0.20,5.5216,3.6080
10979,545,1233,19/07/2018,10/08/2018,4007.8400,10,0.20,-50.0980,400.5840
10980,227,1216,05/12/2018,21/12/2018,19.2960,3,0.20,6.0300,6.2320
10981,710,681,11/02/2018,06/03/2018,32.4000,5,0.00,15.5520,6.4800
10982,337,9,30/11/2018,13/12/2018,24.6720,4,0.20,7.7100,5.9680
10983,563,1205,22/07/2018,23/07/2018,57.9300,3,0.00,16.2204,19.3100
10984,604,675,29/09/2018,23/10/2018,20.2320,8,0.70,-16.1856,1.8290
10985,192,455,10/01/2018,15/01/2018,19.8900,9,0.00,5.3703,2.2100
10986,164,159,03/11/2018,12/11/2018,386.6800,2,0.30,-5.5240,193.0400
10987,674,1551,14/08/2018,02/09/2018,24.7800,6,0.00,6.9384,4.1300
10988,201,833,21/11/2018,06/12/2018,464.2920,9,0.40,-108.3348,51.1880
10989,177,301,05/12/2018,04/01/2019,87.7100,7,0.00,41.2237,12.5300
10990,295,1375,19/05/2018,13/06/2018,13999.9600,4,0.00,6719.9810,3499.9900
10991,188,1689,06/12/2018,28/12/2018,58.0800,4,0.20,-6.5340,14.3200
10992,401,905,14/05/2018,15/05/2018,196.2100,7,0.00,98.1050,28.0300
10993,357,738,19/07/2018,12/08/2018,344.2200,2,0.40,-103.2660,171.7100
10994,162,316,21/01/2018,05/02/2018,15.2400,5,0.20,5.3340,2.8480
10995,661,833,24/09/2018,22/10/2018,171.9600,2,0.00,44.7096,85.9800
10996,248,900,04/10/2018,13/10/2018,863.8800,3,0.20,107.9850,287.7600
10997,17,492,25/02/2018,27/02/2018,4.5030,1,0.70,-3.6024,3.8030
10998,531,1086,13/03/2018,09/04/2018,7.5180,2,0.70,-5.7638,3.0590
10999,328,1824,11/11/2018,09/12/2018,4.7100,1,0.00,0.0000,4.7100
11000,426,363,31/08/2018,12/09/2018,43.4400,8,0.00,21.2856,5.4300
11001,387,613,02/09/2018,25/09/2018,58.0500,3,0.00,26.7030,19.3500
11002,597,508,07/02/2018,27/02/2018,6.4600,2,0.00,3.1654,3.2300
11003,393,454,21/04/2018,20/05/2018,38.0400,2,0.00,12.1728,19.0200
11004,226,867,29/09/2018,03/10/2018,889.5360,8,0.20,66.7152,110.9920
11005,800,141,13/04/2018,15/04/2018,104.8500,3,0.00,28.3095,34.9500
11006,680,1110,15/10/2018,25/10/2018,459.9200,4,0.00,41.3928,114.9800
11007,667,848,08/04/2018,14/04/2018,97.9840,2,0.20,-24.4960,48.7920
11008,383,944,09/03/2018,31/03/2018,19.6800,6,0.00,5.7072,3.2800
11009,472,299,18/09/2018,25/09/2018,305.0100,9,0.00,76.2525,33.8900
11010,418,604,30/08/2018,17/09/2018,119.9800,2,0.00,57.5904,59.9900
11011,285,1028,26/08/2018,28/08/2018,43.5120,7,0.20,3.8073,6.0160
11012,646,880,27/05/2018,08/06/2018,243.9200,5,0.20,-54.8820,48.5840
11013,571,1245,25/09/2018,27/09/2018,13.3920,3,0.20,1.5066,4.2640
11014,136,1382,15/01/2018,08/02/2018,30.7680,2,0.20,8.0766,15.1840
11015,65,241,12/05/2018,16/05/2018,246.1680,3,0.20,21.5397,81.8560
11016,781,1615,28/07/2018,14/08/2018,638.8200,9,0.00,172.4814,70.9800
11017,298,997,03/04/2018,25/04/2018,20.7360,4,0.20,7.2576,4.9840
11018,608,122,22/05/2018,27/05/2018,617.7000,6,0.50,-407.6820,102.4500
11019,459,81,22/07/2018,11/08/2018,68.4480,4,0.20,7.7004,16.9120
11020,542,713,09/10/2018,13/10/2018,242.3520,3,0.20,9.0882,80.5840
11021,162,802,14/08/2018,20/08/2018,395.9400,6,0.00,102.9444,65.9900
11022,371,54,12/04/2018,10/05/2018,411.9800,2,0.00,119.4742,205.9900
11023,240,2,28/08/2018,27/09/2018,975.9200,4,0.00,292.7760,243.9800
11024,466,1251,02/10/2018,21/10/2018,81.0800,4,0.00,22.7024,20.2700
11025,440,301,01/09/2018,20/09/2018,30.0720,3,0.20,10.1493,9.8240
11026,379,150,30/03/2018,12/04/2018,14.6200,2,0.00,6.8714,7.3100
11027,145,456,16/11/2018,28/11/2018,8.8200,3,0.00,2.5578,2.9400
11028,136,64,24/06/2018,11/07/2018,79.7600,4,0.00,22.3328,19.9400
11029,637,77,12/01/2018,07/02/2018,19.3000,5,0.60,-14.4750,3.2600
11030,112,1078,28/05/2018,14/06/2018,9.2640,3,0.80,-13.8960,2.2880
11031,422,129,07/12/2018,12/12/2018,22.2000,5,0.00,10.4340,4.4400
11032,385,1140,13/06/2018,25/06/2018,10.3680,2,0.20,3.6288,4.9840
11033,690,361,28/12/2018,14/01/2019,10.9800,1,0.00,2.9646,10.9800
11034,317,661,26/02/2018,17/03/2018,27.9300,3,0.00,8.0997,9.3100
11035,534,542,10/01/2018,22/01/2018,392.9400,3,0.00,43.2234,130.9800
11036,779,893,09/10/2018,30/10/2018,67.9932,1,0.32,-12.9987,67.6732
11037,398,1460,24/11/2018,11/12/2018,46.6200,9,0.00,21.4452,5.1800
11038,758,1095,29/05/2018,10/06/2018,239.9700,3,0.00,86.3892,79.9900
11039,187,1160,08/10/2018,28/10/2018,3.3800,1,0.00,1.2506,3.3800
11040,174,1211,19/05/2018,03/06/2018,36.9600,7,0.00,11.4576,5.2800
11041,412,1286,09/06/2018,21/06/2018,42.9500,1,0.00,1.2885,42.9500
11042,413,171,18/04/2018,12/05/2018,3.2800,1,0.00,1.4104,3.2800
11043,490,51,14/07/2018,27/07/2018,8.6240,7,0.60,-2.5872,0.6320
11044,439,918,05/06/2018,07/06/2018,4.9560,4,0.70,-3.7996,0.5390
11045,212,1334,20/05/2018,01/06/2018,5.3520,3,0.20,1.6056,1.5840
11046,329,1242,26/09/2018,07/10/2018,13.7120,2,0.20,1.0284,6.6560
11047,207,1576,21/03/2018,31/03/2018,102.5920,1,0.20,10.2592,102.3920
11048,131,766,20/09/2018,11/10/2018,4.4010,3,0.70,-3.5208,0.7670
11049,639,1712,25/06/2018,18/07/2018,34.7400,3,0.00,17.3700,11.5800
11050,156,1199,25/12/2018,06/01/2019,1024.3800,7,0.00,215.1198,146.3400
11051,91,673,23/12/2018,14/01/2019,174.4200,3,0.00,41.8608,58.1400
11052,319,147,22/07/2018,11/08/2018,105.5200,4,0.00,48.5392,26.3800
11053,698,998,14/10/2018,06/11/2018,3.4240,1,0.20,0.2996,3.2240
11054,29,1240,24/06/2018,04/07/2018,126.5600,4,0.20,47.4600,31.4400
11055,492,1250,20/09/2018,11/10/2018,860.9300,7,0.00,189.4046,122.9900
11056,69,894,12/02/2018,22/02/2018,253.7640,2,0.10,31.0156,126.7820
11057,31,363,01/12/2018,30/12/2018,27.1500,5,0.00,13.3035,5.4300
11058,593,129,17/10/2018,23/10/2018,7.8600,3,0.00,3.6156,2.6200
11059,196,773,09/03/2018,24/03/2018,19.1520,2,0.20,1.1970,9.3760
11060,537,247,16/02/2018,12/03/2018,1088.7600,6,0.00,315.7404,181.4600
11061,305,705,19/09/2018,26/09/2018,271.9600,5,0.20,16.9975,54.1920
11062,358,225,31/08/2018,02/09/2018,170.1360,3,0.20,-8.5068,56.5120
11063,397,892,10/02/2018,17/02/2018,1115.1700,7,0.00,334.5510,159.3100
11064,220,258,29/03/2018,21/04/2018,318.4000,2,0.20,107.4600,159.0000
11065,53,200,28/04/2018,24/05/2018,59.2000,4,0.00,29.6000,14.8000
11066,574,28,27/09/2018,15/10/2018,64.1200,4,0.00,30.7776,16.0300
11067,785,1554,16/06/2018,04/07/2018,6.2080,2,0.20,0.6984,2.9040
11068,352,1328,24/09/2018,03/10/2018,364.9500,5,0.50,-248.1660,72.4900
11069,192,600,10/09/2018,13/09/2018,111.9840,2,0.20,11.1984,55.7920
11070,793,1395,12/02/2018,20/02/2018,21.9800,7,0.00,9.8910,3.1400
11071,704,492,30/04/2018,16/05/2018,135.0900,9,0.00,62.1414,15.0100
11072,549,1242,21/09/2018,14/10/2018,47.9920,7,0.20,3.5994,6.6560
11073,58,828,30/07/2018,25/08/2018,38.8800,6,0.00,18.6624,6.4800
11074,328,561,24/02/2018,23/03/2018,199.8000,10,0.00,71.9280,19.9800
11075,523,1547,30/04/2018,29/05/2018,63.9360,8,0.20,5.5944,7.7920
11076,549,1337,31/03/2018,09/04/2018,39.8160,3,0.20,7.4655,13.0720
11077,725,1579,19/03/2018,05/04/2018,18.9800,2,0.00,8.9206,9.4900
11078,122,1246,10/11/2018,23/11/2018,34.5800,1,0.00,10.0282,34.5800
11079,475,473,11/06/2018,26/06/2018,27.3960,3,0.70,-20.0904,8.4320
11080,373,1409,16/04/2018,25/04/2018,238.6200,2,0.00,4.7724,119.3100
11081,436,1084,26/03/2018,10/04/2018,399.5400,2,0.40,-79.9080,199.3700
11082,762,308,03/04/2018,27/04/2018,22.4500,5,0.00,10.3270,4.4900
11083,569,1074,01/12/2018,09/12/2018,6.6800,1,0.00,3.2064,6.6800
11084,781,1193,01/10/2018,06/10/2018,35.0160,3,0.20,-2.1885,11.4720
11085,167,1498,12/02/2018,02/03/2018,12.7680,6,0.20,4.6284,1.9280
11086,538,1051,05/09/2018,10/09/2018,13.9000,5,0.00,3.7530,2.7800
11087,190,641,21/05/2018,20/06/2018,132.7900,7,0.00,63.7392,18.9700
11088,678,1032,28/10/2018,27/11/2018,5.0400,2,0.20,1.7640,2.3200
11089,134,1106,16/06/2018,12/07/2018,12.8400,3,0.00,5.7780,4.2800
11090,86,525,27/07/2018,25/08/2018,323.9760,3,0.20,28.3479,107.7920
11091,759,305,02/12/2018,10/12/2018,3.2640,2,0.70,-2.2848,0.9320
11092,66,1250,24/12/2018,15/01/2019,860.9300,7,0.00,189.4046,122.9900
11093,600,930,09/02/2018,06/03/2018,106.5000,6,0.00,41.5350,17.7500
11094,330,1026,09/12/2018,25/12/2018,7.7800,2,0.00,2.0228,3.8900
11095,531,52,12/04/2018,14/04/2018,80.9910,1,0.10,8.0991,80.8910
11096,495,9,16/07/2018,21/07/2018,24.6720,4,0.20,7.7100,5.9680
11097,163,722,06/03/2018,08/03/2018,87.9600,5,0.20,30.7860,17.3920
11098,616,798,09/01/2018,11/01/2018,9.3450,5,0.70,-6.5415,1.1690
11099,561,537,28/12/2018,08/01/2019,19.0500,5,0.00,8.9535,3.8100
11100,440,11,20/10/2018,31/10/2018,1706.1840,9,0.20,85.3092,189.3760
11101,501,34,22/10/2018,20/11/2018,177.2000,5,0.00,83.2840,35.4400
11102,112,962,10/11/2018,08/12/2018,124.0320,4,0.20,44.9616,30.8080
11103,760,67,14/09/2018,28/09/2018,125.9760,3,0.20,47.2410,41.7920
11104,7,1241,25/08/2018,23/09/2018,22.1400,3,0.00,6.4206,7.3800
11105,755,833,06/04/2018,10/04/2018,154.7640,3,0.40,-46.4292,51.1880
11106,572,862,08/02/2018,23/02/2018,151.1920,1,0.20,13.2293,150.9920
11107,147,1210,09/04/2018,07/05/2018,243.9200,5,0.20,-15.2450,48.5840
11108,353,640,03/05/2018,13/05/2018,3.9840,1,0.20,1.2948,3.7840
11109,168,1651,30/09/2018,01/10/2018,386.3400,2,0.00,54.0876,193.1700
11110,175,1531,29/01/2018,27/02/2018,72.0000,4,0.00,12.9600,18.0000
11111,605,360,03/02/2018,06/02/2018,56.9800,7,0.00,22.7920,8.1400
11112,337,1420,27/09/2018,26/10/2018,23.9880,2,0.40,-15.9920,11.5940
11113,600,993,02/02/2018,05/02/2018,1056.8600,7,0.00,158.5290,150.9800
11114,623,1357,21/01/2018,05/02/2018,75.0000,3,0.00,18.0000,25.0000
11115,365,780,22/01/2018,26/01/2018,15.5880,2,0.40,-9.8724,7.3940
11116,779,36,07/12/2018,03/01/2019,286.3800,3,0.00,83.0502,95.4600
11117,770,1116,18/10/2018,12/11/2018,163.9600,4,0.00,80.3404,40.9900
11118,742,828,04/09/2018,24/09/2018,38.8800,6,0.00,18.6624,6.4800
11119,711,967,15/07/2018,30/07/2018,79.9740,3,0.40,-29.3238,26.2580
11120,259,1613,03/09/2018,07/09/2018,55.4400,11,0.20,18.0180,4.8400
11121,587,534,12/12/2018,02/01/2019,261.7400,2,0.00,65.4350,130.8700
11122,454,1060,28/12/2018,01/01/2019,13.3800,2,0.00,6.1548,6.6900
11123,61,10,20/05/2018,16/06/2018,68.9400,3,0.00,20.6820,22.9800
11124,773,1188,05/06/2018,04/07/2018,56.4000,3,0.00,3.3840,18.8000
11125,510,1536,02/12/2018,04/12/2018,22.9200,5,0.20,8.0220,4.3840
11126,523,1019,30/04/2018,03/05/2018,11.6480,2,0.20,3.3488,5.6240
11127,352,901,25/09/2018,01/10/2018,30.8280,7,0.70,-24.6624,3.7040
11128,26,1791,15/03/2018,14/04/2018,7.8800,5,0.60,-3.9400,0.9760
11129,755,182,14/12/2018,29/12/2018,25.9200,4,0.00,12.4416,6.4800
11130,429,733,10/05/2018,28/05/2018,18.2880,6,0.20,6.6294,2.8480
11131,238,1351,17/12/2018,04/01/2019,463.2480,8,0.80,-1181.2823,57.1060
11132,541,1081,17/04/2018,23/04/2018,123.9200,5,0.20,38.7250,24.5840
11133,543,850,15/04/2018,06/05/2018,1024.7160,6,0.30,-29.2776,170.4860
11134,674,1428,01/06/2018,02/06/2018,177.5680,2,0.20,-37.7332,88.5840
11135,13,259,19/02/2018,15/03/2018,1090.7820,7,0.40,-290.8752,155.4260
11136,53,691,05/09/2018,05/10/2018,15.9360,4,0.20,5.1792,3.7840
11137,519,1171,27/04/2018,21/05/2018,48.9100,1,0.00,22.9877,48.9100
11138,366,1654,21/02/2018,09/03/2018,17.9400,3,0.00,8.7906,5.9800
11139,786,1290,10/10/2018,15/10/2018,547.1360,4,0.20,-68.3920,136.5840
11140,714,799,07/05/2018,03/06/2018,196.7040,6,0.20,68.8464,32.5840
11141,430,204,06/08/2018,11/08/2018,302.3760,3,0.20,22.6782,100.5920
11142,788,752,10/04/2018,29/04/2018,25.4400,6,0.00,9.9216,4.2400
11143,773,1023,25/02/2018,08/03/2018,21.4880,2,0.20,1.6116,10.5440
11144,750,707,18/09/2018,01/10/2018,14.0880,3,0.20,4.9308,4.4960
11145,153,469,06/03/2018,26/03/2018,476.8000,2,0.00,119.2000,238.4000
11146,769,1113,29/03/2018,24/04/2018,25.0320,3,0.20,7.8225,8.1440
11147,505,697,10/02/2018,09/03/2018,11.7840,3,0.20,4.2717,3.7280
11148,333,60,08/05/2018,24/05/2018,2.6880,2,0.20,1.0080,1.1440
11149,123,1436,23/10/2018,30/10/2018,18.8400,3,0.00,7.9128,6.2800
11150,643,1215,20/11/2018,28/11/2018,7.9680,2,0.20,2.6892,3.7840
11151,462,1688,28/09/2018,14/10/2018,12.3000,5,0.00,6.1500,2.4600
11152,499,506,07/07/2018,21/07/2018,12.8800,1,0.00,0.3864,12.8800
11153,697,111,07/04/2018,13/04/2018,10.7400,3,0.00,5.2626,3.5800
11154,95,39,26/04/2018,25/05/2018,242.3520,3,0.20,15.1470,80.5840
11155,74,1730,04/08/2018,27/08/2018,213.2160,3,0.20,15.9912,70.8720
11156,520,392,23/08/2018,21/09/2018,29.3280,3,0.20,3.6660,9.5760
11157,145,1040,11/09/2018,18/09/2018,4.9800,1,0.00,2.4402,4.9800
11158,339,102,23/03/2018,13/04/2018,85.3000,2,0.00,14.5010,42.6500
11159,114,1393,31/01/2018,15/02/2018,494.9700,3,0.00,148.4910,164.9900
11160,748,1262,21/04/2018,03/05/2018,42.3840,2,0.20,4.2384,20.9920
11161,498,957,24/11/2018,09/12/2018,871.8000,3,0.20,87.1800,290.4000
11162,210,899,09/02/2018,01/03/2018,720.0640,4,0.20,-63.0056,179.8160
11163,799,1148,09/11/2018,28/11/2018,34.2400,4,0.80,-53.0720,7.7600
11164,708,1317,07/04/2018,20/04/2018,17.9400,3,0.00,8.7906,5.9800
11165,297,810,20/01/2018,24/01/2018,602.6510,7,0.30,-163.5767,85.7930
11166,385,626,01/01/2018,13/01/2018,3.8820,3,0.80,-5.8230,0.4940
11167,793,1241,02/11/2018,18/11/2018,11.8080,2,0.20,1.3284,5.7040
11168,479,228,31/05/2018,23/06/2018,7.9800,1,0.00,3.9900,7.9800
11169,239,808,06/02/2018,28/02/2018,11.6800,2,0.00,3.0368,5.8400
11170,359,1187,06/05/2018,26/05/2018,22.6600,2,0.00,9.7438,11.3300
11171,304,701,18/05/2018,02/06/2018,11.1680,2,0.20,-2.5128,5.3840
11172,242,1592,11/03/2018,30/03/2018,23.4720,3,0.20,4.9878,7.6240
11173,223,475,18/04/2018,06/05/2018,81.5680,2,0.20,7.1372,40.5840
11174,519,1415,02/11/2018,05/11/2018,3.4440,1,0.70,-2.5256,2.7440
11175,788,1295,01/10/2018,25/10/2018,272.4000,5,0.00,76.2720,54.4800
11176,146,1008,20/08/2018,07/09/2018,47.9840,2,0.20,13.1956,23.7920
11177,80,1322,05/06/2018,08/06/2018,299.9700,3,0.00,131.9868,99.9900
11178,263,312,12/10/2018,14/10/2018,8.9280,2,0.20,0.5580,4.2640
11179,371,435,22/08/2018,11/09/2018,95.9760,3,0.20,15.5961,31.7920
11180,495,408,19/03/2018,11/04/2018,854.3520,3,0.20,10.6794,284.5840
11181,511,64,15/12/2018,17/12/2018,139.5800,7,0.00,39.0824,19.9400
11182,627,375,14/03/2018,22/03/2018,24.4000,2,0.20,7.9300,12.0000
11183,781,1396,25/02/2018,20/03/2018,15.4800,3,0.20,5.6115,4.9600
11184,101,875,26/09/2018,12/10/2018,3.2040,2,0.70,-2.4564,0.9020
11185,117,54,14/09/2018,24/09/2018,164.7920,1,0.20,18.5391,164.5920
11186,418,1003,27/05/2018,28/05/2018,40.4600,7,0.00,19.8254,5.7800
11187,506,147,08/11/2018,24/11/2018,184.6600,7,0.00,84.9436,26.3800
11188,124,1210,10/01/2018,05/02/2018,97.5680,2,0.20,-6.0980,48.5840
11189,718,540,31/07/2018,04/08/2018,469.9500,5,0.00,131.5860,93.9900
11190,242,1074,28/07/2018,17/08/2018,6.6800,1,0.00,3.2064,6.6800
11191,265,1572,04/11/2018,19/11/2018,335.9440,7,0.20,41.9930,47.7920
11192,462,1244,13/10/2018,05/11/2018,84.9500,5,0.00,22.0870,16.9900
11193,20,756,30/03/2018,08/04/2018,1.1120,2,0.80,-1.8904,-0.2440
11194,106,1514,26/06/2018,03/07/2018,52.0640,4,0.20,18.8732,12.8160
11195,458,188,30/01/2018,08/02/2018,16.0560,3,0.20,5.8203,5.1520
11196,577,551,16/09/2018,12/10/2018,45.2160,3,0.20,4.5216,14.8720
11197,486,154,28/02/2018,04/03/2018,31.1200,4,0.00,14.6264,7.7800
11198,301,529,14/09/2018,25/09/2018,107.4240,9,0.20,33.5700,11.7360
11199,708,1026,12/07/2018,04/08/2018,11.6700,3,0.00,3.0342,3.8900
11200,601,1500,02/11/2018,20/11/2018,81.3600,5,0.20,-19.3230,16.0720
11201,240,701,19/05/2018,20/05/2018,13.9600,2,0.00,0.2792,6.9800
11202,522,874,28/06/2018,25/07/2018,11.9600,2,0.00,2.9900,5.9800
11203,284,1183,14/03/2018,05/04/2018,19.9680,2,0.70,-13.3120,9.2840
11204,287,562,15/02/2018,09/03/2018,653.5500,3,0.00,111.1035,217.8500
11205,222,1033,20/10/2018,24/10/2018,70.9800,1,0.00,3.5490,70.9800
11206,691,106,15/08/2018,24/08/2018,9.9120,3,0.20,3.2214,3.1040
11207,325,441,20/08/2018,10/09/2018,14.9520,1,0.20,5.0463,14.7520
11208,226,1305,24/04/2018,01/05/2018,211.2460,2,0.30,-66.3916,105.3230
11209,764,172,27/07/2018,15/08/2018,62.0400,5,0.20,4.6530,12.2080
11210,790,34,09/11/2018,04/12/2018,167.9400,3,0.00,82.2906,55.9800
11211,800,1176,16/06/2018,18/06/2018,462.5640,2,0.10,97.6524,231.1820
11212,213,535,05/02/2018,16/02/2018,6.0960,3,0.60,-3.9624,1.4320
11213,180,1510,14/11/2018,01/12/2018,262.3360,8,0.20,95.0968,32.5920
11214,498,109,05/02/2018,10/02/2018,30.3840,1,0.20,3.7980,30.1840
11215,456,955,15/04/2018,07/05/2018,17.0880,4,0.20,5.5536,4.0720
11216,395,365,15/08/2018,29/08/2018,9.6800,1,0.00,4.6464,9.6800
11217,497,1113,16/10/2018,28/10/2018,6.2580,2,0.70,-5.2150,2.4290
11218,7,806,23/09/2018,27/09/2018,6.2700,5,0.70,-4.5980,0.5540
11219,326,574,17/11/2018,04/12/2018,21.9300,3,0.00,10.3071,7.3100
11220,211,885,08/08/2018,13/08/2018,39.9600,2,0.00,17.1828,19.9800
11221,240,513,02/08/2018,18/08/2018,17.5200,3,0.00,5.2560,5.8400
11222,746,1142,07/02/2018,08/02/2018,112.6480,1,0.20,11.2648,112.4480
11223,323,1278,12/05/2018,09/06/2018,26.6320,1,0.20,1.3316,26.4320
11224,169,854,16/07/2018,05/08/2018,109.4800,2,0.00,33.9388,54.7400
11225,350,1464,21/02/2018,05/03/2018,256.7840,1,0.20,32.0980,256.5840
11226,121,422,27/09/2018,30/09/2018,92.5200,6,0.00,24.9804,15.4200
11227,800,1571,05/05/2018,20/05/2018,2.8800,1,0.00,1.3536,2.8800
11228,319,498,23/11/2018,24/11/2018,5.7920,2,0.80,-9.5568,2.0960
11229,124,838,25/04/2018,09/05/2018,29.9700,3,0.00,13.4865,9.9900
11230,535,1446,12/08/2018,16/08/2018,128.1240,2,0.10,24.2012,63.9620
11231,610,1212,09/06/2018,09/07/2018,199.9500,5,0.00,63.9840,39.9900
11232,86,763,02/12/2018,20/12/2018,7.7120,2,0.20,1.7352,3.6560
11233,168,256,13/05/2018,26/05/2018,31.0500,3,0.00,14.9040,10.3500
11234,61,1450,13/09/2018,27/09/2018,15.9360,4,0.20,5.3784,3.7840
11235,170,1341,24/04/2018,09/05/2018,239.4560,7,0.20,17.9592,34.0080
11236,372,1515,03/03/2018,12/03/2018,67.8400,5,0.80,-179.7760,12.7680
11237,214,472,12/12/2018,09/01/2019,10.4800,1,0.00,2.8296,10.4800
11238,671,1080,30/10/2018,29/11/2018,142.4880,3,0.20,-3.5622,47.2960
11239,402,328,04/09/2018,17/09/2018,8.7200,5,0.20,-1.7440,1.5440
11240,680,1545,20/08/2018,18/09/2018,3.9000,2,0.00,1.5210,1.9500
11241,548,543,01/03/2018,06/03/2018,104.9000,5,0.00,50.3520,20.9800
11242,732,1331,06/05/2018,11/05/2018,22.5000,6,0.00,10.8000,3.7500
11243,24,1652,23/03/2018,10/04/2018,17.5200,3,0.00,6.3072,5.8400
11244,590,592,06/07/2018,16/07/2018,14.9400,3,0.00,7.1712,4.9800
11245,148,114,26/05/2018,20/06/2018,65.2320,3,0.20,22.0158,21.5440
11246,20,773,08/08/2018,28/08/2018,7.4400,3,0.00,2.6040,2.4800
11247,137,1494,16/07/2018,05/08/2018,93.3600,12,0.00,0.9336,7.7800
11248,564,155,19/08/2018,20/08/2018,10.3800,2,0.70,-7.6120,4.4900
11249,115,203,27/09/2018,02/10/2018,223.9600,5,0.20,11.1980,44.5920
11250,659,98,24/04/2018,16/05/2018,199.9500,5,0.00,21.9945,39.9900
11251,322,332,15/04/2018,28/04/2018,1023.9360,8,0.20,179.1888,127.7920
11252,595,146,20/05/2018,12/06/2018,40.0320,6,0.20,12.5100,6.4720
11253,238,85,10/04/2018,13/04/2018,59.9700,3,0.00,20.3898,19.9900
11254,671,709,11/10/2018,05/11/2018,5.2200,2,0.00,2.4012,2.6100
11255,708,445,28/07/2018,27/08/2018,74.7600,3,0.00,34.3896,24.9200
11256,637,871,24/09/2018,14/10/2018,191.9680,4,0.20,28.7952,47.7920
11257,648,68,29/07/2018,19/08/2018,379.4000,10,0.00,178.3180,37.9400
11258,778,1409,12/03/2018,19/03/2018,190.8960,2,0.20,-42.9516,95.2480
11259,129,740,16/12/2018,10/01/2019,19.0080,8,0.70,-12.6720,1.6760
11260,322,1611,20/04/2018,25/04/2018,97.8800,2,0.00,48.9400,48.9400
11261,738,1252,10/04/2018,05/05/2018,46.8000,4,0.00,16.3800,11.7000
11262,535,366,21/06/2018,29/06/2018,31.5000,10,0.00,15.1200,3.1500
11263,407,848,05/02/2018,07/03/2018,122.4800,2,0.00,0.0000,61.2400
11264,655,45,23/06/2018,15/07/2018,27.9360,4,0.20,9.4284,6.7840
11265,150,1703,20/03/2018,17/04/2018,2321.9000,2,0.00,1114.5120,1160.9500
11266,416,488,30/12/2018,26/01/2019,19.4560,4,0.20,3.4048,4.6640
11267,481,1179,24/10/2018,06/11/2018,12.9600,2,0.00,6.2208,6.4800
11268,184,1434,13/05/2018,05/06/2018,23.8500,5,0.00,10.7325,4.7700
11269,167,932,04/05/2018,17/05/2018,3.3800,1,0.00,1.5548,3.3800
11270,641,661,06/06/2018,07/06/2018,37.2400,4,0.00,10.7996,9.3100
11271,236,643,30/04/2018,22/05/2018,22.2300,1,0.00,7.3359,22.2300
11272,510,1141,05/03/2018,20/03/2018,314.6000,4,0.00,103.8180,78.6500
11273,513,157,06/09/2018,20/09/2018,3059.9820,3,0.40,-509.9970,1019.5940
11274,448,584,01/07/2018,27/07/2018,139.9200,5,0.60,-150.4140,27.3840
11275,251,1799,27/02/2018,27/03/2018,479.9880,2,0.40,55.9986,239.5940
11276,591,1458,18/01/2018,23/01/2018,663.9360,4,0.20,82.9920,165.7840
11277,800,1664,28/02/2018,22/03/2018,5.7600,2,0.00,2.8224,2.8800
11278,715,498,04/09/2018,04/10/2018,115.8400,8,0.00,54.4448,14.4800
11279,599,1039,06/07/2018,04/08/2018,40.6800,3,0.20,-9.1530,13.3600
11280,612,1427,06/06/2018,05/07/2018,78.3040,2,0.20,29.3640,38.9520
11281,517,1267,03/03/2018,11/03/2018,111.0000,2,0.00,14.4300,55.5000
11282,342,1165,11/09/2018,05/10/2018,673.5680,2,0.20,252.5880,336.5840
11283,789,253,01/12/2018,18/12/2018,50.9600,7,0.00,24.4608,7.2800
11284,750,513,26/06/2018,18/07/2018,4.6720,1,0.20,0.5840,4.4720
11285,784,1325,16/04/2018,22/04/2018,8.2720,4,0.80,-13.6488,1.2680
11286,15,1042,27/11/2018,20/12/2018,76.6400,2,0.20,26.8240,38.1200
11287,597,948,10/10/2018,04/11/2018,79.1400,3,0.00,36.4044,26.3800
11288,210,333,09/04/2018,08/05/2018,46.2000,4,0.00,12.9360,11.5500
11289,728,16,14/04/2018,24/04/2018,4.2400,5,0.80,-6.3600,0.0480
11290,19,1450,24/03/2018,07/04/2018,14.9400,3,0.00,7.0218,4.9800
11291,571,1492,11/05/2018,06/06/2018,5.2320,4,0.80,-8.1096,0.5080
11292,650,3,10/02/2018,21/02/2018,11.6960,2,0.20,3.9474,5.6480
11293,558,1548,01/07/2018,15/07/2018,223.9200,4,0.00,109.7208,55.9800
11294,750,543,08/11/2018,20/11/2018,12.5880,3,0.80,-20.1408,3.3960
11295,50,1167,22/11/2018,15/12/2018,717.7200,3,0.20,71.7720,239.0400
11296,17,1503,09/02/2018,21/02/2018,18.2400,3,0.00,5.2896,6.0800
11297,249,1377,15/02/2018,10/03/2018,2.9920,1,0.20,1.1220,2.7920
11298,371,751,11/12/2018,29/12/2018,45.3600,4,0.00,22.2264,11.3400
11299,277,1095,04/05/2018,22/05/2018,255.9680,4,0.20,51.1936,63.7920
11300,571,428,07/05/2018,16/05/2018,9.0900,3,0.00,1.9089,3.0300
11301,315,1652,12/09/2018,23/09/2018,11.6800,2,0.00,4.2048,5.8400
11302,181,593,02/12/2018,17/12/2018,257.6400,6,0.00,100.4796,42.9400
11303,230,148,19/01/2018,05/02/2018,53.9200,5,0.20,4.0440,10.5840
11304,475,370,03/08/2018,25/08/2018,19.9800,1,0.00,9.3906,19.9800
11305,608,1133,18/09/2018,29/09/2018,104.9300,5,0.30,-4.4970,20.6860
11306,708,112,20/09/2018,04/10/2018,14.7500,5,0.00,7.0800,2.9500
11307,79,1448,23/09/2018,29/09/2018,2939.9300,7,0.00,764.3818,419.9900
11308,227,1097,16/05/2018,12/06/2018,180.9800,5,0.80,-470.5480,35.3960
11309,373,184,06/07/2018,19/07/2018,27.7800,6,0.00,9.1674,4.6300
11310,631,1720,27/04/2018,04/05/2018,9.6560,1,0.20,1.5691,9.4560
11311,17,1027,14/11/2018,02/12/2018,67.6400,5,0.20,5.9185,13.3280
11312,129,255,31/05/2018,28/06/2018,49.7600,4,0.00,13.9328,12.4400
11313,457,1680,04/02/2018,07/02/2018,82.8000,12,0.00,6.6240,6.9000
11314,117,138,27/06/2018,21/07/2018,143.7000,3,0.00,68.9760,47.9000
11315,443,176,24/07/2018,05/08/2018,29.0000,2,0.00,7.2500,14.5000
11316,318,980,01/07/2018,09/07/2018,101.8400,5,0.20,36.9170,20.1680
11317,586,1604,09/10/2018,10/10/2018,8.3900,1,0.00,2.0975,8.3900
11318,109,787,27/04/2018,09/05/2018,175.2300,11,0.00,61.3305,15.9300
11319,444,180,04/07/2018,09/07/2018,449.5680,2,0.20,56.1960,224.5840
11320,315,1423,01/05/2018,14/05/2018,12.9600,2,0.00,6.2208,6.4800
11321,439,317,13/10/2018,25/10/2018,3266.3760,3,0.20,1061.5721,1088.5920
11322,786,614,06/12/2018,07/12/2018,43.0200,3,0.00,15.4872,14.3400
11323,145,893,20/12/2018,04/01/2019,209.9790,7,0.70,-356.9643,29.2970
11324,249,60,30/01/2018,26/02/2018,6.7200,4,0.00,3.3600,1.6800
11325,331,1667,18/11/2018,13/12/2018,26.8600,2,0.00,6.7150,13.4300
11326,791,103,27/02/2018,09/03/2018,65.5680,2,0.20,23.7684,32.5840
11327,236,1584,07/06/2018,26/06/2018,691.9600,4,0.00,318.3016,172.9900
11328,111,1530,09/10/2018,12/10/2018,45.3600,7,0.00,21.7728,6.4800
11329,210,1367,22/06/2018,20/07/2018,14.1360,2,0.60,-7.7748,6.4680
11330,123,1034,25/06/2018,06/07/2018,50.1200,7,0.20,-0.6265,6.9600
11331,444,1768,10/11/2018,25/11/2018,143.9280,9,0.20,-32.3838,15.7920
11332,459,150,11/01/2018,02/02/2018,14.6200,2,0.00,6.8714,7.3100
11333,299,1100,30/08/2018,29/09/2018,209.6700,1,0.40,-13.9780,209.2700
11334,775,361,30/09/2018,08/10/2018,10.9800,1,0.00,2.9646,10.9800
11335,552,1707,01/03/2018,21/03/2018,403.5600,4,0.00,96.8544,100.8900
11336,26,1104,19/11/2018,04/12/2018,20.7360,4,0.20,7.2576,4.9840
11337,614,760,27/12/2018,08/01/2019,494.3760,3,0.20,49.4376,164.5920
11338,702,610,13/08/2018,21/08/2018,17.3400,3,0.00,8.4966,5.7800
11339,104,1125,21/11/2018,25/11/2018,55.9440,7,0.20,-13.2867,7.7920
11340,714,1295,13/01/2018,14/01/2018,87.1680,8,0.80,-226.6368,10.0960
11341,422,249,07/09/2018,28/09/2018,4.2240,3,0.20,1.2672,1.2080
11342,555,484,21/06/2018,25/06/2018,1121.5680,2,0.20,0.0000,560.5840
11343,415,1471,24/06/2018,25/06/2018,12.9600,2,0.00,6.2208,6.4800
11344,97,245,09/06/2018,05/07/2018,37.2080,1,0.20,-7.4416,37.0080
11345,514,830,02/08/2018,24/08/2018,4.3600,2,0.00,2.0492,2.1800
11346,170,871,30/06/2018,07/07/2018,599.9000,10,0.00,191.9680,59.9900
11347,528,1516,11/11/2018,29/11/2018,512.9400,3,0.00,97.4586,170.9800
11348,62,1521,03/10/2018,13/10/2018,34.2400,8,0.00,15.4080,4.2800
11349,198,1845,14/04/2018,24/04/2018,27.1920,3,0.20,0.3399,8.8640
11350,594,116,17/11/2018,24/11/2018,841.5680,2,0.20,294.5488,420.5840
11351,563,1748,10/10/2018,18/10/2018,101.4000,5,0.00,38.5320,20.2800
11352,277,1244,06/08/2018,18/08/2018,50.9700,3,0.00,13.2522,16.9900
11353,752,1147,22/06/2018,26/06/2018,244.5500,5,0.00,114.9385,48.9100
11354,735,516,10/08/2018,16/08/2018,40.7120,7,0.20,3.5623,5.6160
11355,654,1400,24/05/2018,16/06/2018,2.6720,1,0.20,0.3340,2.4720
11356,118,1395,24/06/2018,02/07/2018,21.9800,7,0.00,9.8910,3.1400
11357,700,201,25/07/2018,28/07/2018,307.6660,2,0.15,28.9568,153.6830
11358,625,759,16/04/2018,17/04/2018,2715.9300,7,0.00,1276.4870,387.9900
11359,520,1114,12/04/2018,08/05/2018,497.6100,9,0.00,129.3786,55.2900
11360,482,470,06/07/2018,21/07/2018,31.9600,2,0.00,1.5980,15.9800
11361,138,385,08/07/2018,06/08/2018,4.7680,2,0.20,-0.7748,2.1840
11362,129,1110,10/06/2018,19/06/2018,183.9680,2,0.20,-25.2956,91.7840
11363,530,1772,04/10/2018,20/10/2018,25.8300,3,0.00,9.5571,8.6100
11364,465,379,30/11/2018,30/12/2018,1516.2000,7,0.00,394.2120,216.6000
11365,663,1342,22/03/2018,21/04/2018,9.8400,3,0.00,2.6568,3.2800
11366,150,727,30/07/2018,26/08/2018,35.5600,7,0.00,16.7132,5.0800
11367,711,762,10/08/2018,06/09/2018,29.3040,3,0.20,2.5641,9.5680
11368,666,123,30/10/2018,16/11/2018,2.3880,2,0.70,-1.8308,0.4940
11369,371,566,29/07/2018,20/08/2018,108.9200,14,0.00,49.0140,7.7800
11370,629,62,15/10/2018,17/10/2018,16.1400,3,0.00,7.9086,5.3800
11371,117,1212,29/11/2018,15/12/2018,159.9600,4,0.00,51.1872,39.9900
11372,31,314,14/06/2018,13/07/2018,10.3680,2,0.20,1.5552,4.9840
11373,496,1346,17/04/2018,13/05/2018,4912.5900,3,0.00,196.5036,1637.5300
11374,631,476,13/04/2018,26/04/2018,191.6460,3,0.10,31.9410,63.7820
11375,799,697,24/05/2018,17/06/2018,4.4190,3,0.70,-3.0933,0.7730
11376,768,1836,20/07/2018,21/07/2018,7.6320,3,0.20,-1.8126,2.3440
11377,796,656,16/04/2018,26/04/2018,20.7240,2,0.70,-15.1976,9.6620
11378,331,1416,03/06/2018,08/06/2018,8.9280,2,0.20,0.6696,4.2640
11379,601,189,20/04/2018,10/05/2018,36.2400,5,0.20,11.3250,7.0480
11380,525,769,24/05/2018,26/05/2018,498.0000,5,0.00,184.2600,99.6000
11381,36,1486,09/11/2018,16/11/2018,4499.9850,5,0.70,-6599.9780,899.2970
11382,415,129,24/12/2018,28/12/2018,30.4000,5,0.00,15.2000,6.0800
11383,622,538,17/12/2018,28/12/2018,811.2800,8,0.00,24.3384,101.4100
11384,260,698,04/09/2018,12/09/2018,34.2360,4,0.70,-26.2476,7.8590
11385,68,185,20/09/2018,28/09/2018,7.5600,3,0.00,3.0996,2.5200
11386,211,154,28/01/2018,10/02/2018,68.4600,7,0.00,31.4916,9.7800
11387,480,1603,13/06/2018,17/06/2018,39.9200,4,0.00,11.1776,9.9800
11388,728,1455,03/01/2018,10/01/2018,9.9600,5,0.60,-6.7230,1.3920
11389,742,639,06/03/2018,24/03/2018,818.3760,3,0.20,51.1485,272.5920
11390,400,129,31/10/2018,18/11/2018,7.4100,3,0.00,3.4827,2.4700
11391,41,698,12/06/2018,23/06/2018,68.4720,3,0.20,23.1093,22.6240
11392,456,1241,04/05/2018,20/05/2018,22.1400,3,0.00,6.4206,7.3800
11393,288,525,26/01/2018,23/02/2018,755.9440,7,0.20,66.1451,107.7920
11394,738,715,18/07/2018,16/08/2018,70.3680,4,0.20,26.3880,17.3920
11395,401,343,23/09/2018,11/10/2018,455.1000,2,0.00,100.1220,227.5500
11396,252,1408,15/06/2018,01/07/2018,881.9300,7,0.00,220.4825,125.9900
11397,50,816,11/02/2018,25/02/2018,328.7760,3,0.20,28.7679,109.3920
11398,520,605,12/11/2018,30/11/2018,84.9800,1,0.00,18.6956,84.9800
11399,523,1685,18/09/2018,23/09/2018,115.2960,3,0.20,40.3536,38.2320
11400,206,61,11/04/2018,05/05/2018,34.9500,5,0.00,15.3780,6.9900
11401,648,339,28/06/2018,21/07/2018,30.4400,2,0.00,14.9156,15.2200
11402,284,640,03/04/2018,22/04/2018,23.9040,6,0.20,7.7688,3.7840
11403,792,883,25/07/2018,29/07/2018,39.9800,1,0.00,17.9910,39.9800
11404,405,214,05/11/2018,17/11/2018,182.6700,3,0.00,52.9743,60.8900
11405,708,462,10/03/2018,01/04/2018,12.5440,2,0.20,4.7040,6.0720
11406,653,1367,04/04/2018,17/04/2018,28.2720,2,0.20,6.3612,13.9360
11407,726,280,14/07/2018,23/07/2018,6.5600,2,0.00,1.9024,3.2800
11408,505,436,09/05/2018,11/05/2018,215.5920,3,0.20,-48.5082,71.6640
11409,455,519,26/09/2018,04/10/2018,999.4320,7,0.20,124.9290,142.5760
11410,353,1295,04/03/2018,27/03/2018,163.4400,3,0.00,45.7632,54.4800
11411,8,1458,29/05/2018,17/06/2018,414.9600,2,0.00,124.4880,207.4800
11412,660,701,26/02/2018,10/03/2018,41.8800,6,0.00,0.8376,6.9800
11413,664,857,24/10/2018,19/11/2018,35.8080,4,0.20,12.5328,8.7520
11414,218,1429,19/03/2018,17/04/2018,12.9600,2,0.00,6.2208,6.4800
11415,154,396,30/10/2018,18/11/2018,56.6860,1,0.30,-14.5764,56.3860
11416,295,1390,30/08/2018,21/09/2018,10.4800,1,0.20,3.7990,10.2800
11417,10,1811,11/06/2018,02/07/2018,703.7100,6,0.70,-938.2800,116.5850
11418,194,1469,13/11/2018,15/11/2018,104.9700,3,0.00,7.3479,34.9900
11419,712,1753,23/09/2018,07/10/2018,71.9600,5,0.20,7.1960,14.1920
11420,144,1054,13/07/2018,14/07/2018,73.2000,5,0.00,21.2280,14.6400
11421,542,824,20/08/2018,16/09/2018,12.2240,2,0.20,4.4312,5.9120
11422,749,563,04/08/2018,14/08/2018,22.7200,4,0.00,10.2240,5.6800
11423,21,363,23/11/2018,27/11/2018,21.7200,5,0.20,7.8735,4.1440
11424,702,1777,27/01/2018,22/02/2018,6.2940,1,0.70,-4.1960,5.5940
11425,168,34,20/10/2018,05/11/2018,28.3520,1,0.20,9.5688,28.1520
11426,547,681,29/12/2018,22/01/2019,19.4400,3,0.00,9.3312,6.4800
11427,447,840,16/09/2018,26/09/2018,8.7200,4,0.00,2.8776,2.1800
11428,693,150,22/11/2018,08/12/2018,14.6200,2,0.00,6.8714,7.3100
11429,115,507,22/02/2018,25/02/2018,105.5840,2,0.20,9.2386,52.5920
11430,186,298,19/09/2018,03/10/2018,775.7280,6,0.20,58.1796,129.0880
11431,499,452,24/05/2018,20/06/2018,3812.9700,3,0.00,1906.4850,1270.9900
11432,167,330,06/04/2018,22/04/2018,31.1040,6,0.20,11.2752,4.9840
11433,552,1070,14/09/2018,09/10/2018,3.1680,2,0.20,-0.7128,1.3840
11434,633,1,04/03/2018,23/03/2018,314.3520,3,0.20,-15.7176,104.5840
11435,301,1347,08/06/2018,03/07/2018,245.8800,6,0.00,68.8464,40.9800
11436,668,918,28/07/2018,11/08/2018,26.4320,8,0.20,8.9208,3.1040
11437,219,697,19/04/2018,09/05/2018,15.7120,4,0.20,5.6956,3.7280
11438,447,833,12/12/2018,24/12/2018,51.5880,1,0.40,-15.4764,51.1880
11439,303,1009,20/10/2018,28/10/2018,23.5200,5,0.20,8.5260,4.5040
11440,375,1195,20/06/2018,03/07/2018,218.3520,3,0.20,-19.1058,72.5840
11441,67,280,08/09/2018,02/10/2018,22.9600,7,0.00,6.6584,3.2800
11442,22,638,22/06/2018,22/07/2018,266.3520,3,0.20,13.3176,88.5840
11443,705,615,14/07/2018,27/07/2018,20.1600,7,0.00,9.8784,2.8800
11444,612,173,19/08/2018,16/09/2018,291.9600,4,0.00,102.1860,72.9900
11445,344,1696,06/11/2018,24/11/2018,10.5000,5,0.00,2.9400,2.1000
11446,275,810,24/06/2018,26/06/2018,172.1860,2,0.30,-46.7362,85.7930
11447,466,1692,03/01/2018,20/01/2018,48.5760,3,0.20,9.7152,15.9920
11448,160,813,14/05/2018,17/05/2018,5.0400,2,0.20,1.7640,2.3200
11449,582,1476,05/03/2018,24/03/2018,5.5530,3,0.70,-4.0722,1.1510
11450,555,227,04/12/2018,22/12/2018,200.0640,3,0.20,12.5040,66.4880
11451,396,362,07/06/2018,01/07/2018,1199.9760,4,0.40,179.9964,299.5940
11452,526,641,15/03/2018,29/03/2018,45.5280,3,0.20,15.9348,14.9760
11453,607,280,03/11/2018,08/11/2018,7.8720,3,0.20,0.8856,2.4240
11454,591,1400,05/12/2018,12/12/2018,6.6800,2,0.00,2.0040,3.3400
11455,162,1495,01/10/2018,08/10/2018,149.9500,5,0.00,41.9860,29.9900
11456,644,223,22/01/2018,27/01/2018,63.6800,8,0.00,28.0192,7.9600
11457,267,677,12/01/2018,09/02/2018,17.5440,3,0.20,5.9211,5.6480
11458,245,703,14/06/2018,01/07/2018,13.6200,3,0.00,6.1290,4.5400
11459,452,165,24/04/2018,12/05/2018,60.7400,1,0.00,15.1850,60.7400
11460,713,1496,05/05/2018,11/05/2018,39.8400,8,0.00,18.3264,4.9800
11461,125,418,31/01/2018,03/02/2018,277.4000,5,0.00,133.1520,55.4800
11462,402,1592,22/05/2018,07/06/2018,68.4600,7,0.00,25.3302,9.7800
11463,502,199,05/10/2018,16/10/2018,41.6000,4,0.20,13.0000,10.2000
11464,759,1752,07/03/2018,16/03/2018,45.9800,1,0.00,7.8166,45.9800
11465,173,129,08/06/2018,22/06/2018,18.8640,9,0.20,6.1308,1.8960
11466,471,1214,07/10/2018,04/11/2018,11.9760,4,0.70,-9.1816,2.2940
11467,740,1387,19/03/2018,20/03/2018,28.7820,6,0.70,-21.1068,4.0970
11468,39,163,05/11/2018,26/11/2018,20.9400,3,0.00,9.8418,6.9800
11469,124,1154,07/02/2018,23/02/2018,195.6400,5,0.20,-44.0190,38.9280
11470,27,1026,19/01/2018,07/02/2018,7.7800,2,0.00,2.0228,3.8900
11471,565,1527,01/07/2018,07/07/2018,1415.7600,6,0.20,88.4850,235.7600
11472,669,1072,05/02/2018,13/02/2018,244.7680,4,0.20,24.4768,60.9920
11473,633,1499,09/12/2018,11/12/2018,28.8000,3,0.00,0.8640,9.6000
11474,758,46,02/03/2018,03/03/2018,254.3520,6,0.20,-50.8704,42.1920
11475,61,242,09/11/2018,01/12/2018,199.7500,5,0.00,87.8900,39.9500
11476,744,1647,13/11/2018,18/11/2018,35.4000,5,0.00,13.4520,7.0800
11477,288,709,08/08/2018,12/08/2018,13.0500,5,0.00,6.0030,2.6100
11478,344,221,19/11/2018,06/12/2018,12.9600,2,0.00,6.3504,6.4800
11479,326,810,04/10/2018,28/10/2018,885.5280,9,0.20,-99.6219,98.1920
11480,603,551,27/12/2018,12/01/2019,30.1440,2,0.20,3.0144,14.8720
11481,109,434,20/01/2018,09/02/2018,15.9840,2,0.20,1.1988,7.7920
11482,734,1015,23/05/2018,12/06/2018,46.0000,4,0.00,20.7000,11.5000
11483,22,1578,28/08/2018,30/08/2018,37.5900,3,0.00,17.6673,12.5300
11484,142,801,24/08/2018,22/09/2018,10.4160,7,0.20,-2.2134,1.2880
11485,82,1110,15/03/2018,09/04/2018,344.9400,3,0.00,31.0446,114.9800
11486,181,743,22/04/2018,14/05/2018,6.2400,2,0.00,3.0576,3.1200
11487,708,1016,26/09/2018,23/10/2018,37.1700,9,0.00,11.1510,4.1300
11488,488,1284,02/10/2018,14/10/2018,6.9920,2,0.20,0.5244,3.2960
11489,573,269,23/02/2018,27/02/2018,172.7640,2,0.10,32.6332,86.2820
11490,97,985,19/06/2018,14/07/2018,172.7640,2,0.10,13.4372,86.2820
11491,280,501,02/11/2018,22/11/2018,14.8500,5,0.40,-3.2175,2.5700
11492,633,698,17/07/2018,16/08/2018,296.7120,13,0.20,100.1403,22.6240
11493,328,1341,12/01/2018,02/02/2018,171.0400,4,0.00,44.4704,42.7600
11494,524,337,18/10/2018,26/10/2018,5.7680,2,0.80,-13.5548,2.0840
11495,715,375,16/01/2018,21/01/2018,24.4000,2,0.20,7.9300,12.0000
11496,201,954,14/12/2018,18/12/2018,114.5200,7,0.00,11.4520,16.3600
11497,755,1259,07/04/2018,16/04/2018,4.2240,3,0.20,1.4784,1.2080
11498,541,969,07/03/2018,15/03/2018,20.7360,4,0.20,7.2576,4.9840
11499,415,419,10/12/2018,17/12/2018,363.6480,4,0.20,-86.3664,90.7120
11500,602,1828,04/08/2018,01/09/2018,10.9440,2,0.20,0.9576,5.2720
11501,501,1169,18/06/2018,01/07/2018,54.7680,2,0.20,6.8460,27.1840
11502,280,367,01/01/2018,12/01/2018,279.9000,5,0.00,137.1510,55.9800
11503,712,1461,26/06/2018,24/07/2018,67.5600,3,0.20,6.7560,22.3200
11504,612,529,05/05/2018,13/05/2018,35.8080,3,0.20,11.1900,11.7360
11505,703,205,26/08/2018,23/09/2018,17.4500,5,0.00,8.0270,3.4900
11506,318,1016,01/02/2018,21/02/2018,16.5200,5,0.20,2.0650,3.1040
11507,147,1511,29/03/2018,24/04/2018,379.9600,5,0.20,47.4950,75.7920
11508,18,467,22/02/2018,18/03/2018,1332.4960,2,0.20,-299.8116,666.0480
11509,785,1379,01/06/2018,19/06/2018,9.2400,3,0.00,2.9568,3.0800
11510,325,555,05/11/2018,25/11/2018,3.3180,3,0.80,-5.6406,0.3060
11511,3,796,10/03/2018,27/03/2018,162.6000,3,0.00,34.1460,54.2000
11512,46,990,14/06/2018,29/06/2018,18.3360,2,0.70,-12.2240,8.4680
11513,156,116,22/06/2018,30/06/2018,841.5680,2,0.20,294.5488,420.5840
11514,10,1443,27/01/2018,21/02/2018,37.4000,2,0.00,14.2120,18.7000
11515,134,663,17/01/2018,25/01/2018,603.9200,5,0.20,75.4900,120.5840
11516,568,1700,16/12/2018,14/01/2019,208.4400,3,0.00,62.5320,69.4800
11517,371,761,07/08/2018,31/08/2018,59.7520,7,0.20,19.4194,8.3360
11518,141,654,24/10/2018,28/10/2018,11.2640,4,0.20,3.8016,2.6160
11519,617,584,09/06/2018,21/06/2018,139.9200,2,0.00,23.7864,69.9600
11520,174,1382,13/08/2018,09/09/2018,30.7680,2,0.20,8.0766,15.1840
11521,381,754,15/03/2018,24/03/2018,55.9360,8,0.20,18.8784,6.7920
11522,590,1687,15/02/2018,19/02/2018,6.2400,3,0.00,1.8720,2.0800
11523,559,543,18/10/2018,07/11/2018,62.9400,3,0.00,30.2112,20.9800
11524,371,840,07/10/2018,23/10/2018,3.4880,2,0.20,0.5668,1.5440
11525,190,506,14/12/2018,02/01/2019,10.3040,1,0.20,-2.1896,10.1040
11526,783,295,11/09/2018,02/10/2018,17.9000,5,0.00,8.9500,3.5800
11527,10,849,21/02/2018,11/03/2018,801.6000,5,0.50,-448.8960,159.8200
11528,699,834,25/10/2018,14/11/2018,286.9300,7,0.00,140.5957,40.9900
11529,631,154,05/10/2018,08/10/2018,68.4600,7,0.00,31.4916,9.7800
11530,267,880,28/04/2018,27/05/2018,195.1360,4,0.20,-43.9056,48.5840
11531,13,1427,19/10/2018,04/11/2018,195.7600,4,0.00,97.8800,48.9400
11532,80,516,30/09/2018,26/10/2018,7.2700,1,0.00,1.9629,7.2700
11533,524,712,21/10/2018,25/10/2018,31.1040,6,0.20,10.8864,4.9840
11534,706,222,01/05/2018,20/05/2018,1007.2320,6,0.20,75.5424,167.6720
11535,768,1688,09/04/2018,01/05/2018,1.4760,3,0.80,-2.2140,-0.3080
11536,166,1607,12/04/2018,03/05/2018,165.6000,3,0.20,-6.2100,55.0000
11537,527,1094,26/04/2018,01/05/2018,14.3680,2,0.20,3.9512,6.9840
11538,585,895,19/03/2018,09/04/2018,3.2000,2,0.00,1.3760,1.6000
11539,49,1397,19/08/2018,31/08/2018,180.9600,5,0.20,13.5720,35.9920
11540,61,740,17/06/2018,19/06/2018,11.8800,5,0.70,-7.9200,1.6760
11541,673,27,29/06/2018,15/07/2018,4404.9000,5,0.00,1013.1270,880.9800
11542,395,1361,04/03/2018,30/03/2018,10.0480,2,0.20,3.1400,4.8240
11543,90,1575,10/04/2018,24/04/2018,54.6600,6,0.00,18.0378,9.1100
11544,372,396,29/01/2018,28/02/2018,364.4100,5,0.10,8.0980,72.7820
11545,417,271,13/08/2018,24/08/2018,78.6000,5,0.70,-62.8800,15.0200
11546,568,992,22/12/2018,13/01/2019,18.2400,3,0.80,-31.0080,5.2800
11547,48,228,16/01/2018,30/01/2018,15.9600,2,0.00,7.9800,7.9800
11548,497,1478,08/02/2018,19/02/2018,14.6200,2,0.00,6.7252,7.3100
11549,773,928,05/12/2018,06/12/2018,10.3680,2,0.20,3.6288,4.9840
11550,393,78,07/07/2018,14/07/2018,1040.8000,5,0.00,281.0160,208.1600
11551,350,299,30/03/2018,18/04/2018,305.0100,9,0.00,76.2525,33.8900
11552,733,1429,23/03/2018,22/04/2018,41.4720,8,0.20,14.5152,4.9840
11553,683,365,16/04/2018,02/05/2018,29.0400,3,0.00,13.9392,9.6800
11554,46,897,03/11/2018,06/11/2018,46.8720,7,0.20,3.5154,6.4960
11555,477,1739,28/09/2018,20/10/2018,209.9860,2,0.30,8.9994,104.6930
11556,586,1314,28/11/2018,01/12/2018,959.9680,4,0.20,119.9960,239.7920
11557,361,1651,14/07/2018,16/07/2018,772.6800,5,0.20,-57.9510,154.3360
11558,5,1254,21/12/2018,09/01/2019,20.1040,1,0.20,1.7591,19.9040
11559,106,1630,27/08/2018,06/09/2018,385.8000,5,0.20,130.2075,76.9600
11560,57,566,27/09/2018,12/10/2018,108.9200,14,0.00,49.0140,7.7800
11561,608,149,06/04/2018,24/04/2018,5.3040,3,0.20,0.4641,1.5680
11562,302,501,08/04/2018,08/05/2018,14.8500,3,0.00,4.0095,4.9500
11563,672,999,15/12/2018,04/01/2019,20.9000,5,0.00,7.5240,4.1800
11564,746,1222,06/10/2018,11/10/2018,14.7600,4,0.00,6.9372,3.6900
11565,631,1463,08/09/2018,10/09/2018,8.8720,1,0.20,3.2161,8.6720
11566,423,1485,23/08/2018,01/09/2018,963.1360,4,0.20,108.3528,240.5840
11567,159,343,19/01/2018,15/02/2018,409.5900,3,0.40,-122.8770,136.1300
11568,661,885,11/05/2018,09/06/2018,19.9800,1,0.00,8.5914,19.9800
11569,747,34,08/05/2018,12/05/2018,19.9200,4,0.00,9.3624,4.9800
11570,2,527,07/12/2018,23/12/2018,20.2400,1,0.00,7.8936,20.2400
11571,70,423,28/07/2018,16/08/2018,62.6500,7,0.00,28.8190,8.9500
11572,648,395,11/08/2018,10/09/2018,45.6800,2,0.00,21.0128,22.8400
11573,607,15,22/09/2018,22/10/2018,110.0960,2,0.20,33.0288,54.8480
11574,608,893,02/04/2018,05/04/2018,67.9932,1,0.32,-12.9987,67.6732
11575,10,906,19/12/2018,14/01/2019,199.7640,2,0.10,8.8784,99.7820
11576,177,477,29/08/2018,18/09/2018,78.1500,1,0.00,34.3860,78.1500
11577,405,1242,27/06/2018,15/07/2018,20.5680,3,0.20,1.5426,6.6560
11578,280,1515,17/07/2018,05/08/2018,325.6320,6,0.20,28.4928,54.0720
11579,568,1213,01/07/2018,15/07/2018,16.0600,1,0.00,4.1756,16.0600
11580,276,1204,18/02/2018,20/03/2018,333.9990,3,0.15,3.9294,111.1830
11581,384,635,15/10/2018,09/11/2018,3.2730,1,0.70,-2.5093,2.5730
11582,611,292,07/09/2018,04/10/2018,603.9200,5,0.20,45.2940,120.5840
11583,332,861,26/03/2018,06/04/2018,422.6250,7,0.30,0.0000,60.0750
11584,676,949,13/08/2018,18/08/2018,363.9200,5,0.20,0.0000,72.5840
11585,255,905,16/12/2018,22/12/2018,112.1200,5,0.20,42.0450,22.2240
11586,140,654,21/04/2018,11/05/2018,1.4080,2,0.80,-2.3232,-0.0960
11587,691,1588,06/10/2018,07/10/2018,83.7000,5,0.00,41.0130,16.7400
11588,336,956,05/10/2018,26/10/2018,127.7850,1,0.30,-31.0335,127.4850
11589,616,275,14/01/2018,11/02/2018,94.8500,5,0.00,45.5280,18.9700
11590,744,81,31/08/2018,02/09/2018,68.4480,4,0.20,7.7004,16.9120
11591,463,405,03/06/2018,06/06/2018,2079.4000,5,0.00,582.2320,415.8800
11592,785,1508,10/03/2018,07/04/2018,1704.8900,11,0.00,767.2005,154.9900
11593,628,1233,17/10/2018,26/10/2018,2003.9200,5,0.20,-25.0490,400.5840
11594,130,71,01/02/2018,17/02/2018,389.9700,3,0.00,35.0973,129.9900
11595,352,1018,14/10/2018,04/11/2018,7.8000,3,0.00,2.1060,2.6000
11596,117,531,15/06/2018,19/06/2018,13.9040,2,0.20,4.5188,6.7520
11597,352,513,14/10/2018,12/11/2018,37.3760,8,0.20,4.6720,4.4720
11598,269,401,20/09/2018,29/09/2018,70.3680,2,0.20,6.1572,34.9840
11599,500,50,16/10/2018,22/10/2018,75.1800,6,0.00,35.3346,12.5300
11600,542,1015,20/02/2018,01/03/2018,23.0000,2,0.00,10.3500,11.5000
11601,676,1623,24/02/2018,05/03/2018,163.8800,2,0.00,40.9700,81.9400
11602,520,445,28/12/2018,19/01/2019,22.4280,3,0.70,-17.9424,6.7760
11603,223,880,05/05/2018,28/05/2018,195.1360,4,0.20,-43.9056,48.5840
11604,566,1117,26/04/2018,21/05/2018,9.8700,3,0.00,4.5402,3.2900
11605,402,1095,06/07/2018,03/08/2018,255.9680,4,0.20,51.1936,63.7920
11606,284,145,06/10/2018,23/10/2018,304.7760,3,0.20,22.8582,101.3920
11607,783,1188,04/06/2018,04/07/2018,37.6000,2,0.00,2.2560,18.8000
11608,337,1702,06/01/2018,26/01/2018,10.5600,2,0.00,5.0688,5.2800
11609,375,562,06/09/2018,25/09/2018,871.4000,4,0.00,148.1380,217.8500
11610,500,805,15/09/2018,06/10/2018,16.2000,3,0.00,7.7760,5.4000
11611,113,701,16/05/2018,27/05/2018,41.8800,6,0.00,0.8376,6.9800
11612,562,1345,03/03/2018,08/03/2018,37.6080,3,0.20,12.6927,12.3360
11613,344,1185,07/12/2018,10/12/2018,9.1840,7,0.20,2.8700,1.1120
11614,1,1712,19/08/2018,02/09/2018,64.8480,7,0.20,24.3180,9.0640
11615,40,575,22/10/2018,21/11/2018,299.9750,5,0.50,-167.9860,59.4950
11616,157,885,10/01/2018,12/01/2018,79.9200,4,0.00,34.3656,19.9800
11617,218,375,10/11/2018,05/12/2018,15.2500,1,0.00,7.0150,15.2500
11618,689,146,14/09/2018,03/10/2018,40.0320,6,0.20,12.5100,6.4720
11619,47,723,28/11/2018,18/12/2018,162.6400,2,0.00,45.5392,81.3200
11620,504,1308,21/05/2018,25/05/2018,3.2900,1,0.00,1.4805,3.2900
11621,231,469,28/07/2018,14/08/2018,1931.0400,9,0.10,321.8400,214.4600
11622,652,1079,02/04/2018,26/04/2018,1.8100,1,0.00,0.6516,1.8100
11623,647,1380,01/03/2018,11/03/2018,19.0400,4,0.00,9.3296,4.7600
11624,31,1602,22/01/2018,20/02/2018,8.4480,2,0.20,2.6400,4.0240
11625,669,370,11/10/2018,28/10/2018,47.9520,3,0.20,16.1838,15.7840
11626,615,465,07/06/2018,30/06/2018,598.4580,3,0.30,-42.7470,199.1860
11627,657,215,29/01/2018,25/02/2018,8.8800,5,0.80,-13.3200,0.9760
11628,604,1118,27/08/2018,19/09/2018,46.3840,2,0.20,5.2182,22.9920
11629,273,1349,22/08/2018,04/09/2018,670.7520,3,0.20,-125.7660,223.3840
11630,789,1295,18/06/2018,28/06/2018,381.3600,7,0.00,106.7808,54.4800
11631,298,570,10/03/2018,02/04/2018,182.9940,3,0.80,-320.2395,60.1980
11632,213,472,07/11/2018,12/11/2018,41.9200,5,0.20,3.6680,8.1840
11633,10,863,29/05/2018,08/06/2018,1.5040,1,0.20,0.1692,1.3040
11634,459,1571,18/04/2018,10/05/2018,17.2800,6,0.00,8.1216,2.8800
11635,145,946,20/01/2018,28/01/2018,35.8800,6,0.00,17.2224,5.9800
11636,333,543,02/06/2018,12/06/2018,33.5680,2,0.20,11.7488,16.5840
11637,319,965,06/11/2018,29/11/2018,419.9000,5,0.00,197.3530,83.9800
11638,401,779,14/10/2018,19/10/2018,63.3120,3,0.20,20.5764,20.9040
11639,333,620,08/06/2018,11/06/2018,258.6960,3,0.20,64.6740,86.0320
11640,568,452,21/11/2018,05/12/2018,2033.5840,2,0.20,762.5940,1016.5920
11641,64,1473,22/12/2018,01/01/2019,287.9700,3,0.00,80.6316,95.9900
11642,494,876,14/06/2018,30/06/2018,12.1440,3,0.20,4.0986,3.8480
11643,464,1156,29/03/2018,06/04/2018,409.2720,2,0.40,-81.8544,204.2360
11644,474,3,18/09/2018,26/09/2018,7.3100,1,0.00,3.4357,7.3100
11645,548,14,24/03/2018,10/04/2018,407.9760,3,0.20,132.5922,135.7920
11646,259,1284,27/09/2018,23/10/2018,17.4800,5,0.20,1.3110,3.2960
11647,404,273,10/06/2018,29/06/2018,32.4000,5,0.00,15.5520,6.4800
11648,325,1391,29/03/2018,03/04/2018,8.9520,2,0.80,-14.7708,3.6760
11649,363,843,31/01/2018,06/02/2018,5.7420,3,0.70,-4.5936,1.2140
11650,321,1258,07/08/2018,29/08/2018,427.6440,14,0.10,80.7772,30.4460
11651,440,1154,06/04/2018,28/04/2018,156.5120,4,0.20,-35.2152,38.9280
11652,541,715,07/01/2018,26/01/2018,140.7360,8,0.20,52.7760,17.3920
11653,203,1067,02/01/2018,28/01/2018,45.3600,7,0.00,21.7728,6.4800
11654,373,1217,06/02/2018,07/03/2018,39.9920,1,0.20,7.4985,39.7920
11655,512,703,28/06/2018,19/07/2018,4.5400,1,0.00,2.0430,4.5400
11656,380,334,12/11/2018,30/11/2018,479.0400,10,0.20,-29.9400,47.7040
11657,800,251,26/03/2018,31/03/2018,8.8200,2,0.00,4.0572,4.4100
11658,469,1584,22/01/2018,17/02/2018,415.1760,3,0.20,134.9322,138.1920
11659,520,1823,13/11/2018,20/11/2018,44.4600,5,0.60,-17.7840,8.2920
11660,623,756,04/03/2018,23/03/2018,4.4480,2,0.20,1.4456,2.0240
11661,74,1715,23/12/2018,17/01/2019,136.4640,2,0.20,15.3522,68.0320
11662,411,1104,27/07/2018,03/08/2018,6.4800,1,0.00,3.1104,6.4800
11663,8,361,09/01/2018,27/01/2018,60.6900,7,0.00,16.3863,8.6700
11664,517,1167,04/10/2018,07/10/2018,897.1500,3,0.00,251.2020,299.0500
11665,227,1290,05/11/2018,07/11/2018,547.1360,4,0.20,-68.3920,136.5840
11666,627,1023,12/03/2018,07/04/2018,32.2320,3,0.20,2.4174,10.5440
11667,186,737,22/09/2018,20/10/2018,73.7840,2,0.60,-77.4732,36.2920
11668,464,801,23/12/2018,25/12/2018,5.5800,3,0.00,0.1674,1.8600
11669,614,608,09/01/2018,10/01/2018,29.4600,6,0.00,14.4354,4.9100
11670,378,1286,31/12/2018,17/01/2019,34.3600,1,0.20,-7.3015,34.1600
11671,758,1129,01/12/2018,26/12/2018,47.8080,12,0.20,15.5376,3.7840
11672,543,227,10/04/2018,15/04/2018,200.0640,3,0.20,12.5040,66.4880
11673,484,743,04/07/2018,06/07/2018,2.8080,3,0.70,-1.9656,0.2360
11674,399,198,04/01/2018,25/01/2018,459.9500,5,0.00,18.3980,91.9900
11675,672,157,15/04/2018,22/04/2018,3059.9820,2,0.10,679.9960,1529.8910
11676,720,680,22/06/2018,28/06/2018,5.1600,2,0.00,1.3416,2.5800
11677,348,773,10/08/2018,24/08/2018,22.7400,3,0.00,8.8686,7.5800
11678,453,257,22/07/2018,12/08/2018,1.8720,3,0.70,-1.4352,-0.0760
11679,504,1826,24/03/2018,15/04/2018,4.7280,3,0.20,0.7092,1.3760
11680,212,361,06/03/2018,15/03/2018,17.3400,2,0.00,4.6818,8.6700
11681,208,214,30/08/2018,12/09/2018,85.2460,2,0.30,-1.2178,42.3230
11682,105,30,25/04/2018,06/05/2018,10.2000,5,0.00,4.7940,2.0400
11683,316,717,05/12/2018,13/12/2018,826.6200,3,0.00,355.4466,275.5400
11684,10,1135,20/06/2018,03/07/2018,22.7840,1,0.20,4.8416,22.5840
11685,195,791,25/09/2018,28/09/2018,83.1360,4,0.20,5.1960,20.5840
11686,689,7,18/09/2018,19/09/2018,4.3680,3,0.20,0.3822,1.2560
11687,405,1259,19/11/2018,01/12/2018,3.5200,2,0.00,1.6896,1.7600
11688,50,172,19/01/2018,28/01/2018,49.6320,4,0.20,3.7224,12.2080
11689,729,600,13/09/2018,04/10/2018,279.9600,4,0.00,78.3888,69.9900
11690,110,1691,02/10/2018,28/10/2018,23.8400,8,0.00,6.4368,2.9800
11691,669,1277,25/09/2018,05/10/2018,31.1040,6,0.20,10.8864,4.9840
11692,94,575,11/01/2018,12/01/2018,239.9800,2,0.00,52.7956,119.9900
11693,192,160,31/07/2018,30/08/2018,10.6880,2,0.20,2.2712,5.1440
11694,433,361,22/01/2018,08/02/2018,17.3400,2,0.00,4.6818,8.6700
11695,443,1510,22/02/2018,25/02/2018,286.9300,7,0.00,140.5957,40.9900
11696,473,976,30/10/2018,29/11/2018,64.7040,3,0.20,23.4552,21.3680
11697,133,924,03/03/2018,23/03/2018,60.9840,7,0.20,4.5738,8.5120
11698,95,652,26/10/2018,28/10/2018,1399.9300,7,0.00,601.9699,199.9900
11699,388,86,02/10/2018,30/10/2018,3.0800,1,0.00,1.4784,3.0800
11700,2,597,18/08/2018,13/09/2018,64.9600,2,0.00,21.4368,32.4800
11701,641,1551,22/10/2018,04/11/2018,12.3900,3,0.00,3.4692,4.1300
11702,80,1346,04/03/2018,25/03/2018,4912.5900,3,0.00,196.5036,1637.5300
11703,303,367,18/09/2018,17/10/2018,447.8400,8,0.00,219.4416,55.9800
11704,393,313,29/12/2018,02/01/2019,79.9200,10,0.20,26.9730,7.7920
11705,480,1047,28/08/2018,16/09/2018,290.6660,2,0.15,27.3568,145.1830
11706,587,929,09/01/2018,25/01/2018,183.8400,8,0.00,62.5056,22.9800
11707,557,1554,15/02/2018,25/02/2018,11.6400,3,0.00,3.3756,3.8800
11708,730,1551,05/03/2018,09/03/2018,16.5200,5,0.20,1.6520,3.1040
11709,456,858,11/01/2018,01/02/2018,8.2600,2,0.00,3.8822,4.1300
11710,34,956,06/12/2018,21/12/2018,91.2750,1,0.50,-67.5435,90.7750
11711,777,1291,05/05/2018,29/05/2018,33.3600,4,0.00,16.6800,8.3400
11712,209,916,23/02/2018,06/03/2018,15.4800,3,0.00,4.4892,5.1600
11713,599,761,28/06/2018,23/07/2018,10.6700,1,0.00,4.9082,10.6700
11714,99,953,04/08/2018,19/08/2018,99.9800,2,0.00,7.9984,49.9900
11715,343,300,22/11/2018,18/12/2018,674.3520,3,0.20,-109.5822,224.5840
11716,458,83,14/04/2018,27/04/2018,76.7920,1,0.20,-16.3183,76.5920
11717,323,1061,29/09/2018,06/10/2018,238.1520,3,0.20,89.3070,79.1840
11718,402,171,11/10/2018,26/10/2018,3.2800,1,0.00,1.4104,3.2800
11719,133,103,20/07/2018,02/08/2018,295.0560,9,0.20,106.9578,32.5840
11720,172,943,13/06/2018,20/06/2018,13.4800,2,0.00,6.7400,6.7400
11721,209,513,20/04/2018,17/05/2018,11.6800,2,0.00,3.5040,5.8400
11722,288,856,02/07/2018,31/07/2018,44.6880,7,0.20,3.3516,6.1840
11723,249,371,01/03/2018,11/03/2018,47.9600,5,0.20,4.1965,9.3920
11724,660,1354,18/06/2018,14/07/2018,69.5760,4,0.70,-143.7904,16.6940
11725,134,897,16/08/2018,03/09/2018,33.4800,4,0.00,8.7048,8.3700
11726,491,261,25/09/2018,15/10/2018,32.4000,5,0.00,15.5520,6.4800
11727,499,13,19/05/2018,23/05/2018,15.5520,3,0.20,5.4432,4.9840
11728,705,799,29/06/2018,07/07/2018,196.7040,6,0.20,68.8464,32.5840
11729,717,584,14/02/2018,21/02/2018,629.6400,9,0.00,107.0388,69.9600
11730,749,1299,11/12/2018,20/12/2018,116.8320,4,0.20,33.5892,29.0080
11731,619,1076,22/10/2018,19/11/2018,8.4480,2,0.20,2.9568,4.0240
11732,700,320,07/06/2018,15/06/2018,21.3000,5,0.00,8.7330,4.2600
11733,274,319,29/03/2018,02/04/2018,16.5200,4,0.00,7.5992,4.1300
11734,124,335,01/03/2018,04/03/2018,61.9600,2,0.00,27.8820,30.9800
11735,279,1046,17/09/2018,09/10/2018,28.6720,8,0.20,10.3936,3.3840
11736,45,653,31/12/2018,19/01/2019,26.7200,5,0.20,9.3520,5.1440
11737,69,1116,09/06/2018,20/06/2018,368.9100,9,0.00,180.7659,40.9900
11738,721,490,06/05/2018,05/06/2018,626.1000,3,0.50,-538.4460,208.2000
11739,741,1830,18/08/2018,04/09/2018,91.3600,5,0.20,29.6920,18.0720
11740,115,1505,27/07/2018,29/07/2018,35.9600,1,0.20,3.5960,35.7600
11741,146,1207,04/05/2018,27/05/2018,33.5680,2,0.20,1.6784,16.5840
11742,555,6,25/03/2018,06/04/2018,27.9200,4,0.00,8.0968,6.9800
11743,382,496,07/07/2018,14/07/2018,1871.8800,12,0.00,561.5640,155.9900
11744,260,97,13/04/2018,14/04/2018,27.6960,3,0.20,9.6936,9.0320
11745,1,1368,26/08/2018,16/09/2018,481.1760,2,0.40,-120.2940,240.1880
11746,312,901,26/05/2018,15/06/2018,88.0800,6,0.00,40.5168,14.6800
11747,222,899,27/05/2018,23/06/2018,1080.0960,6,0.20,-94.5084,179.8160
11748,359,502,20/10/2018,08/11/2018,8.8200,3,0.00,2.3814,2.9400
11749,14,248,15/01/2018,24/01/2018,47.9840,2,0.20,14.3952,23.7920
11750,48,849,17/03/2018,28/03/2018,480.9600,3,0.50,-269.3376,159.8200
11751,469,392,05/07/2018,22/07/2018,29.3280,3,0.20,3.6660,9.5760
11752,59,687,18/11/2018,27/11/2018,5.2480,2,0.20,0.5904,2.4240
11753,307,626,09/08/2018,11/08/2018,6.4700,5,0.80,-9.7050,0.4940
11754,684,224,24/03/2018,30/03/2018,279.8600,14,0.00,134.3328,19.9900
11755,234,1295,16/04/2018,22/04/2018,87.1680,8,0.80,-226.6368,10.0960
11756,747,212,30/07/2018,27/08/2018,87.9200,4,0.00,0.8792,21.9800
11757,235,1825,06/09/2018,22/09/2018,122.9400,3,0.00,30.7350,40.9800
11758,589,136,19/10/2018,22/10/2018,8.8200,3,0.00,2.3814,2.9400
11759,509,1226,05/10/2018,11/10/2018,57.5820,3,0.70,-44.1462,18.4940
11760,260,437,16/01/2018,18/01/2018,7.3800,2,0.00,3.3948,3.6900
11761,400,1593,14/12/2018,24/12/2018,47.9840,2,0.20,-1.1996,23.7920
11762,79,833,03/04/2018,26/04/2018,343.9200,4,0.00,75.6624,85.9800
11763,180,672,03/12/2018,30/12/2018,5.7600,2,0.00,1.6704,2.8800
11764,705,40,20/02/2018,05/03/2018,1113.5040,12,0.20,125.2692,92.5920
11765,762,234,15/11/2018,15/12/2018,247.1040,6,0.20,-58.6872,40.9840
11766,695,1544,21/04/2018,21/05/2018,7.8900,1,0.00,0.3156,7.8900
11767,58,68,15/02/2018,04/03/2018,379.4000,10,0.00,178.3180,37.9400
11768,392,51,05/12/2018,04/01/2019,43.1200,14,0.00,20.6976,3.0800
11769,796,1266,13/05/2018,19/05/2018,35.5200,4,0.00,9.9456,8.8800
11770,513,706,09/09/2018,29/09/2018,70.0080,3,0.20,24.5028,23.1360
11771,472,1809,02/12/2018,26/12/2018,315.2000,4,0.00,6.3040,78.8000
11772,791,1508,12/07/2018,07/08/2018,1704.8900,11,0.00,767.2005,154.9900
11773,99,1171,27/03/2018,07/04/2018,48.9100,1,0.00,22.9877,48.9100
11774,149,1050,20/03/2018,03/04/2018,254.3520,3,0.20,0.0000,84.5840
11775,704,700,24/09/2018,09/10/2018,17.4300,3,0.00,8.0178,5.8100
11776,304,1620,01/11/2018,01/12/2018,8749.9500,5,0.00,2799.9840,1749.9900
11777,43,1100,14/07/2018,25/07/2018,244.6150,1,0.30,20.9670,244.3150
11778,348,669,04/03/2018,26/03/2018,2973.3200,7,0.20,334.4985,424.5600
11779,599,59,25/07/2018,03/08/2018,36.3600,3,0.20,12.2715,11.9200
11780,495,1139,14/10/2018,01/11/2018,3999.9500,5,0.00,1159.9855,799.9900
11781,512,826,30/07/2018,20/08/2018,40.9680,3,0.20,13.8267,13.4560
11782,53,483,05/08/2018,31/08/2018,37.4080,7,0.20,13.0928,5.1440
11783,373,683,10/02/2018,11/02/2018,51.1500,5,0.00,13.2990,10.2300
11784,434,1705,05/05/2018,24/05/2018,116.9800,2,0.00,29.2450,58.4900
11785,530,398,26/09/2018,22/10/2018,2.9100,1,0.00,1.3677,2.9100
11786,318,546,20/07/2018,16/08/2018,31.4000,5,0.00,10.0480,6.2800
11787,156,107,04/08/2018,10/08/2018,475.9440,7,0.20,95.1888,67.7920
11788,735,1580,19/07/2018,23/07/2018,101.5200,5,0.20,19.0350,20.1040
11789,520,367,19/06/2018,21/06/2018,55.9800,1,0.00,27.4302,55.9800
11790,58,1154,22/07/2018,09/08/2018,146.7300,3,0.00,2.9346,48.9100
11791,198,1696,01/12/2018,16/12/2018,4.2000,2,0.00,1.1760,2.1000
11792,231,29,04/08/2018,02/09/2018,124.2000,3,0.20,15.5250,41.2000
11793,777,983,08/09/2018,19/09/2018,263.8800,3,0.20,42.8805,87.7600
11794,415,1513,25/04/2018,27/04/2018,129.9200,4,0.00,10.3936,32.4800
11795,504,326,17/10/2018,05/11/2018,4.7120,2,0.60,-1.8848,1.7560
11796,601,1251,25/10/2018,31/10/2018,64.8640,4,0.20,6.4864,16.0160
11797,475,1441,17/08/2018,06/09/2018,56.5680,2,0.60,-74.9526,27.6840
11798,487,682,15/03/2018,11/04/2018,59.9400,3,0.00,28.1718,19.9800
11799,399,246,10/01/2018,11/01/2018,47.9800,2,0.00,23.9900,23.9900
11800,377,199,17/03/2018,20/03/2018,31.2000,3,0.20,9.7500,10.2000
11801,203,84,09/07/2018,05/08/2018,105.6860,1,0.30,-28.6862,105.3860
11802,764,119,04/11/2018,18/11/2018,12.7800,1,0.00,5.7510,12.7800
11803,327,1136,15/06/2018,19/06/2018,1127.9760,3,0.20,126.8973,375.7920
11804,535,912,27/06/2018,05/07/2018,18.9000,3,0.00,8.6940,6.3000
11805,425,264,26/02/2018,28/03/2018,10.2300,3,0.00,4.9104,3.4100
11806,76,1135,26/01/2018,23/02/2018,142.4000,5,0.00,52.6880,28.4800
11807,550,800,12/09/2018,10/10/2018,4.4160,3,0.20,1.6008,1.2720
